order_id,customer_id,order_date,order_status,shipping_city,shipping_state,shipping_country
ORD-1000000,,2026-03-17,delivered,Austin,Texas,United States
ORD-1000001,,2024-09-23,DELIVERED,Seattle,wa,United States
ORD-1000002,,2024-06-26,DELIVERED,Denver,CO,United States
ORD-1000003,,2026-06-30,shipped,Chicago,IL,United States
ORD-1000004,,2025-03-09,CONFIRMED,Boston,Massachusetts,United States
ORD-1000005,,2025-02-06,PENDING,Miami,fl,United States
ORD-1000006,,2025-01-15,cancelled,Phoenix,AZ,United States
ORD-1000007,,2024-10-21,DELIVERED,Portland,OR,United States
ORD-1000008,,2026-06-25,DELIVERED,Atlanta,Georgia,United States
ORD-1000009,,2024-09-13,delivered,Dallas,tx,United States
ORD-1000010,,2026-04-24,SHIPPED,San Diego,CA,United States
ORD-1000011,,2026-06-29,CONFIRMED,Minneapolis,MN,United States
ORD-1000012,,2025-12-11,pending,Nashville,Tennessee,United States
ORD-1000013,,2024-08-29,CANCELLED,Charlotte,nc,United States
ORD-1000014,,2026-01-26,DELIVERED,Columbus,OH,United States
ORD-1000015,,2025-08-07,delivered,Toronto,ON,Canada
ORD-1000016,,2024-07-03,DELIVERED,Vancouver,British Columbia,Canada
ORD-1000017,,2024-07-01,SHIPPED,London,eng,United Kingdom
ORD-1000018,,2024-09-04,confirmed,Manchester,ENG,United Kingdom
ORD-1000019,,2025-01-10,PENDING,Mumbai,MH,India
ORD-1000020,CUST-DOES-NOT-EXIST,2025-01-25,CANCELLED,Pune,Maharashtra,IN
ORD-1000021,CUST-DOES-NOT-EXIST,2025-10-31,delivered,Bengaluru,ka,India
ORD-1000022,CUST-DOES-NOT-EXIST,2026-02-07,DELIVERED,Austin,TX,United States
ORD-1000023,CUST-DOES-NOT-EXIST,2024-06-28,DELIVERED,Seattle,WA,United States
ORD-1000024,CUST-DOES-NOT-EXIST,2025-12-27,shipped,Denver,Colorado,United States
ORD-1000025,CUST-DOES-NOT-EXIST,2024-12-21,CONFIRMED,Chicago,il,United States
ORD-1000026,CUST-DOES-NOT-EXIST,2026-06-04,PENDING,Boston,MA,United States
ORD-1000027,CUST-DOES-NOT-EXIST,2026-03-28,cancelled,Miami,FL,United States
ORD-1000028,CUST-DOES-NOT-EXIST,2026-05-20,DELIVERED,Phoenix,Arizona,United States
ORD-1000029,CUST-DOES-NOT-EXIST,2025-12-11,DELIVERED,Portland,or,United States
ORD-1000030,CUST-DOES-NOT-EXIST,2025-08-04,delivered,Atlanta,GA,United States
ORD-1000031,CUST-DOES-NOT-EXIST,2025-01-12,SHIPPED,Dallas,TX,United States
ORD-1000032,CUST-DOES-NOT-EXIST,2025-09-03,CONFIRMED,San Diego,California,United States
ORD-1000033,CUST-DOES-NOT-EXIST,2026-01-25,pending,Minneapolis,mn,United States
ORD-1000034,CUST-DOES-NOT-EXIST,2025-03-12,CANCELLED,Nashville,TN,United States
ORD-1000035,CUST-DOES-NOT-EXIST,2026-09-07,DELIVERED,Charlotte,NC,United States
ORD-1000036,CUST-DOES-NOT-EXIST,2024-06-07,delivered,Columbus,Ohio,United States
ORD-1000037,CUST-DOES-NOT-EXIST,2026-07-18,DELIVERED,Toronto,on,Canada
ORD-1000038,CUST-DOES-NOT-EXIST,2026-09-04,SHIPPED,Vancouver,BC,Canada
ORD-1000039,CUST-DOES-NOT-EXIST,2024-11-11,confirmed,London,ENG,United Kingdom
ORD-1000040,CUST-DOES-NOT-EXIST,2026-05-16,PENDING,Manchester,England,UK
ORD-1000041,CUST-DOES-NOT-EXIST,2025-08-07,CANCELLED,Mumbai,mh,India
ORD-1000042,CUST-DOES-NOT-EXIST,2025-05-15,delivered,Pune,MH,India
ORD-1000043,CUST-DOES-NOT-EXIST,2025-03-12,DELIVERED,Bengaluru,KA,India
ORD-1000044,CUST-DOES-NOT-EXIST,2024-11-07,DELIVERED,Austin,Texas,United States
ORD-1000045,CUST-100086,2024-13-40,shipped,Seattle,wa,United States
ORD-1000046,CUST-100087,15/01/2024,CONFIRMED,Denver,CO,United States
ORD-1000047,CUST-100088,yesterday,PENDING,Chicago,IL,United States
ORD-1000048,CUST-100089,2024-02-31,cancelled,Boston,Massachusetts,United States
ORD-1000049,CUST-100090,00-00-0000,DELIVERED,Miami,fl,United States
ORD-1000050,CUST-100091,2026/09/01,DELIVERED,Phoenix,AZ,United States
ORD-1000051,CUST-100092,2024-13-40,delivered,Portland,OR,United States
ORD-1000052,CUST-100093,15/01/2024,SHIPPED,Atlanta,Georgia,United States
ORD-1000053,CUST-100094,yesterday,CONFIRMED,Dallas,tx,United States
ORD-1000054,CUST-100095,2024-02-31,pending,San Diego,CA,United States
ORD-1000055,CUST-100096,00-00-0000,CANCELLED,Minneapolis,MN,United States
ORD-1000056,CUST-100097,2026/09/01,DELIVERED,Nashville,Tennessee,United States
ORD-1000057,CUST-100098,2024-07-15,RETURNED,Charlotte,nc,United States
ORD-1000058,CUST-100099,2026-06-18,HOLD,Columbus,OH,United States
ORD-1000059,CUST-100100,2025-09-14,unknown,Toronto,ON,Canada
ORD-1000060,CUST-100101,2025-12-02,IN_TRANSIT,Vancouver,British Columbia,Canada
ORD-1000061,CUST-100102,2024-10-06,lost,London,eng,United Kingdom
ORD-1000062,CUST-100103,2025-06-23,,Manchester,ENG,United Kingdom
ORD-1000063,CUST-100104,2024-08-20,RETURNED,Mumbai,MH,India
ORD-1000064,CUST-100105,2025-12-18,HOLD,Pune,Maharashtra,India
ORD-1000065,CUST-100106,2025-03-28,unknown,Bengaluru,ka,IN
ORD-1000066,CUST-100107,2026-03-06,IN_TRANSIT,Austin,TX,United States
ORD-1000067,CUST-100108,2026-02-24,lost,Seattle,WA,United States
ORD-1000068,CUST-100109,2025-06-06,,Denver,Colorado,United States
ORD-1000069,CUST-100110,2026-01-13,RETURNED,Chicago,il,United States
ORD-1000070,CUST-100111,2024-12-14,HOLD,Boston,MA,United States
ORD-1000071,CUST-100112,2026-05-23,unknown,Miami,FL,United States
ORD-1000072,CUST-100113,2024-08-11,IN_TRANSIT,Phoenix,Arizona,United States
ORD-1000073,CUST-100114,2024-07-17,lost,Portland,or,United States
ORD-1000074,CUST-100115,2026-04-09,,Atlanta,GA,United States
ORD-1000075,CUST-100116,2025-01-20,RETURNED,Dallas,TX,United States
ORD-1000076,CUST-100117,2026-08-01,HOLD,San Diego,California,United States
ORD-1000077,CUST-100118,2025-03-24,unknown,Minneapolis,mn,United States
ORD-1000078,CUST-100119,2024-08-21,IN_TRANSIT,Nashville,TN,United States
ORD-1000079,CUST-100120,2025-01-25,lost,Charlotte,NC,United States
ORD-1000080,CUST-100121,2024-09-12,,Columbus,Ohio,United States
ORD-1000081,CUST-100122,2025-06-25,RETURNED,Toronto,on,Canada
ORD-1000082,CUST-100123,2020-01-15,DELIVERED,Vancouver,BC,Canada
ORD-1000083,CUST-100124,2020-01-15,DELIVERED,London,ENG,United Kingdom
ORD-1000084,CUST-100125,2020-01-15,DELIVERED,Manchester,England,United Kingdom
ORD-1000085,CUST-100126,2020-01-15,DELIVERED,Mumbai,mh,india
ORD-1000086,CUST-100127,2020-01-15,DELIVERED,Pune,MH,India
ORD-1000087,CUST-100128,2020-01-15,DELIVERED,Bengaluru,KA,India
ORD-1000088,CUST-100129,2020-01-15,DELIVERED,Austin,Texas,United States
ORD-1000089,CUST-100130,2020-01-15,DELIVERED,Seattle,wa,United States
ORD-1000090,CUST-100131,2020-01-15,DELIVERED,Denver,CO,United States
ORD-1000091,CUST-100132,2020-01-15,DELIVERED,Chicago,IL,United States
ORD-1000092,CUST-100133,2026-05-20,DELIVERED,Boston,Massachusetts,United States
ORD-1000093,CUST-100134,2026-05-01,delivered,Miami,fl,United States
ORD-1000094,CUST-100135,2026-03-26,SHIPPED,Phoenix,AZ,United States
ORD-1000095,CUST-100136,2024-08-13,CONFIRMED,Portland,OR,United States
ORD-1000096,CUST-100137,2026-02-14,pending,Atlanta,Georgia,United States
ORD-1000097,CUST-100138,2026-03-13,CANCELLED,Dallas,tx,United States
ORD-1000098,CUST-100139,2024-11-23,DELIVERED,San Diego,CA,United States
ORD-1000099,CUST-100140,2025-11-29,delivered,Minneapolis,MN,United States
ORD-1000100,CUST-100141,2026-06-17,DELIVERED,Nashville,Tennessee,United States
ORD-1000101,CUST-100142,2025-02-06,SHIPPED,Charlotte,nc,United States
ORD-1000102,CUST-100143,2024-11-15,confirmed,Columbus,OH,United States
ORD-1000103,CUST-100144,2025-09-17,PENDING,Toronto,ON,Canada
ORD-1000104,CUST-100145,2025-06-24,CANCELLED,Vancouver,British Columbia,Canada
ORD-1000105,CUST-100146,2025-03-04,delivered,London,eng,United Kingdom
ORD-1000106,CUST-100147,2026-03-18,DELIVERED,Manchester,ENG,United Kingdom
ORD-1000107,CUST-100148,2026-05-06,DELIVERED,Mumbai,MH,India
ORD-1000108,CUST-100149,2025-12-23,shipped,Pune,Maharashtra,India
ORD-1000109,CUST-100150,2025-01-11,CONFIRMED,Bengaluru,ka,India
ORD-1000110,CUST-100151,2026-05-03,PENDING,Austin,TX,United States
ORD-1000111,CUST-100152,2025-04-29,cancelled,Seattle,WA,United States
ORD-1000112,CUST-100153,2026-07-27,DELIVERED,Denver,Colorado,United States
ORD-1000113,CUST-100154,2026-08-04,DELIVERED,Chicago,il,United States
ORD-1000114,CUST-100155,2024-07-28,delivered,Boston,MA,United States
ORD-1000115,CUST-100156,2025-01-21,SHIPPED,Miami,FL,United States
ORD-1000116,CUST-100157,2024-07-03,CONFIRMED,Phoenix,Arizona,United States
ORD-1000117,CUST-100158,2026-09-03,pending,Portland,or,United States
ORD-1000118,CUST-100159,2025-04-20,CANCELLED,Atlanta,GA,United States
ORD-1000119,CUST-100160,2025-07-16,DELIVERED,Dallas,TX,United States
ORD-1000120,CUST-100161,2025-03-02,delivered,San Diego,California,United States
ORD-1000121,CUST-100162,2024-08-07,DELIVERED,Minneapolis,mn,United States
ORD-1000122,CUST-100163,2025-01-03,SHIPPED,Nashville,TN,United States
ORD-1000123,CUST-100164,2026-01-02,confirmed,Charlotte,NC,United States
ORD-1000124,CUST-100165,2026-06-06,PENDING,Columbus,Ohio,United States
ORD-1000125,CUST-100166,2025-04-19,CANCELLED,Toronto,on,CA
ORD-1000126,CUST-100167,2025-01-04,delivered,Vancouver,BC,Canada
ORD-1000127,CUST-100168,2026-04-03,DELIVERED,London,ENG,United Kingdom
ORD-1000128,CUST-100169,2025-10-25,DELIVERED,Manchester,England,United Kingdom
ORD-1000129,CUST-100170,2025-07-11,shipped,Mumbai,mh,India
ORD-1000130,CUST-100171,2026-03-21,CONFIRMED,Pune,MH,india
ORD-1000131,CUST-100172,2025-09-13,PENDING,Bengaluru,KA,India
ORD-1000132,CUST-100173,2024-10-25,cancelled,Austin,Texas,United States
ORD-1000133,CUST-100174,2025-02-27,DELIVERED,Seattle,wa,United States
ORD-1000134,CUST-100175,2024-10-21,DELIVERED,Denver,CO,United States
ORD-1000135,CUST-100176,2025-02-08,delivered,Chicago,IL,United States
ORD-1000136,CUST-100177,2026-07-03,SHIPPED,Boston,Massachusetts,United States
ORD-1000137,CUST-100178,2025-12-27,CONFIRMED,Miami,fl,United States
ORD-1000138,CUST-100179,2025-12-04,pending,Phoenix,AZ,United States
ORD-1000139,CUST-100180,2025-02-25,CANCELLED,Portland,OR,United States
ORD-1000140,CUST-100181,2026-07-05,DELIVERED,Atlanta,Georgia,United States
ORD-1000141,CUST-100182,2026-01-20,delivered,Dallas,tx,United States
ORD-1000142,CUST-100183,2025-08-13,DELIVERED,San Diego,CA,United States
ORD-1000143,CUST-100184,2026-01-19,SHIPPED,Minneapolis,MN,United States
ORD-1000144,CUST-100185,2025-07-14,confirmed,Nashville,Tennessee,United States
ORD-1000145,CUST-100186,2025-06-06,PENDING,Charlotte,nc,United States
ORD-1000146,CUST-100187,2025-01-11,CANCELLED,Columbus,OH,United States
ORD-1000147,CUST-100188,2024-10-20,delivered,Toronto,ON,Canada
ORD-1000148,CUST-100189,2025-11-04,DELIVERED,Vancouver,British Columbia,Canada
ORD-1000149,CUST-100190,2025-10-19,DELIVERED,London,eng,United Kingdom
ORD-1000150,CUST-100191,2024-09-02,shipped,Manchester,ENG,United Kingdom
ORD-1000151,CUST-100192,2026-07-14,CONFIRMED,Mumbai,MH,India
ORD-1000152,CUST-100193,2024-07-19,PENDING,Pune,Maharashtra,India
ORD-1000153,CUST-100194,2024-09-21,cancelled,Bengaluru,ka,India
ORD-1000154,CUST-100195,2024-11-04,DELIVERED,Austin,TX,United States
ORD-1000155,CUST-100196,2026-03-05,DELIVERED,Seattle,WA,United States
ORD-1000156,CUST-100197,2024-11-11,delivered,Denver,Colorado,United States
ORD-1000157,CUST-100198,2026-08-21,SHIPPED,Chicago,il,United States
ORD-1000158,CUST-100199,2026-04-28,CONFIRMED,Boston,MA,United States
ORD-1000159,CUST-100200,2025-08-07,pending,Miami,FL,United States
ORD-1000160,CUST-100201,2026-02-01,CANCELLED,Phoenix,Arizona,United States
ORD-1000161,CUST-100202,2024-08-05,DELIVERED,Portland,or,United States
ORD-1000162,CUST-100203,2025-06-30,delivered,Atlanta,GA,United States
ORD-1000163,CUST-100204,2025-06-26,DELIVERED,Dallas,TX,United States
ORD-1000164,CUST-100205,2026-02-01,SHIPPED,San Diego,California,United States
ORD-1000165,CUST-100206,2025-09-23,confirmed,Minneapolis,mn,United States
ORD-1000166,CUST-100207,2025-11-24,PENDING,Nashville,TN,United States
ORD-1000167,CUST-100208,2025-02-13,CANCELLED,Charlotte,NC,United States
ORD-1000168,CUST-100209,2025-12-19,delivered,Columbus,Ohio,United States
ORD-1000169,CUST-100210,2024-06-12,DELIVERED,Toronto,on,Canada
ORD-1000170,CUST-100211,2026-04-28,DELIVERED,Vancouver,BC,CA
ORD-1000171,CUST-100212,2026-06-09,shipped,London,ENG,United Kingdom
ORD-1000172,CUST-100213,2024-09-26,CONFIRMED,Manchester,England,United Kingdom
ORD-1000173,CUST-100214,2026-04-30,PENDING,Mumbai,mh,India
ORD-1000174,CUST-100215,2025-12-02,cancelled,Pune,MH,India
ORD-1000175,CUST-100216,2026-07-09,DELIVERED,Bengaluru,KA,india
ORD-1000176,CUST-100217,2025-03-01,DELIVERED,Austin,Texas,United States
ORD-1000177,CUST-100218,2026-07-28,delivered,Seattle,wa,United States
ORD-1000178,CUST-100219,2026-03-19,SHIPPED,Denver,CO,United States
ORD-1000179,CUST-100220,2025-05-15,CONFIRMED,Chicago,IL,United States
ORD-1000180,CUST-100221,2024-09-23,pending,Boston,Massachusetts,United States
ORD-1000181,CUST-100222,2025-03-28,CANCELLED,Miami,fl,United States
ORD-1000182,CUST-100223,2025-08-20,DELIVERED,Phoenix,AZ,United States
ORD-1000183,CUST-100224,2024-11-09,delivered,Portland,OR,United States
ORD-1000184,CUST-100225,2025-09-08,DELIVERED,Atlanta,Georgia,United States
ORD-1000185,CUST-100226,2024-06-04,SHIPPED,Dallas,tx,United States
ORD-1000186,CUST-100227,2026-06-10,confirmed,San Diego,CA,United States
ORD-1000187,CUST-100228,2026-06-07,PENDING,Minneapolis,MN,United States
ORD-1000188,CUST-100229,2025-02-25,CANCELLED,Nashville,Tennessee,United States
ORD-1000189,CUST-100230,2025-10-26,delivered,Charlotte,nc,United States
ORD-1000190,CUST-100231,2026-07-21,DELIVERED,Columbus,OH,United States
ORD-1000191,CUST-100232,2024-11-30,DELIVERED,Toronto,ON,Canada
ORD-1000192,CUST-100233,2025-11-02,shipped,Vancouver,British Columbia,Canada
ORD-1000193,CUST-100234,2024-09-17,CONFIRMED,London,eng,United Kingdom
ORD-1000194,CUST-100235,2026-03-03,PENDING,Manchester,ENG,United Kingdom
ORD-1000195,CUST-100236,2025-04-02,cancelled,Mumbai,MH,India
ORD-1000196,CUST-100237,2026-03-17,DELIVERED,Pune,Maharashtra,India
ORD-1000197,CUST-100238,2025-11-02,DELIVERED,Bengaluru,ka,India
ORD-1000198,CUST-100239,2026-02-14,delivered,Austin,TX,United States
ORD-1000199,CUST-100240,2024-12-21,SHIPPED,Seattle,WA,United States
ORD-1000200,CUST-100241,2024-11-04,CONFIRMED,Denver,Colorado,United States
ORD-1000201,CUST-100242,2025-06-18,pending,Chicago,il,United States
ORD-1000202,CUST-100243,2026-07-21,CANCELLED,Boston,MA,United States
ORD-1000203,CUST-100244,2024-11-13,DELIVERED,Miami,FL,United States
ORD-1000204,CUST-100245,2025-12-05,delivered,Phoenix,Arizona,United States
ORD-1000205,CUST-100246,2026-08-07,DELIVERED,Portland,or,United States
ORD-1000206,CUST-100247,2025-11-26,SHIPPED,Atlanta,GA,United States
ORD-1000207,CUST-100248,2024-06-01,confirmed,Dallas,TX,United States
ORD-1000208,CUST-100249,2026-02-04,PENDING,San Diego,California,United States
ORD-1000209,CUST-100250,2025-04-28,CANCELLED,Minneapolis,mn,United States
ORD-1000210,CUST-100251,2025-10-14,delivered,Nashville,TN,United States
ORD-1000211,CUST-100252,2024-06-20,DELIVERED,Charlotte,NC,United States
ORD-1000212,CUST-100253,2024-09-23,DELIVERED,Columbus,Ohio,United States
ORD-1000213,CUST-100254,2025-06-07,shipped,Toronto,on,Canada
ORD-1000214,CUST-100255,2026-09-05,CONFIRMED,Vancouver,BC,Canada
ORD-1000215,CUST-100256,2025-04-11,PENDING,London,ENG,uk
ORD-1000216,CUST-100257,2025-02-01,cancelled,Manchester,England,United Kingdom
ORD-1000217,CUST-100258,2024-07-30,DELIVERED,Mumbai,mh,India
ORD-1000218,CUST-100259,2025-02-02,DELIVERED,Pune,MH,India
ORD-1000219,CUST-100260,2026-01-02,delivered,Bengaluru,KA,India
ORD-1000220,CUST-100261,2024-08-20,SHIPPED,Austin,Texas,United States
ORD-1000221,CUST-100262,2024-08-27,CONFIRMED,Seattle,wa,United States
ORD-1000222,CUST-100263,2026-06-20,pending,Denver,CO,United States
ORD-1000223,CUST-100264,2025-10-11,CANCELLED,Chicago,IL,United States
ORD-1000224,CUST-100265,2026-09-14,DELIVERED,Boston,Massachusetts,United States
ORD-1000225,CUST-100266,2024-08-10,delivered,Miami,fl,United States
ORD-1000226,CUST-100267,2026-07-19,DELIVERED,Phoenix,AZ,United States
ORD-1000227,CUST-100268,2025-11-28,SHIPPED,Portland,OR,United States
ORD-1000228,CUST-100269,2026-07-25,confirmed,Atlanta,Georgia,United States
ORD-1000229,CUST-100270,2024-10-07,PENDING,Dallas,tx,United States
ORD-1000230,CUST-100271,2024-10-10,CANCELLED,San Diego,CA,United States
ORD-1000231,CUST-100272,2026-04-07,delivered,Minneapolis,MN,United States
ORD-1000232,CUST-100273,2025-09-30,DELIVERED,Nashville,Tennessee,United States
ORD-1000233,CUST-100274,2025-12-15,DELIVERED,Charlotte,nc,United States
ORD-1000234,CUST-100275,2024-11-17,shipped,Columbus,OH,United States
ORD-1000235,CUST-100276,2025-02-27,CONFIRMED,Toronto,ON,canada
ORD-1000236,CUST-100277,2025-11-23,PENDING,Vancouver,British Columbia,Canada
ORD-1000237,CUST-100278,2026-02-12,cancelled,London,eng,United Kingdom
ORD-1000238,CUST-100279,2025-08-08,DELIVERED,Manchester,ENG,United Kingdom
ORD-1000239,CUST-100280,2025-01-03,DELIVERED,Mumbai,MH,India
ORD-1000240,CUST-100281,2025-12-05,delivered,Pune,Maharashtra,India
ORD-1000241,CUST-100282,2026-07-14,SHIPPED,Bengaluru,ka,India
ORD-1000242,CUST-100283,2026-06-18,CONFIRMED,Austin,TX,United States
ORD-1000243,CUST-100284,2026-05-08,pending,Seattle,WA,United States
ORD-1000244,CUST-100285,2024-12-23,CANCELLED,Denver,Colorado,United States
ORD-1000245,CUST-100286,2026-06-01,DELIVERED,Chicago,il,United States
ORD-1000246,CUST-100287,2025-04-16,delivered,Boston,MA,United States
ORD-1000247,CUST-100288,2025-07-14,DELIVERED,Miami,FL,United States
ORD-1000248,CUST-100289,2026-04-19,SHIPPED,Phoenix,Arizona,United States
ORD-1000249,CUST-100290,2026-03-28,confirmed,Portland,or,United States
ORD-1000250,CUST-100291,2025-06-18,PENDING,Atlanta,GA,United States
ORD-1000251,CUST-100292,2025-08-23,CANCELLED,Dallas,TX,United States
ORD-1000252,CUST-100293,2025-11-12,delivered,San Diego,California,United States
ORD-1000253,CUST-100294,2025-09-06,DELIVERED,Minneapolis,mn,United States
ORD-1000254,CUST-100295,2024-10-02,DELIVERED,Nashville,TN,United States
ORD-1000255,CUST-100296,2025-02-09,shipped,Charlotte,NC,United States
ORD-1000256,CUST-100297,2025-01-17,CONFIRMED,Columbus,Ohio,United States
ORD-1000257,CUST-100298,2024-08-05,PENDING,Toronto,on,Canada
ORD-1000258,CUST-100299,2025-05-13,cancelled,Vancouver,BC,Canada
ORD-1000259,CUST-100300,2024-06-22,DELIVERED,London,ENG,United Kingdom
ORD-1000260,CUST-100301,2026-01-24,DELIVERED,Manchester,England,uk
ORD-1000261,CUST-100302,2025-12-20,delivered,Mumbai,mh,India
ORD-1000262,CUST-100303,2025-01-22,SHIPPED,Pune,MH,India
ORD-1000263,CUST-100304,2026-01-24,CONFIRMED,Bengaluru,KA,India
ORD-1000264,CUST-100305,2025-01-12,pending,Austin,Texas,United States
ORD-1000265,CUST-100306,2024-06-08,CANCELLED,Seattle,wa,United States
ORD-1000266,CUST-100307,2024-08-12,DELIVERED,Denver,CO,United States
ORD-1000267,CUST-100308,2026-05-26,delivered,Chicago,IL,United States
ORD-1000268,CUST-100309,2026-03-09,DELIVERED,Boston,Massachusetts,United States
ORD-1000269,CUST-100310,2024-07-31,SHIPPED,Miami,fl,United States
ORD-1000270,CUST-100311,2025-01-21,confirmed,Phoenix,AZ,United States
ORD-1000271,CUST-100312,2024-08-09,PENDING,Portland,OR,United States
ORD-1000272,CUST-100313,2024-07-03,CANCELLED,Atlanta,Georgia,United States
ORD-1000273,CUST-100314,2025-05-05,delivered,Dallas,tx,United States
ORD-1000274,CUST-100315,2024-08-12,DELIVERED,San Diego,CA,United States
ORD-1000275,CUST-100316,2025-11-09,DELIVERED,Minneapolis,MN,United States
ORD-1000276,CUST-100317,2025-01-30,shipped,Nashville,Tennessee,United States
ORD-1000277,CUST-100318,2025-03-13,CONFIRMED,Charlotte,nc,United States
ORD-1000278,CUST-100319,2026-04-17,PENDING,Columbus,OH,United States
ORD-1000279,CUST-100320,2025-10-11,cancelled,Toronto,ON,Canada
ORD-1000280,CUST-100321,2025-01-06,DELIVERED,Vancouver,British Columbia,canada
ORD-1000281,CUST-100322,2025-12-05,DELIVERED,London,eng,United Kingdom
ORD-1000282,CUST-100323,2024-10-14,delivered,Manchester,ENG,United Kingdom
ORD-1000283,CUST-100324,2026-06-11,SHIPPED,Mumbai,MH,India
ORD-1000284,CUST-100325,2026-01-06,CONFIRMED,Pune,Maharashtra,India
ORD-1000285,CUST-100326,2026-01-12,pending,Bengaluru,ka,India
ORD-1000286,CUST-100327,2025-09-28,CANCELLED,Austin,TX,United States
ORD-1000287,CUST-100328,2025-02-04,DELIVERED,Seattle,WA,United States
ORD-1000288,CUST-100329,2026-08-13,delivered,Denver,Colorado,United States
ORD-1000289,CUST-100330,2025-09-28,DELIVERED,Chicago,il,United States
ORD-1000290,CUST-100331,2026-09-05,SHIPPED,Boston,MA,United States
ORD-1000291,CUST-100332,2025-07-22,confirmed,Miami,FL,United States
ORD-1000292,CUST-100333,2024-12-12,PENDING,Phoenix,Arizona,United States
ORD-1000293,CUST-100334,2024-09-05,CANCELLED,Portland,or,United States
ORD-1000294,CUST-100335,2024-09-08,delivered,Atlanta,GA,United States
ORD-1000295,CUST-100336,2026-04-06,DELIVERED,Dallas,TX,United States
ORD-1000296,CUST-100337,2025-08-16,DELIVERED,San Diego,California,United States
ORD-1000297,CUST-100338,2025-05-29,shipped,Minneapolis,mn,United States
ORD-1000298,CUST-100339,2025-08-08,CONFIRMED,Nashville,TN,United States
ORD-1000299,CUST-100340,2025-07-26,PENDING,Charlotte,NC,United States
ORD-1000300,CUST-100341,2025-09-22,cancelled,Columbus,Ohio,United States
ORD-1000301,CUST-100342,2026-06-17,DELIVERED,Toronto,on,Canada
ORD-1000302,CUST-100343,2024-07-26,DELIVERED,Vancouver,BC,Canada
ORD-1000303,CUST-100344,2026-04-21,delivered,London,ENG,United Kingdom
ORD-1000304,CUST-100345,2026-04-01,SHIPPED,Manchester,England,United Kingdom
ORD-1000305,CUST-100346,2026-03-24,CONFIRMED,Mumbai,mh,IN
ORD-1000306,CUST-100347,2024-09-09,pending,Pune,MH,India
ORD-1000307,CUST-100348,2024-08-02,CANCELLED,Bengaluru,KA,India
ORD-1000308,CUST-100349,2025-07-18,DELIVERED,Austin,Texas,United States
ORD-1000309,CUST-100350,2026-06-16,delivered,Seattle,wa,United States
ORD-1000310,CUST-100351,2025-05-14,DELIVERED,Denver,CO,United States
ORD-1000311,CUST-100352,2026-08-29,SHIPPED,Chicago,IL,United States
ORD-1000312,CUST-100353,2024-09-20,confirmed,Boston,Massachusetts,United States
ORD-1000313,CUST-100354,2025-02-10,PENDING,Miami,fl,United States
ORD-1000314,CUST-100355,2024-12-14,CANCELLED,Phoenix,AZ,United States
ORD-1000315,CUST-100356,2024-12-12,delivered,Portland,OR,United States
ORD-1000316,CUST-100357,2025-12-02,DELIVERED,Atlanta,Georgia,United States
ORD-1000317,CUST-100358,2025-09-03,DELIVERED,Dallas,tx,United States
ORD-1000318,CUST-100359,2024-10-22,shipped,San Diego,CA,United States
ORD-1000319,CUST-100360,2025-08-07,CONFIRMED,Minneapolis,MN,United States
ORD-1000320,CUST-100361,2024-12-05,PENDING,Nashville,Tennessee,United States
ORD-1000321,CUST-100362,2025-03-13,cancelled,Charlotte,nc,United States
ORD-1000322,CUST-100363,2025-09-17,DELIVERED,Columbus,OH,United States
ORD-1000323,CUST-100364,2025-02-11,DELIVERED,Toronto,ON,Canada
ORD-1000324,CUST-100365,2024-08-17,delivered,Vancouver,British Columbia,Canada
ORD-1000325,CUST-100366,2025-08-28,SHIPPED,London,eng,UK
ORD-1000326,CUST-100367,2026-09-06,CONFIRMED,Manchester,ENG,United Kingdom
ORD-1000327,CUST-100368,2025-12-16,pending,Mumbai,MH,India
ORD-1000328,CUST-100369,2024-09-09,CANCELLED,Pune,Maharashtra,India
ORD-1000329,CUST-100370,2024-07-22,DELIVERED,Bengaluru,ka,India
ORD-1000330,CUST-100371,2026-03-30,delivered,Austin,TX,United States
ORD-1000331,CUST-100372,2025-12-06,DELIVERED,Seattle,WA,United States
ORD-1000332,CUST-100373,2024-06-16,SHIPPED,Denver,Colorado,United States
ORD-1000333,CUST-100374,2024-09-04,confirmed,Chicago,il,United States
ORD-1000334,CUST-100375,2026-07-12,PENDING,Boston,MA,United States
ORD-1000335,CUST-100376,2025-01-29,CANCELLED,Miami,FL,United States
ORD-1000336,CUST-100377,2024-11-18,delivered,Phoenix,Arizona,United States
ORD-1000337,CUST-100378,2025-07-22,DELIVERED,Portland,or,United States
ORD-1000338,CUST-100379,2025-10-11,DELIVERED,Atlanta,GA,United States
ORD-1000339,CUST-100380,2025-10-06,shipped,Dallas,TX,United States
ORD-1000340,CUST-100381,2025-01-05,CONFIRMED,San Diego,California,United States
ORD-1000341,CUST-100382,2025-07-16,PENDING,Minneapolis,mn,United States
ORD-1000342,CUST-100383,2024-07-31,cancelled,Nashville,TN,United States
ORD-1000343,CUST-100384,2024-11-16,DELIVERED,Charlotte,NC,United States
ORD-1000344,CUST-100385,2025-06-24,DELIVERED,Columbus,Ohio,United States
ORD-1000345,CUST-100386,2024-06-03,delivered,Toronto,on,Canada
ORD-1000346,CUST-100387,2025-07-05,SHIPPED,Vancouver,BC,Canada
ORD-1000347,CUST-100388,2025-02-27,CONFIRMED,London,ENG,United Kingdom
ORD-1000348,CUST-100389,2026-08-12,pending,Manchester,England,United Kingdom
ORD-1000349,CUST-100390,2026-08-13,CANCELLED,Mumbai,mh,India
ORD-1000350,CUST-100391,2025-09-09,DELIVERED,Pune,MH,IN
ORD-1000351,CUST-100392,2025-03-20,delivered,Bengaluru,KA,India
ORD-1000352,CUST-100393,2025-08-08,DELIVERED,Austin,Texas,United States
ORD-1000353,CUST-100394,2026-05-15,SHIPPED,Seattle,wa,United States
ORD-1000354,CUST-100395,2026-06-19,confirmed,Denver,CO,United States
ORD-1000355,CUST-100396,2026-08-12,PENDING,Chicago,IL,United States
ORD-1000356,CUST-100397,2025-12-22,CANCELLED,Boston,Massachusetts,United States
ORD-1000357,CUST-100398,2026-04-09,delivered,Miami,fl,United States
ORD-1000358,CUST-100399,2026-06-06,DELIVERED,Phoenix,AZ,United States
ORD-1000359,CUST-100400,2025-10-12,DELIVERED,Portland,OR,United States
ORD-1000360,CUST-100401,2024-11-06,shipped,Atlanta,Georgia,United States
ORD-1000361,CUST-100402,2024-12-12,CONFIRMED,Dallas,tx,United States
ORD-1000362,CUST-100403,2025-03-31,PENDING,San Diego,CA,United States
ORD-1000363,CUST-100404,2025-01-09,cancelled,Minneapolis,MN,United States
ORD-1000364,CUST-100405,2024-07-30,DELIVERED,Nashville,Tennessee,United States
ORD-1000365,CUST-100406,2026-01-15,DELIVERED,Charlotte,nc,United States
ORD-1000366,CUST-100407,2026-06-24,delivered,Columbus,OH,United States
ORD-1000367,CUST-100408,2025-12-08,SHIPPED,Toronto,ON,Canada
ORD-1000368,CUST-100409,2024-08-02,CONFIRMED,Vancouver,British Columbia,Canada
ORD-1000369,CUST-100410,2026-07-06,pending,London,eng,United Kingdom
ORD-1000370,CUST-100411,2025-04-18,CANCELLED,Manchester,ENG,UK
ORD-1000371,CUST-100412,2024-07-29,DELIVERED,Mumbai,MH,India
ORD-1000372,CUST-100413,2024-07-22,delivered,Pune,Maharashtra,India
ORD-1000373,CUST-100414,2026-01-20,DELIVERED,Bengaluru,ka,India
ORD-1000374,CUST-100415,2025-10-02,SHIPPED,Austin,TX,United States
ORD-1000375,CUST-100416,2025-10-28,confirmed,Seattle,WA,United States
ORD-1000376,CUST-100417,2025-11-26,PENDING,Denver,Colorado,United States
ORD-1000377,CUST-100418,2024-11-09,CANCELLED,Chicago,il,United States
ORD-1000378,CUST-100419,2024-07-29,delivered,Boston,MA,United States
ORD-1000379,CUST-100420,2025-11-03,DELIVERED,Miami,FL,United States
ORD-1000380,CUST-100421,2024-08-22,DELIVERED,Phoenix,Arizona,United States
ORD-1000381,CUST-100422,2024-12-08,shipped,Portland,or,United States
ORD-1000382,CUST-100423,2024-08-10,CONFIRMED,Atlanta,GA,United States
ORD-1000383,CUST-100424,2026-01-31,PENDING,Dallas,TX,United States
ORD-1000384,CUST-100425,2024-08-09,cancelled,San Diego,California,United States
ORD-1000385,CUST-100426,2026-04-23,DELIVERED,Minneapolis,mn,United States
ORD-1000386,CUST-100427,2025-01-27,DELIVERED,Nashville,TN,United States
ORD-1000387,CUST-100428,2025-07-19,delivered,Charlotte,NC,United States
ORD-1000388,CUST-100429,2024-10-01,SHIPPED,Columbus,Ohio,United States
ORD-1000389,CUST-100430,2026-01-05,CONFIRMED,Toronto,on,Canada
ORD-1000390,CUST-100431,2025-02-08,pending,Vancouver,BC,Canada
ORD-1000391,CUST-100432,2026-01-14,CANCELLED,London,ENG,United Kingdom
ORD-1000392,CUST-100433,2026-01-30,DELIVERED,Manchester,England,United Kingdom
ORD-1000393,CUST-100434,2024-07-11,delivered,Mumbai,mh,India
ORD-1000394,CUST-100435,2026-02-25,DELIVERED,Pune,MH,India
ORD-1000395,CUST-100436,2024-08-23,SHIPPED,Bengaluru,KA,IN
ORD-1000396,CUST-100437,2025-08-04,confirmed,Austin,Texas,United States
ORD-1000397,CUST-100438,2026-04-05,PENDING,Seattle,wa,United States
ORD-1000398,CUST-100439,2026-01-19,CANCELLED,Denver,CO,United States
ORD-1000399,CUST-100440,2025-12-31,delivered,Chicago,IL,United States
ORD-1000400,CUST-100441,2025-11-18,DELIVERED,Boston,Massachusetts,United States
ORD-1000401,CUST-100442,2025-04-20,DELIVERED,Miami,fl,United States
ORD-1000402,CUST-100443,2025-02-23,shipped,Phoenix,AZ,United States
ORD-1000403,CUST-100444,2024-12-27,CONFIRMED,Portland,OR,United States
ORD-1000404,CUST-100445,2026-04-17,PENDING,Atlanta,Georgia,United States
ORD-1000405,CUST-100446,2026-06-04,cancelled,Dallas,tx,United States
ORD-1000406,CUST-100447,2025-04-18,DELIVERED,San Diego,CA,United States
ORD-1000407,CUST-100448,2025-01-31,DELIVERED,Minneapolis,MN,United States
ORD-1000408,CUST-100449,2025-02-27,delivered,Nashville,Tennessee,United States
ORD-1000409,CUST-100450,2025-07-11,SHIPPED,Charlotte,nc,United States
ORD-1000410,CUST-100451,2024-10-13,CONFIRMED,Columbus,OH,United States
ORD-1000411,CUST-100452,2026-04-19,pending,Toronto,ON,Canada
ORD-1000412,CUST-100453,2026-03-23,CANCELLED,Vancouver,British Columbia,Canada
ORD-1000413,CUST-100454,2025-04-04,DELIVERED,London,eng,United Kingdom
ORD-1000414,CUST-100455,2025-09-12,delivered,Manchester,ENG,United Kingdom
ORD-1000415,CUST-100456,2025-04-20,DELIVERED,Mumbai,MH,india
ORD-1000416,CUST-100457,2026-07-10,SHIPPED,Pune,Maharashtra,India
ORD-1000417,CUST-100458,2024-08-14,confirmed,Bengaluru,ka,India
ORD-1000418,CUST-100459,2024-06-10,PENDING,Austin,TX,United States
ORD-1000419,CUST-100460,2025-09-13,CANCELLED,Seattle,WA,United States
ORD-1000420,CUST-100461,2026-02-27,delivered,Denver,Colorado,United States
ORD-1000421,CUST-100462,2025-12-29,DELIVERED,Chicago,il,United States
ORD-1000422,CUST-100463,2024-09-11,DELIVERED,Boston,MA,United States
ORD-1000423,CUST-100464,2024-08-15,shipped,Miami,FL,United States
ORD-1000424,CUST-100465,2025-12-03,CONFIRMED,Phoenix,Arizona,United States
ORD-1000425,CUST-100466,2025-01-05,PENDING,Portland,or,United States
ORD-1000426,CUST-100467,2025-11-01,cancelled,Atlanta,GA,United States
ORD-1000427,CUST-100468,2025-02-27,DELIVERED,Dallas,TX,United States
ORD-1000428,CUST-100469,2024-10-14,DELIVERED,San Diego,California,United States
ORD-1000429,CUST-100470,2025-05-24,delivered,Minneapolis,mn,United States
ORD-1000430,CUST-100471,2024-08-10,SHIPPED,Nashville,TN,United States
ORD-1000431,CUST-100472,2025-02-06,CONFIRMED,Charlotte,NC,United States
ORD-1000432,CUST-100473,2025-06-14,pending,Columbus,Ohio,United States
ORD-1000433,CUST-100474,2025-03-19,CANCELLED,Toronto,on,Canada
ORD-1000434,CUST-100475,2024-11-09,DELIVERED,Vancouver,BC,Canada
ORD-1000435,CUST-100476,2025-08-23,delivered,London,ENG,United Kingdom
ORD-1000436,CUST-100477,2025-12-09,DELIVERED,Manchester,England,United Kingdom
ORD-1000437,CUST-100478,2026-05-22,SHIPPED,Mumbai,mh,India
ORD-1000438,CUST-100479,2025-04-06,confirmed,Pune,MH,India
ORD-1000439,CUST-100480,2026-02-17,PENDING,Bengaluru,KA,India
ORD-1000440,CUST-100481,2026-09-05,CANCELLED,Austin,Texas,United States
ORD-1000441,CUST-100482,2026-04-01,delivered,Seattle,wa,United States
ORD-1000442,CUST-100483,2025-11-24,DELIVERED,Denver,CO,United States
ORD-1000443,CUST-100484,2024-06-09,DELIVERED,Chicago,IL,United States
ORD-1000444,CUST-100485,2026-04-15,shipped,Boston,Massachusetts,United States
ORD-1000445,CUST-100486,2026-09-15,CONFIRMED,Miami,fl,United States
ORD-1000446,CUST-100487,2025-12-20,PENDING,Phoenix,AZ,United States
ORD-1000447,CUST-100488,2025-04-03,cancelled,Portland,OR,United States
ORD-1000448,CUST-100489,2026-04-11,DELIVERED,Atlanta,Georgia,United States
ORD-1000449,CUST-100490,2024-09-15,DELIVERED,Dallas,tx,United States
ORD-1000450,CUST-100491,2024-10-16,delivered,San Diego,CA,United States
ORD-1000451,CUST-100492,2025-02-26,SHIPPED,Minneapolis,MN,United States
ORD-1000452,CUST-100493,2024-09-27,CONFIRMED,Nashville,Tennessee,United States
ORD-1000453,CUST-100494,2024-09-18,pending,Charlotte,nc,United States
ORD-1000454,CUST-100495,2026-07-01,CANCELLED,Columbus,OH,United States
ORD-1000455,CUST-100496,2025-12-19,DELIVERED,Toronto,ON,CA
ORD-1000456,CUST-100497,2024-11-07,delivered,Vancouver,British Columbia,Canada
ORD-1000457,CUST-100498,2025-03-06,DELIVERED,London,eng,United Kingdom
ORD-1000458,CUST-100499,2025-03-16,SHIPPED,Manchester,ENG,United Kingdom
ORD-1000459,CUST-100041,2026-02-10,confirmed,Mumbai,MH,India
ORD-1000460,CUST-100042,2025-01-02,PENDING,Pune,Maharashtra,india
ORD-1000461,CUST-100043,2026-06-05,CANCELLED,Bengaluru,ka,India
ORD-1000462,CUST-100044,2025-05-18,delivered,Austin,TX,United States
ORD-1000463,CUST-100045,2024-12-26,DELIVERED,Seattle,WA,United States
ORD-1000464,CUST-100046,2026-05-05,DELIVERED,Denver,Colorado,United States
ORD-1000465,CUST-100047,2026-03-12,shipped,Chicago,il,United States
ORD-1000466,CUST-100048,2025-02-26,CONFIRMED,Boston,MA,United States
ORD-1000467,CUST-100049,2025-10-31,PENDING,Miami,FL,United States
ORD-1000468,CUST-100050,2025-10-14,cancelled,Phoenix,Arizona,United States
ORD-1000469,CUST-100051,2025-02-13,DELIVERED,Portland,or,United States
ORD-1000470,CUST-100052,2024-07-23,DELIVERED,Atlanta,GA,United States
ORD-1000471,CUST-100053,2024-09-03,delivered,Dallas,TX,United States
ORD-1000472,CUST-100054,2026-03-12,SHIPPED,San Diego,California,United States
ORD-1000473,CUST-100055,2025-08-08,CONFIRMED,Minneapolis,mn,United States
ORD-1000474,CUST-100056,2025-03-11,pending,Nashville,TN,United States
ORD-1000475,CUST-100057,2024-07-16,CANCELLED,Charlotte,NC,United States
ORD-1000476,CUST-100058,2024-06-04,DELIVERED,Columbus,Ohio,United States
ORD-1000477,CUST-100059,2025-05-08,delivered,Toronto,on,Canada
ORD-1000478,CUST-100060,2026-07-30,DELIVERED,Vancouver,BC,Canada
ORD-1000479,CUST-100061,2024-10-12,SHIPPED,London,ENG,United Kingdom
ORD-1000480,CUST-100062,2026-03-15,confirmed,Manchester,England,United Kingdom
ORD-1000481,CUST-100063,2025-02-24,PENDING,Mumbai,mh,India
ORD-1000482,CUST-100064,2024-11-13,CANCELLED,Pune,MH,India
ORD-1000483,CUST-100065,2026-06-30,delivered,Bengaluru,KA,India
ORD-1000484,CUST-100066,2025-08-27,DELIVERED,Austin,Texas,United States
ORD-1000485,CUST-100067,2025-12-17,DELIVERED,Seattle,wa,United States
ORD-1000486,CUST-100068,2026-05-24,shipped,Denver,CO,United States
ORD-1000487,CUST-100069,2025-08-12,CONFIRMED,Chicago,IL,United States
ORD-1000488,CUST-100070,2025-12-27,PENDING,Boston,Massachusetts,United States
ORD-1000489,CUST-100071,2024-06-10,cancelled,Miami,fl,United States
ORD-1000490,CUST-100072,2024-09-23,DELIVERED,Phoenix,AZ,United States
ORD-1000491,CUST-100073,2024-08-17,DELIVERED,Portland,OR,United States
ORD-1000492,CUST-100074,2026-05-09,delivered,Atlanta,Georgia,United States
ORD-1000493,CUST-100075,2024-10-31,SHIPPED,Dallas,tx,United States
ORD-1000494,CUST-100076,2025-12-11,CONFIRMED,San Diego,CA,United States
ORD-1000495,CUST-100077,2024-07-07,pending,Minneapolis,MN,United States
ORD-1000496,CUST-100078,2025-06-14,CANCELLED,Nashville,Tennessee,United States
ORD-1000497,CUST-100079,2026-01-18,DELIVERED,Charlotte,nc,United States
ORD-1000498,CUST-100080,2025-12-18,delivered,Columbus,OH,United States
ORD-1000499,CUST-100081,2024-10-30,DELIVERED,Toronto,ON,Canada
ORD-1000500,CUST-100082,2025-08-15,SHIPPED,Vancouver,British Columbia,CA
ORD-1000501,CUST-100083,2024-10-09,confirmed,London,eng,United Kingdom
ORD-1000502,CUST-100084,2024-07-13,PENDING,Manchester,ENG,United Kingdom
ORD-1000503,CUST-100085,2025-04-12,CANCELLED,Mumbai,MH,India
ORD-1000504,CUST-100086,2025-06-09,delivered,Pune,Maharashtra,India
ORD-1000505,CUST-100087,2026-08-25,DELIVERED,Bengaluru,ka,india
ORD-1000506,CUST-100088,2024-07-11,DELIVERED,Austin,TX,United States
ORD-1000507,CUST-100089,2025-06-02,shipped,Seattle,WA,United States
ORD-1000508,CUST-100090,2025-01-02,CONFIRMED,Denver,Colorado,United States
ORD-1000509,CUST-100091,2026-04-30,PENDING,Chicago,il,United States
ORD-1000510,CUST-100092,2025-02-11,cancelled,Boston,MA,United States
ORD-1000511,CUST-100093,2026-04-14,DELIVERED,Miami,FL,United States
ORD-1000512,CUST-100094,2024-09-14,DELIVERED,Phoenix,Arizona,United States
ORD-1000513,CUST-100095,2025-05-29,delivered,Portland,or,United States
ORD-1000514,CUST-100096,2026-08-08,SHIPPED,Atlanta,GA,United States
ORD-1000515,CUST-100097,2025-12-26,CONFIRMED,Dallas,TX,United States
ORD-1000516,CUST-100098,2025-07-22,pending,San Diego,California,United States
ORD-1000517,CUST-100099,2026-02-26,CANCELLED,Minneapolis,mn,United States
ORD-1000518,CUST-100100,2026-07-08,DELIVERED,Nashville,TN,United States
ORD-1000519,CUST-100101,2024-11-06,delivered,Charlotte,NC,United States
ORD-1000520,CUST-100102,2025-01-29,DELIVERED,Columbus,Ohio,United States
ORD-1000521,CUST-100103,2024-11-14,SHIPPED,Toronto,on,Canada
ORD-1000522,CUST-100104,2026-08-29,confirmed,Vancouver,BC,Canada
ORD-1000523,CUST-100105,2026-09-09,PENDING,London,ENG,United Kingdom
ORD-1000524,CUST-100106,2024-11-29,CANCELLED,Manchester,England,United Kingdom
ORD-1000525,CUST-100107,2025-07-28,delivered,Mumbai,mh,India
ORD-1000526,CUST-100108,2024-06-26,DELIVERED,Pune,MH,India
ORD-1000527,CUST-100109,2024-12-01,DELIVERED,Bengaluru,KA,India
ORD-1000528,CUST-100110,2026-06-25,shipped,Austin,Texas,United States
ORD-1000529,CUST-100111,2025-05-07,CONFIRMED,Seattle,wa,United States
ORD-1000530,CUST-100112,2026-08-11,PENDING,Denver,CO,United States
ORD-1000531,CUST-100113,2025-07-27,cancelled,Chicago,IL,United States
ORD-1000532,CUST-100114,2026-08-31,DELIVERED,Boston,Massachusetts,United States
ORD-1000533,CUST-100115,2026-04-17,DELIVERED,Miami,fl,United States
ORD-1000534,CUST-100116,2026-06-23,delivered,Phoenix,AZ,United States
ORD-1000535,CUST-100117,2026-09-09,SHIPPED,Portland,OR,United States
ORD-1000536,CUST-100118,2025-02-10,CONFIRMED,Atlanta,Georgia,United States
ORD-1000537,CUST-100119,2025-03-01,pending,Dallas,tx,United States
ORD-1000538,CUST-100120,2024-11-11,CANCELLED,San Diego,CA,United States
ORD-1000539,CUST-100121,2026-08-16,DELIVERED,Minneapolis,MN,United States
ORD-1000540,CUST-100122,2026-05-20,delivered,Nashville,Tennessee,United States
ORD-1000541,CUST-100123,2024-09-19,DELIVERED,Charlotte,nc,United States
ORD-1000542,CUST-100124,2025-06-27,SHIPPED,Columbus,OH,United States
ORD-1000543,CUST-100125,2024-07-10,confirmed,Toronto,ON,Canada
ORD-1000544,CUST-100126,2025-09-25,PENDING,Vancouver,British Columbia,Canada
ORD-1000545,CUST-100127,2025-01-14,CANCELLED,London,eng,uk
ORD-1000546,CUST-100128,2024-12-22,delivered,Manchester,ENG,United Kingdom
ORD-1000547,CUST-100129,2026-09-15,DELIVERED,Mumbai,MH,India
ORD-1000548,CUST-100130,2025-09-15,DELIVERED,Pune,Maharashtra,India
ORD-1000549,CUST-100131,2025-05-25,shipped,Bengaluru,ka,India
ORD-1000550,CUST-100132,2025-04-09,CONFIRMED,Austin,TX,United States
ORD-1000551,CUST-100133,2026-08-24,PENDING,Seattle,WA,United States
ORD-1000552,CUST-100134,2025-01-20,cancelled,Denver,Colorado,United States
ORD-1000553,CUST-100135,2025-01-15,DELIVERED,Chicago,il,United States
ORD-1000554,CUST-100136,2024-06-25,DELIVERED,Boston,MA,United States
ORD-1000555,CUST-100137,2026-04-07,delivered,Miami,FL,United States
ORD-1000556,CUST-100138,2024-12-15,SHIPPED,Phoenix,Arizona,United States
ORD-1000557,CUST-100139,2025-07-14,CONFIRMED,Portland,or,United States
ORD-1000558,CUST-100140,2025-05-03,pending,Atlanta,GA,United States
ORD-1000559,CUST-100141,2025-03-13,CANCELLED,Dallas,TX,United States
ORD-1000560,CUST-100142,2024-08-11,DELIVERED,San Diego,California,United States
ORD-1000561,CUST-100143,2026-08-01,delivered,Minneapolis,mn,United States
ORD-1000562,CUST-100144,2025-03-13,DELIVERED,Nashville,TN,United States
ORD-1000563,CUST-100145,2025-05-26,SHIPPED,Charlotte,NC,United States
ORD-1000564,CUST-100146,2026-03-19,confirmed,Columbus,Ohio,United States
ORD-1000565,CUST-100147,2025-11-04,PENDING,Toronto,on,canada
ORD-1000566,CUST-100148,2025-07-15,CANCELLED,Vancouver,BC,Canada
ORD-1000567,CUST-100149,2026-04-27,delivered,London,ENG,United Kingdom
ORD-1000568,CUST-100150,2025-12-02,DELIVERED,Manchester,England,United Kingdom
ORD-1000569,CUST-100151,2025-05-06,DELIVERED,Mumbai,mh,India
ORD-1000570,CUST-100152,2024-06-29,shipped,Pune,MH,India
ORD-1000571,CUST-100153,2024-09-27,CONFIRMED,Bengaluru,KA,India
ORD-1000572,CUST-100154,2025-02-23,PENDING,Austin,Texas,United States
ORD-1000573,CUST-100155,2024-11-30,cancelled,Seattle,wa,United States
ORD-1000574,CUST-100156,2026-01-16,DELIVERED,Denver,CO,United States
ORD-1000575,CUST-100157,2025-02-27,DELIVERED,Chicago,IL,United States
ORD-1000576,CUST-100158,2024-07-10,delivered,Boston,Massachusetts,United States
ORD-1000577,CUST-100159,2024-09-20,SHIPPED,Miami,fl,United States
ORD-1000578,CUST-100160,2026-02-01,CONFIRMED,Phoenix,AZ,United States
ORD-1000579,CUST-100161,2025-08-19,pending,Portland,OR,United States
ORD-1000580,CUST-100162,2025-05-20,CANCELLED,Atlanta,Georgia,United States
ORD-1000581,CUST-100163,2026-06-17,DELIVERED,Dallas,tx,United States
ORD-1000582,CUST-100164,2026-08-15,delivered,San Diego,CA,United States
ORD-1000583,CUST-100165,2025-04-18,DELIVERED,Minneapolis,MN,United States
ORD-1000584,CUST-100166,2025-08-21,SHIPPED,Nashville,Tennessee,United States
ORD-1000585,CUST-100167,2026-02-11,confirmed,Charlotte,nc,United States
ORD-1000586,CUST-100168,2025-11-06,PENDING,Columbus,OH,United States
ORD-1000587,CUST-100169,2024-09-27,CANCELLED,Toronto,ON,Canada
ORD-1000588,CUST-100170,2025-06-30,delivered,Vancouver,British Columbia,Canada
ORD-1000589,CUST-100171,2026-01-12,DELIVERED,London,eng,United Kingdom
ORD-1000590,CUST-100172,2024-12-12,DELIVERED,Manchester,ENG,uk
ORD-1000591,CUST-100173,2025-02-16,shipped,Mumbai,MH,India
ORD-1000592,CUST-100174,2024-07-16,CONFIRMED,Pune,Maharashtra,India
ORD-1000593,CUST-100175,2026-05-27,PENDING,Bengaluru,ka,India
ORD-1000594,CUST-100176,2025-08-21,cancelled,Austin,TX,United States
ORD-1000595,CUST-100177,2024-06-02,DELIVERED,Seattle,WA,United States
ORD-1000596,CUST-100178,2025-11-15,DELIVERED,Denver,Colorado,United States
ORD-1000597,CUST-100179,2026-09-04,delivered,Chicago,il,United States
ORD-1000598,CUST-100180,2025-12-04,SHIPPED,Boston,MA,United States
ORD-1000599,CUST-100181,2026-05-05,CONFIRMED,Miami,FL,United States
ORD-1000600,CUST-100182,2026-06-07,pending,Phoenix,Arizona,United States
ORD-1000601,CUST-100183,2026-06-30,CANCELLED,Portland,or,United States
ORD-1000602,CUST-100184,2026-06-25,DELIVERED,Atlanta,GA,United States
ORD-1000603,CUST-100185,2026-04-18,delivered,Dallas,TX,United States
ORD-1000604,CUST-100186,2024-12-19,DELIVERED,San Diego,California,United States
ORD-1000605,CUST-100187,2025-06-08,SHIPPED,Minneapolis,mn,United States
ORD-1000606,CUST-100188,2025-08-16,confirmed,Nashville,TN,United States
ORD-1000607,CUST-100189,2024-08-11,PENDING,Charlotte,NC,United States
ORD-1000608,CUST-100190,2026-04-12,CANCELLED,Columbus,Ohio,United States
ORD-1000609,CUST-100191,2025-05-05,delivered,Toronto,on,Canada
ORD-1000610,CUST-100192,2026-03-01,DELIVERED,Vancouver,BC,canada
ORD-1000611,CUST-100193,2025-04-18,DELIVERED,London,ENG,United Kingdom
ORD-1000612,CUST-100194,2026-04-11,shipped,Manchester,England,United Kingdom
ORD-1000613,CUST-100195,2024-10-06,CONFIRMED,Mumbai,mh,India
ORD-1000614,CUST-100196,2026-06-08,PENDING,Pune,MH,India
ORD-1000615,CUST-100197,2025-04-04,cancelled,Bengaluru,KA,India
ORD-1000616,CUST-100198,2025-11-02,DELIVERED,Austin,Texas,United States
ORD-1000617,CUST-100199,2025-04-13,DELIVERED,Seattle,wa,United States
ORD-1000618,CUST-100200,2026-04-14,delivered,Denver,CO,United States
ORD-1000619,CUST-100201,2025-07-24,SHIPPED,Chicago,IL,United States
ORD-1000620,CUST-100202,2025-05-01,CONFIRMED,Boston,Massachusetts,United States
ORD-1000621,CUST-100203,2025-07-18,pending,Miami,fl,United States
ORD-1000622,CUST-100204,2026-05-15,CANCELLED,Phoenix,AZ,United States
ORD-1000623,CUST-100205,2025-03-30,DELIVERED,Portland,OR,United States
ORD-1000624,CUST-100206,2025-12-20,delivered,Atlanta,Georgia,United States
ORD-1000625,CUST-100207,2024-10-09,DELIVERED,Dallas,tx,United States
ORD-1000626,CUST-100208,2024-12-14,SHIPPED,San Diego,CA,United States
ORD-1000627,CUST-100209,2025-08-05,confirmed,Minneapolis,MN,United States
ORD-1000628,CUST-100210,2026-04-12,PENDING,Nashville,Tennessee,United States
ORD-1000629,CUST-100211,2025-06-24,CANCELLED,Charlotte,nc,United States
ORD-1000630,CUST-100212,2026-04-25,delivered,Columbus,OH,United States
ORD-1000631,CUST-100213,2026-07-07,DELIVERED,Toronto,ON,Canada
ORD-1000632,CUST-100214,2024-11-26,DELIVERED,Vancouver,British Columbia,Canada
ORD-1000633,CUST-100215,2026-02-21,shipped,London,eng,United Kingdom
ORD-1000634,CUST-100216,2026-01-04,CONFIRMED,Manchester,ENG,United Kingdom
ORD-1000635,CUST-100217,2025-04-05,PENDING,Mumbai,MH,IN
ORD-1000636,CUST-100218,2025-07-21,cancelled,Pune,Maharashtra,India
ORD-1000637,CUST-100219,2025-12-14,DELIVERED,Bengaluru,ka,India
ORD-1000638,CUST-100220,2024-06-01,DELIVERED,Austin,TX,United States
ORD-1000639,CUST-100221,2025-04-08,delivered,Seattle,WA,United States
ORD-1000640,CUST-100222,2025-03-21,SHIPPED,Denver,Colorado,United States
ORD-1000641,CUST-100223,2025-01-02,CONFIRMED,Chicago,il,United States
ORD-1000642,CUST-100224,2025-08-15,pending,Boston,MA,United States
ORD-1000643,CUST-100225,2026-08-14,CANCELLED,Miami,FL,United States
ORD-1000644,CUST-100226,2026-01-15,DELIVERED,Phoenix,Arizona,United States
ORD-1000645,CUST-100227,2026-02-12,delivered,Portland,or,United States
ORD-1000646,CUST-100228,2026-04-02,DELIVERED,Atlanta,GA,United States
ORD-1000647,CUST-100229,2025-04-26,SHIPPED,Dallas,TX,United States
ORD-1000648,CUST-100230,2025-09-20,confirmed,San Diego,California,United States
ORD-1000649,CUST-100231,2025-08-27,PENDING,Minneapolis,mn,United States
ORD-1000650,CUST-100232,2025-08-27,CANCELLED,Nashville,TN,United States
ORD-1000651,CUST-100233,2026-04-23,delivered,Charlotte,NC,United States
ORD-1000652,CUST-100234,2025-01-05,DELIVERED,Columbus,Ohio,United States
ORD-1000653,CUST-100235,2025-11-06,DELIVERED,Toronto,on,Canada
ORD-1000654,CUST-100236,2025-09-28,shipped,Vancouver,BC,Canada
ORD-1000655,CUST-100237,2026-08-22,CONFIRMED,London,ENG,UK
ORD-1000656,CUST-100238,2026-08-25,PENDING,Manchester,England,United Kingdom
ORD-1000657,CUST-100239,2026-06-24,cancelled,Mumbai,mh,India
ORD-1000658,CUST-100240,2024-11-21,DELIVERED,Pune,MH,India
ORD-1000659,CUST-100241,2026-04-06,DELIVERED,Bengaluru,KA,India
ORD-1000660,CUST-100242,2024-08-26,delivered,Austin,Texas,United States
ORD-1000661,CUST-100243,2025-03-18,SHIPPED,Seattle,wa,United States
ORD-1000662,CUST-100244,2025-11-10,CONFIRMED,Denver,CO,United States
ORD-1000663,CUST-100245,2026-04-11,pending,Chicago,IL,United States
ORD-1000664,CUST-100246,2026-03-11,CANCELLED,Boston,Massachusetts,United States
ORD-1000665,CUST-100247,2026-02-25,DELIVERED,Miami,fl,United States
ORD-1000666,CUST-100248,2025-05-10,delivered,Phoenix,AZ,United States
ORD-1000667,CUST-100249,2024-09-04,DELIVERED,Portland,OR,United States
ORD-1000668,CUST-100250,2026-07-10,SHIPPED,Atlanta,Georgia,United States
ORD-1000669,CUST-100251,2025-01-27,confirmed,Dallas,tx,United States
ORD-1000670,CUST-100252,2026-04-20,PENDING,San Diego,CA,United States
ORD-1000671,CUST-100253,2025-04-14,CANCELLED,Minneapolis,MN,United States
ORD-1000672,CUST-100254,2025-01-17,delivered,Nashville,Tennessee,United States
ORD-1000673,CUST-100255,2026-09-04,DELIVERED,Charlotte,nc,United States
ORD-1000674,CUST-100256,2024-12-21,DELIVERED,Columbus,OH,United States
ORD-1000675,CUST-100257,2024-10-29,shipped,Toronto,ON,Canada
ORD-1000676,CUST-100258,2024-06-26,CONFIRMED,Vancouver,British Columbia,Canada
ORD-1000677,CUST-100259,2024-07-18,PENDING,London,eng,United Kingdom
ORD-1000678,CUST-100260,2025-02-06,cancelled,Manchester,ENG,United Kingdom
ORD-1000679,CUST-100261,2025-09-30,DELIVERED,Mumbai,MH,India
ORD-1000680,CUST-100262,2026-02-16,DELIVERED,Pune,Maharashtra,IN
ORD-1000681,CUST-100263,2026-07-27,delivered,Bengaluru,ka,India
ORD-1000682,CUST-100264,2024-08-14,SHIPPED,Austin,TX,United States
ORD-1000683,CUST-100265,2025-09-10,CONFIRMED,Seattle,WA,United States
ORD-1000684,CUST-100266,2025-07-30,pending,Denver,Colorado,United States
ORD-1000685,CUST-100267,2026-03-07,CANCELLED,Chicago,il,United States
ORD-1000686,CUST-100268,2026-01-11,DELIVERED,Boston,MA,United States
ORD-1000687,CUST-100269,2024-12-17,delivered,Miami,FL,United States
ORD-1000688,CUST-100270,2026-06-06,DELIVERED,Phoenix,Arizona,United States
ORD-1000689,CUST-100271,2026-05-15,SHIPPED,Portland,or,United States
ORD-1000690,CUST-100272,2025-06-29,confirmed,Atlanta,GA,United States
ORD-1000691,CUST-100273,2025-10-20,PENDING,Dallas,TX,United States
ORD-1000692,CUST-100274,2025-07-15,CANCELLED,San Diego,California,United States
ORD-1000693,CUST-100275,2025-02-05,delivered,Minneapolis,mn,United States
ORD-1000694,CUST-100276,2024-10-30,DELIVERED,Nashville,TN,United States
ORD-1000695,CUST-100277,2026-04-03,DELIVERED,Charlotte,NC,United States
ORD-1000696,CUST-100278,2026-05-06,shipped,Columbus,Ohio,United States
ORD-1000697,CUST-100279,2024-06-06,CONFIRMED,Toronto,on,Canada
ORD-1000698,CUST-100280,2026-07-09,PENDING,Vancouver,BC,Canada
ORD-1000699,CUST-100281,2026-07-29,cancelled,London,ENG,United Kingdom
ORD-1000700,CUST-100282,2024-09-18,DELIVERED,Manchester,England,UK
ORD-1000701,CUST-100283,2026-08-07,DELIVERED,Mumbai,mh,India
ORD-1000702,CUST-100284,2025-08-10,delivered,Pune,MH,India
ORD-1000703,CUST-100285,2025-01-11,SHIPPED,Bengaluru,KA,India
ORD-1000704,CUST-100286,2024-11-28,CONFIRMED,Austin,Texas,United States
ORD-1000705,CUST-100287,2026-09-02,pending,Seattle,wa,United States
ORD-1000706,CUST-100288,2026-05-14,CANCELLED,Denver,CO,United States
ORD-1000707,CUST-100289,2025-11-13,DELIVERED,Chicago,IL,United States
ORD-1000708,CUST-100290,2025-09-19,delivered,Boston,Massachusetts,United States
ORD-1000709,CUST-100291,2024-07-22,DELIVERED,Miami,fl,United States
ORD-1000710,CUST-100292,2025-12-23,SHIPPED,Phoenix,AZ,United States
ORD-1000711,CUST-100293,2025-02-11,confirmed,Portland,OR,United States
ORD-1000712,CUST-100294,2024-10-03,PENDING,Atlanta,Georgia,United States
ORD-1000713,CUST-100295,2025-09-11,CANCELLED,Dallas,tx,United States
ORD-1000714,CUST-100296,2024-10-15,delivered,San Diego,CA,United States
ORD-1000715,CUST-100297,2026-08-30,DELIVERED,Minneapolis,MN,United States
ORD-1000716,CUST-100298,2025-09-19,DELIVERED,Nashville,Tennessee,United States
ORD-1000717,CUST-100299,2026-04-15,shipped,Charlotte,nc,United States
ORD-1000718,CUST-100300,2025-11-26,CONFIRMED,Columbus,OH,United States
ORD-1000719,CUST-100301,2025-12-25,PENDING,Toronto,ON,Canada
ORD-1000720,CUST-100302,2026-01-31,cancelled,Vancouver,British Columbia,Canada
ORD-1000721,CUST-100303,2025-04-21,DELIVERED,London,eng,United Kingdom
ORD-1000722,CUST-100304,2026-07-14,DELIVERED,Manchester,ENG,United Kingdom
ORD-1000723,CUST-100305,2025-08-28,delivered,Mumbai,MH,India
ORD-1000724,CUST-100306,2026-02-18,SHIPPED,Pune,Maharashtra,India
ORD-1000725,CUST-100307,2026-09-13,CONFIRMED,Bengaluru,ka,IN
ORD-1000726,CUST-100308,2026-06-07,pending,Austin,TX,United States
ORD-1000727,CUST-100309,2025-10-30,CANCELLED,Seattle,WA,United States
ORD-1000728,CUST-100310,2025-08-11,DELIVERED,Denver,Colorado,United States
ORD-1000729,CUST-100311,2025-12-14,delivered,Chicago,il,United States
ORD-1000730,CUST-100312,2025-08-31,DELIVERED,Boston,MA,United States
ORD-1000731,CUST-100313,2024-11-10,SHIPPED,Miami,FL,United States
ORD-1000732,CUST-100314,2026-07-02,confirmed,Phoenix,Arizona,United States
ORD-1000733,CUST-100315,2025-09-30,PENDING,Portland,or,United States
ORD-1000734,CUST-100316,2025-09-04,CANCELLED,Atlanta,GA,United States
ORD-1000735,CUST-100317,2025-02-21,delivered,Dallas,TX,United States
ORD-1000736,CUST-100318,2026-07-10,DELIVERED,San Diego,California,United States
ORD-1000737,CUST-100319,2025-02-09,DELIVERED,Minneapolis,mn,United States
ORD-1000738,CUST-100320,2026-03-15,shipped,Nashville,TN,United States
ORD-1000739,CUST-100321,2025-03-11,CONFIRMED,Charlotte,NC,United States
ORD-1000740,CUST-100322,2026-07-25,PENDING,Columbus,Ohio,United States
ORD-1000741,CUST-100323,2026-08-06,cancelled,Toronto,on,Canada
ORD-1000742,CUST-100324,2025-11-16,DELIVERED,Vancouver,BC,Canada
ORD-1000743,CUST-100325,2025-10-10,DELIVERED,London,ENG,United Kingdom
ORD-1000744,CUST-100326,2026-03-04,delivered,Manchester,England,United Kingdom
ORD-1000745,CUST-100327,2025-01-31,SHIPPED,Mumbai,mh,india
ORD-1000746,CUST-100328,2025-03-09,CONFIRMED,Pune,MH,India
ORD-1000747,CUST-100329,2025-08-25,pending,Bengaluru,KA,India
ORD-1000748,CUST-100330,2024-08-19,CANCELLED,Austin,Texas,United States
ORD-1000749,CUST-100331,2026-06-01,DELIVERED,Seattle,wa,United States
ORD-1000750,CUST-100332,2025-03-20,delivered,Denver,CO,United States
ORD-1000751,CUST-100333,2025-01-27,DELIVERED,Chicago,IL,United States
ORD-1000752,CUST-100334,2025-03-06,SHIPPED,Boston,Massachusetts,United States
ORD-1000753,CUST-100335,2025-05-10,confirmed,Miami,fl,United States
ORD-1000754,CUST-100336,2025-04-24,PENDING,Phoenix,AZ,United States
ORD-1000755,CUST-100337,2025-12-06,CANCELLED,Portland,OR,United States
ORD-1000756,CUST-100338,2024-08-22,delivered,Atlanta,Georgia,United States
ORD-1000757,CUST-100339,2024-10-20,DELIVERED,Dallas,tx,United States
ORD-1000758,CUST-100340,2024-11-02,DELIVERED,San Diego,CA,United States
ORD-1000759,CUST-100341,2025-01-23,shipped,Minneapolis,MN,United States
ORD-1000760,CUST-100342,2025-06-28,CONFIRMED,Nashville,Tennessee,United States
ORD-1000761,CUST-100343,2026-05-12,PENDING,Charlotte,nc,United States
ORD-1000762,CUST-100344,2024-11-04,cancelled,Columbus,OH,United States
ORD-1000763,CUST-100345,2026-05-25,DELIVERED,Toronto,ON,Canada
ORD-1000764,CUST-100346,2025-01-06,DELIVERED,Vancouver,British Columbia,Canada
ORD-1000765,CUST-100347,2024-08-05,delivered,London,eng,United Kingdom
ORD-1000766,CUST-100348,2025-07-30,SHIPPED,Manchester,ENG,United Kingdom
ORD-1000767,CUST-100349,2025-07-23,CONFIRMED,Mumbai,MH,India
ORD-1000768,CUST-100350,2025-05-05,pending,Pune,Maharashtra,India
ORD-1000769,CUST-100351,2025-12-08,CANCELLED,Bengaluru,ka,India
ORD-1000770,CUST-100352,2025-09-21,DELIVERED,Austin,TX,United States
ORD-1000771,CUST-100353,2025-07-31,delivered,Seattle,WA,United States
ORD-1000772,CUST-100354,2024-08-03,DELIVERED,Denver,Colorado,United States
ORD-1000773,CUST-100355,2024-12-29,SHIPPED,Chicago,il,United States
ORD-1000774,CUST-100356,2025-08-05,confirmed,Boston,MA,United States
ORD-1000775,CUST-100357,2025-07-04,PENDING,Miami,FL,United States
ORD-1000776,CUST-100358,2026-07-29,CANCELLED,Phoenix,Arizona,United States
ORD-1000777,CUST-100359,2026-01-20,delivered,Portland,or,United States
ORD-1000778,CUST-100360,2026-05-14,DELIVERED,Atlanta,GA,United States
ORD-1000779,CUST-100361,2024-06-21,DELIVERED,Dallas,TX,United States
ORD-1000780,CUST-100362,2026-07-24,shipped,San Diego,California,United States
ORD-1000781,CUST-100363,2026-01-11,CONFIRMED,Minneapolis,mn,United States
ORD-1000782,CUST-100364,2025-06-25,PENDING,Nashville,TN,United States
ORD-1000783,CUST-100365,2025-10-02,cancelled,Charlotte,NC,United States
ORD-1000784,CUST-100366,2024-06-07,DELIVERED,Columbus,Ohio,United States
ORD-1000785,CUST-100367,2025-05-27,DELIVERED,Toronto,on,CA
ORD-1000786,CUST-100368,2025-04-02,delivered,Vancouver,BC,Canada
ORD-1000787,CUST-100369,2026-07-12,SHIPPED,London,ENG,United Kingdom
ORD-1000788,CUST-100370,2025-07-05,CONFIRMED,Manchester,England,United Kingdom
ORD-1000789,CUST-100371,2025-08-04,pending,Mumbai,mh,India
ORD-1000790,CUST-100372,2025-12-04,CANCELLED,Pune,MH,india
ORD-1000791,CUST-100373,2026-07-06,DELIVERED,Bengaluru,KA,India
ORD-1000792,CUST-100374,2026-06-23,delivered,Austin,Texas,United States
ORD-1000793,CUST-100375,2025-12-12,DELIVERED,Seattle,wa,United States
ORD-1000794,CUST-100376,2026-08-29,SHIPPED,Denver,CO,United States
ORD-1000795,CUST-100377,2026-02-08,confirmed,Chicago,IL,United States
ORD-1000796,CUST-100378,2025-01-12,PENDING,Boston,Massachusetts,United States
ORD-1000797,CUST-100379,2025-10-13,CANCELLED,Miami,fl,United States
ORD-1000798,CUST-100380,2025-01-11,delivered,Phoenix,AZ,United States
ORD-1000799,CUST-100381,2025-03-07,DELIVERED,Portland,OR,United States
ORD-1000800,CUST-100382,2025-08-21,DELIVERED,Atlanta,Georgia,United States
ORD-1000801,CUST-100383,2025-10-11,shipped,Dallas,tx,United States
ORD-1000802,CUST-100384,2024-06-30,CONFIRMED,San Diego,CA,United States
ORD-1000803,CUST-100385,2025-07-04,PENDING,Minneapolis,MN,United States
ORD-1000804,CUST-100386,2025-05-11,cancelled,Nashville,Tennessee,United States
ORD-1000805,CUST-100387,2026-04-16,DELIVERED,Charlotte,nc,United States
ORD-1000806,CUST-100388,2026-04-27,DELIVERED,Columbus,OH,United States
ORD-1000807,CUST-100389,2026-08-27,delivered,Toronto,ON,Canada
ORD-1000808,CUST-100390,2025-07-20,SHIPPED,Vancouver,British Columbia,Canada
ORD-1000809,CUST-100391,2026-06-12,CONFIRMED,London,eng,United Kingdom
ORD-1000810,CUST-100392,2024-11-17,pending,Manchester,ENG,United Kingdom
ORD-1000811,CUST-100393,2025-09-22,CANCELLED,Mumbai,MH,India
ORD-1000812,CUST-100394,2024-10-09,DELIVERED,Pune,Maharashtra,India
ORD-1000813,CUST-100395,2026-02-28,delivered,Bengaluru,ka,India
ORD-1000814,CUST-100396,2025-11-29,DELIVERED,Austin,TX,United States
ORD-1000815,CUST-100397,2024-06-28,SHIPPED,Seattle,WA,United States
ORD-1000816,CUST-100398,2025-07-09,confirmed,Denver,Colorado,United States
ORD-1000817,CUST-100399,2026-01-28,PENDING,Chicago,il,United States
ORD-1000818,CUST-100400,2025-12-30,CANCELLED,Boston,MA,United States
ORD-1000819,CUST-100401,2026-04-10,delivered,Miami,FL,United States
ORD-1000820,CUST-100402,2024-06-28,DELIVERED,Phoenix,Arizona,United States
ORD-1000821,CUST-100403,2024-08-25,DELIVERED,Portland,or,United States
ORD-1000822,CUST-100404,2026-03-21,shipped,Atlanta,GA,United States
ORD-1000823,CUST-100405,2025-08-13,CONFIRMED,Dallas,TX,United States
ORD-1000824,CUST-100406,2024-10-17,PENDING,San Diego,California,United States
ORD-1000825,CUST-100407,2025-09-16,cancelled,Minneapolis,mn,United States
ORD-1000826,CUST-100408,2024-12-04,DELIVERED,Nashville,TN,United States
ORD-1000827,CUST-100409,2024-07-22,DELIVERED,Charlotte,NC,United States
ORD-1000828,CUST-100410,2025-02-22,delivered,Columbus,Ohio,United States
ORD-1000829,CUST-100411,2025-06-24,SHIPPED,Toronto,on,Canada
ORD-1000830,CUST-100412,2025-05-02,CONFIRMED,Vancouver,BC,CA
ORD-1000831,CUST-100413,2025-01-03,pending,London,ENG,United Kingdom
ORD-1000832,CUST-100414,2025-09-09,CANCELLED,Manchester,England,United Kingdom
ORD-1000833,CUST-100415,2025-05-01,DELIVERED,Mumbai,mh,India
ORD-1000834,CUST-100416,2025-05-12,delivered,Pune,MH,India
ORD-1000835,CUST-100417,2026-07-20,DELIVERED,Bengaluru,KA,india
ORD-1000836,CUST-100418,2025-06-24,SHIPPED,Austin,Texas,United States
ORD-1000837,CUST-100419,2025-03-12,confirmed,Seattle,wa,United States
ORD-1000838,CUST-100420,2026-07-11,PENDING,Denver,CO,United States
ORD-1000839,CUST-100421,2025-08-06,CANCELLED,Chicago,IL,United States
ORD-1000840,CUST-100422,2025-02-14,delivered,Boston,Massachusetts,United States
ORD-1000841,CUST-100423,2024-08-23,DELIVERED,Miami,fl,United States
ORD-1000842,CUST-100424,2025-09-25,DELIVERED,Phoenix,AZ,United States
ORD-1000843,CUST-100425,2024-06-20,shipped,Portland,OR,United States
ORD-1000844,CUST-100426,2026-07-08,CONFIRMED,Atlanta,Georgia,United States
ORD-1000845,CUST-100427,2025-12-05,PENDING,Dallas,tx,United States
ORD-1000846,CUST-100428,2024-07-24,cancelled,San Diego,CA,United States
ORD-1000847,CUST-100429,2025-05-25,DELIVERED,Minneapolis,MN,United States
ORD-1000848,CUST-100430,2025-01-16,DELIVERED,Nashville,Tennessee,United States
ORD-1000849,CUST-100431,2026-03-28,delivered,Charlotte,nc,United States
ORD-1000850,CUST-100432,2024-08-10,SHIPPED,Columbus,OH,United States
ORD-1000851,CUST-100433,2026-08-09,CONFIRMED,Toronto,ON,Canada
ORD-1000852,CUST-100434,2026-03-30,pending,Vancouver,British Columbia,Canada
ORD-1000853,CUST-100435,2024-07-12,CANCELLED,London,eng,United Kingdom
ORD-1000854,CUST-100436,2026-07-13,DELIVERED,Manchester,ENG,United Kingdom
ORD-1000855,CUST-100437,2024-07-02,delivered,Mumbai,MH,India
ORD-1000856,CUST-100438,2025-02-09,DELIVERED,Pune,Maharashtra,India
ORD-1000857,CUST-100439,2024-12-22,SHIPPED,Bengaluru,ka,India
ORD-1000858,CUST-100440,2024-06-21,confirmed,Austin,TX,United States
ORD-1000859,CUST-100441,2026-02-27,PENDING,Seattle,WA,United States
ORD-1000860,CUST-100442,2024-11-04,CANCELLED,Denver,Colorado,United States
ORD-1000861,CUST-100443,2025-01-31,delivered,Chicago,il,United States
ORD-1000862,CUST-100444,2024-10-08,DELIVERED,Boston,MA,United States
ORD-1000863,CUST-100445,2025-09-28,DELIVERED,Miami,FL,United States
ORD-1000864,CUST-100446,2026-04-17,shipped,Phoenix,Arizona,United States
ORD-1000865,CUST-100447,2024-09-26,CONFIRMED,Portland,or,United States
ORD-1000866,CUST-100448,2025-12-30,PENDING,Atlanta,GA,United States
ORD-1000867,CUST-100449,2025-01-10,cancelled,Dallas,TX,United States
ORD-1000868,CUST-100450,2025-09-20,DELIVERED,San Diego,California,United States
ORD-1000869,CUST-100451,2026-05-18,DELIVERED,Minneapolis,mn,United States
ORD-1000870,CUST-100452,2025-02-18,delivered,Nashville,TN,United States
ORD-1000871,CUST-100453,2026-07-26,SHIPPED,Charlotte,NC,United States
ORD-1000872,CUST-100454,2025-06-13,CONFIRMED,Columbus,Ohio,United States
ORD-1000873,CUST-100455,2024-11-19,pending,Toronto,on,Canada
ORD-1000874,CUST-100456,2026-02-11,CANCELLED,Vancouver,BC,Canada
ORD-1000875,CUST-100457,2026-02-12,DELIVERED,London,ENG,uk
ORD-1000876,CUST-100458,2026-07-06,delivered,Manchester,England,United Kingdom
ORD-1000877,CUST-100459,2026-06-06,DELIVERED,Mumbai,mh,India
ORD-1000878,CUST-100460,2024-09-26,SHIPPED,Pune,MH,India
ORD-1000879,CUST-100461,2026-08-06,confirmed,Bengaluru,KA,India
ORD-1000880,CUST-100462,2024-11-15,PENDING,Austin,Texas,United States
ORD-1000881,CUST-100463,2025-04-15,CANCELLED,Seattle,wa,United States
ORD-1000882,CUST-100464,2024-09-19,delivered,Denver,CO,United States
ORD-1000883,CUST-100465,2026-01-14,DELIVERED,Chicago,IL,United States
ORD-1000884,CUST-100466,2024-06-27,DELIVERED,Boston,Massachusetts,United States
ORD-1000885,CUST-100467,2025-04-16,shipped,Miami,fl,United States
ORD-1000886,CUST-100468,2026-01-11,CONFIRMED,Phoenix,AZ,United States
ORD-1000887,CUST-100469,2026-04-25,PENDING,Portland,OR,United States
ORD-1000888,CUST-100470,2025-06-20,cancelled,Atlanta,Georgia,United States
ORD-1000889,CUST-100471,2025-07-12,DELIVERED,Dallas,tx,United States
ORD-1000890,CUST-100472,2026-06-03,DELIVERED,San Diego,CA,United States
ORD-1000891,CUST-100473,2024-12-21,delivered,Minneapolis,MN,United States
ORD-1000892,CUST-100474,2024-08-17,SHIPPED,Nashville,Tennessee,United States
ORD-1000893,CUST-100475,2026-01-28,CONFIRMED,Charlotte,nc,United States
ORD-1000894,CUST-100476,2026-05-09,pending,Columbus,OH,United States
ORD-1000895,CUST-100477,2026-03-05,CANCELLED,Toronto,ON,canada
ORD-1000896,CUST-100478,2025-02-04,DELIVERED,Vancouver,British Columbia,Canada
ORD-1000897,CUST-100479,2024-09-13,delivered,London,eng,United Kingdom
ORD-1000898,CUST-100480,2026-05-15,DELIVERED,Manchester,ENG,United Kingdom
ORD-1000899,CUST-100481,2026-08-01,SHIPPED,Mumbai,MH,India
ORD-1000900,CUST-100482,2025-04-05,confirmed,Pune,Maharashtra,India
ORD-1000901,CUST-100483,2026-05-02,PENDING,Bengaluru,ka,India
ORD-1000902,CUST-100484,2026-02-05,CANCELLED,Austin,TX,United States
ORD-1000903,CUST-100485,2026-09-03,delivered,Seattle,WA,United States
ORD-1000904,CUST-100486,2024-10-02,DELIVERED,Denver,Colorado,United States
ORD-1000905,CUST-100487,2026-08-25,DELIVERED,Chicago,il,United States
ORD-1000906,CUST-100488,2026-01-01,shipped,Boston,MA,United States
ORD-1000907,CUST-100489,2026-08-11,CONFIRMED,Miami,FL,United States
ORD-1000908,CUST-100490,2024-07-13,PENDING,Phoenix,Arizona,United States
ORD-1000909,CUST-100491,2025-05-22,cancelled,Portland,or,United States
ORD-1000910,CUST-100492,2025-11-28,DELIVERED,Atlanta,GA,United States
ORD-1000911,CUST-100493,2025-08-13,DELIVERED,Dallas,TX,United States
ORD-1000912,CUST-100494,2026-04-09,delivered,San Diego,California,United States
ORD-1000913,CUST-100495,2025-06-15,SHIPPED,Minneapolis,mn,United States
ORD-1000914,CUST-100496,2024-08-10,CONFIRMED,Nashville,TN,United States
ORD-1000915,CUST-100497,2025-11-01,pending,Charlotte,NC,United States
ORD-1000916,CUST-100498,2026-03-26,CANCELLED,Columbus,Ohio,United States
ORD-1000917,CUST-100499,2025-05-16,DELIVERED,Toronto,on,Canada
ORD-1000918,CUST-100041,2024-06-13,delivered,Vancouver,BC,Canada
ORD-1000919,CUST-100042,2025-08-05,DELIVERED,London,ENG,United Kingdom
ORD-1000920,CUST-100043,2025-10-15,SHIPPED,Manchester,England,uk
ORD-1000921,CUST-100044,2024-09-17,confirmed,Mumbai,mh,India
ORD-1000922,CUST-100045,2025-08-18,PENDING,Pune,MH,India
ORD-1000923,CUST-100046,2025-06-06,CANCELLED,Bengaluru,KA,India
ORD-1000924,CUST-100047,2026-03-13,delivered,Austin,Texas,United States
ORD-1000925,CUST-100048,2025-09-14,DELIVERED,Seattle,wa,United States
ORD-1000926,CUST-100049,2026-05-26,DELIVERED,Denver,CO,United States
ORD-1000927,CUST-100050,2024-11-04,shipped,Chicago,IL,United States
ORD-1000928,CUST-100051,2025-08-20,CONFIRMED,Boston,Massachusetts,United States
ORD-1000929,CUST-100052,2024-11-28,PENDING,Miami,fl,United States
ORD-1000930,CUST-100053,2026-06-22,cancelled,Phoenix,AZ,United States
ORD-1000931,CUST-100054,2025-11-17,DELIVERED,Portland,OR,United States
ORD-1000932,CUST-100055,2026-03-29,DELIVERED,Atlanta,Georgia,United States
ORD-1000933,CUST-100056,2025-03-04,delivered,Dallas,tx,United States
ORD-1000934,CUST-100057,2026-02-21,SHIPPED,San Diego,CA,United States
ORD-1000935,CUST-100058,2026-09-06,CONFIRMED,Minneapolis,MN,United States
ORD-1000936,CUST-100059,2025-12-04,pending,Nashville,Tennessee,United States
ORD-1000937,CUST-100060,2026-08-03,CANCELLED,Charlotte,nc,United States
ORD-1000938,CUST-100061,2025-10-09,DELIVERED,Columbus,OH,United States
ORD-1000939,CUST-100062,2025-09-20,delivered,Toronto,ON,Canada
ORD-1000940,CUST-100063,2025-08-21,DELIVERED,Vancouver,British Columbia,canada
ORD-1000941,CUST-100064,2026-06-19,SHIPPED,London,eng,United Kingdom
ORD-1000942,CUST-100065,2026-01-28,confirmed,Manchester,ENG,United Kingdom
ORD-1000943,CUST-100066,2025-03-02,PENDING,Mumbai,MH,India
ORD-1000944,CUST-100067,2025-04-27,CANCELLED,Pune,Maharashtra,India
ORD-1000945,CUST-100068,2025-02-07,delivered,Bengaluru,ka,India
ORD-1000946,CUST-100069,2024-08-28,DELIVERED,Austin,TX,United States
ORD-1000947,CUST-100070,2025-03-13,DELIVERED,Seattle,WA,United States
ORD-1000948,CUST-100071,2025-09-05,shipped,Denver,Colorado,United States
ORD-1000949,CUST-100072,2025-02-05,CONFIRMED,Chicago,il,United States
ORD-1000950,CUST-100073,2026-07-09,PENDING,Boston,MA,United States
ORD-1000951,CUST-100074,2025-09-19,cancelled,Miami,FL,United States
ORD-1000952,CUST-100075,2026-01-05,DELIVERED,Phoenix,Arizona,United States
ORD-1000953,CUST-100076,2026-02-15,DELIVERED,Portland,or,United States
ORD-1000954,CUST-100077,2026-04-16,delivered,Atlanta,GA,United States
ORD-1000955,CUST-100078,2025-06-24,SHIPPED,Dallas,TX,United States
ORD-1000956,CUST-100079,2025-05-11,CONFIRMED,San Diego,California,United States
ORD-1000957,CUST-100080,2024-06-30,pending,Minneapolis,mn,United States
ORD-1000958,CUST-100081,2025-10-20,CANCELLED,Nashville,TN,United States
ORD-1000959,CUST-100082,2025-04-29,DELIVERED,Charlotte,NC,United States
ORD-1000960,CUST-100083,2024-12-04,delivered,Columbus,Ohio,United States
ORD-1000961,CUST-100084,2025-10-13,DELIVERED,Toronto,on,Canada
ORD-1000962,CUST-100085,2025-01-04,SHIPPED,Vancouver,BC,Canada
ORD-1000963,CUST-100086,2025-05-30,confirmed,London,ENG,United Kingdom
ORD-1000964,CUST-100087,2026-08-26,PENDING,Manchester,England,United Kingdom
ORD-1000965,CUST-100088,2025-02-20,CANCELLED,Mumbai,mh,IN
ORD-1000966,CUST-100089,2025-05-15,delivered,Pune,MH,India
ORD-1000967,CUST-100090,2025-03-14,DELIVERED,Bengaluru,KA,India
ORD-1000968,CUST-100091,2026-02-01,DELIVERED,Austin,Texas,United States
ORD-1000969,CUST-100092,2026-05-20,shipped,Seattle,wa,United States
ORD-1000970,CUST-100093,2025-03-10,CONFIRMED,Denver,CO,United States
ORD-1000971,CUST-100094,2025-12-22,PENDING,Chicago,IL,United States
ORD-1000972,CUST-100095,2024-06-11,cancelled,Boston,Massachusetts,United States
ORD-1000973,CUST-100096,2025-11-12,DELIVERED,Miami,fl,United States
ORD-1000974,CUST-100097,2024-12-13,DELIVERED,Phoenix,AZ,United States
ORD-1000975,CUST-100098,2024-08-27,delivered,Portland,OR,United States
ORD-1000976,CUST-100099,2025-02-03,SHIPPED,Atlanta,Georgia,United States
ORD-1000977,CUST-100100,2026-06-08,CONFIRMED,Dallas,tx,United States
ORD-1000978,CUST-100101,2025-07-22,pending,San Diego,CA,United States
ORD-1000979,CUST-100102,2025-10-14,CANCELLED,Minneapolis,MN,United States
ORD-1000980,CUST-100103,2025-12-21,DELIVERED,Nashville,Tennessee,United States
ORD-1000981,CUST-100104,2026-07-17,delivered,Charlotte,nc,United States
ORD-1000982,CUST-100105,2025-02-02,DELIVERED,Columbus,OH,United States
ORD-1000983,CUST-100106,2026-05-09,SHIPPED,Toronto,ON,Canada
ORD-1000984,CUST-100107,2025-10-01,confirmed,Vancouver,British Columbia,Canada
ORD-1000985,CUST-100108,2026-03-24,PENDING,London,eng,UK
ORD-1000986,CUST-100109,2026-05-30,CANCELLED,Manchester,ENG,United Kingdom
ORD-1000987,CUST-100110,2025-10-16,delivered,Mumbai,MH,India
ORD-1000988,CUST-100111,2025-09-02,DELIVERED,Pune,Maharashtra,India
ORD-1000989,CUST-100112,2026-08-21,DELIVERED,Bengaluru,ka,India
ORD-1000990,CUST-100113,2024-06-18,shipped,Austin,TX,United States
ORD-1000991,CUST-100114,2024-09-04,CONFIRMED,Seattle,WA,United States
ORD-1000992,CUST-100115,2025-03-29,PENDING,Denver,Colorado,United States
ORD-1000993,CUST-100116,2025-01-13,cancelled,Chicago,il,United States
ORD-1000994,CUST-100117,2025-07-20,DELIVERED,Boston,MA,United States
ORD-1000995,CUST-100118,2026-05-10,DELIVERED,Miami,FL,United States
ORD-1000996,CUST-100119,2025-02-05,delivered,Phoenix,Arizona,United States
ORD-1000997,CUST-100120,2025-04-10,SHIPPED,Portland,or,United States
ORD-1000998,CUST-100121,2026-04-11,CONFIRMED,Atlanta,GA,United States
ORD-1000999,CUST-100122,2026-01-17,pending,Dallas,TX,United States
ORD-1001000,CUST-100123,2025-06-13,CANCELLED,San Diego,California,United States
ORD-1001001,CUST-100124,2025-09-28,DELIVERED,Minneapolis,mn,United States
ORD-1001002,CUST-100125,2025-12-19,delivered,Nashville,TN,United States
ORD-1001003,CUST-100126,2025-11-26,DELIVERED,Charlotte,NC,United States
ORD-1001004,CUST-100127,2025-05-19,SHIPPED,Columbus,Ohio,United States
ORD-1001005,CUST-100128,2025-08-10,confirmed,Toronto,on,Canada
ORD-1001006,CUST-100129,2026-07-04,PENDING,Vancouver,BC,Canada
ORD-1001007,CUST-100130,2025-12-16,CANCELLED,London,ENG,United Kingdom
ORD-1001008,CUST-100131,2025-05-05,delivered,Manchester,England,United Kingdom
ORD-1001009,CUST-100132,2025-05-27,DELIVERED,Mumbai,mh,India
ORD-1001010,CUST-100133,2026-05-21,DELIVERED,Pune,MH,IN
ORD-1001011,CUST-100134,2025-09-08,shipped,Bengaluru,KA,India
ORD-1001012,CUST-100135,2025-03-05,CONFIRMED,Austin,Texas,United States
ORD-1001013,CUST-100136,2025-04-10,PENDING,Seattle,wa,United States
ORD-1001014,CUST-100137,2025-02-13,cancelled,Denver,CO,United States
ORD-1001015,CUST-100138,2025-01-23,DELIVERED,Chicago,IL,United States
ORD-1001016,CUST-100139,2024-10-02,DELIVERED,Boston,Massachusetts,United States
ORD-1001017,CUST-100140,2026-06-09,delivered,Miami,fl,United States
ORD-1001018,CUST-100141,2024-12-15,SHIPPED,Phoenix,AZ,United States
ORD-1001019,CUST-100142,2025-04-20,CONFIRMED,Portland,OR,United States
ORD-1001020,CUST-100143,2024-10-01,pending,Atlanta,Georgia,United States
ORD-1001021,CUST-100144,2026-07-01,CANCELLED,Dallas,tx,United States
ORD-1001022,CUST-100145,2025-12-01,DELIVERED,San Diego,CA,United States
ORD-1001023,CUST-100146,2026-07-21,delivered,Minneapolis,MN,United States
ORD-1001024,CUST-100147,2026-05-08,DELIVERED,Nashville,Tennessee,United States
ORD-1001025,CUST-100148,2024-12-07,SHIPPED,Charlotte,nc,United States
ORD-1001026,CUST-100149,2024-12-14,confirmed,Columbus,OH,United States
ORD-1001027,CUST-100150,2025-01-08,PENDING,Toronto,ON,Canada
ORD-1001028,CUST-100151,2026-06-27,CANCELLED,Vancouver,British Columbia,Canada
ORD-1001029,CUST-100152,2025-10-09,delivered,London,eng,United Kingdom
ORD-1001030,CUST-100153,2025-03-11,DELIVERED,Manchester,ENG,UK
ORD-1001031,CUST-100154,2026-06-12,DELIVERED,Mumbai,MH,India
ORD-1001032,CUST-100155,2026-01-25,shipped,Pune,Maharashtra,India
ORD-1001033,CUST-100156,2026-07-19,CONFIRMED,Bengaluru,ka,India
ORD-1001034,CUST-100157,2025-11-20,PENDING,Austin,TX,United States
ORD-1001035,CUST-100158,2026-02-02,cancelled,Seattle,WA,United States
ORD-1001036,CUST-100159,2025-03-17,DELIVERED,Denver,Colorado,United States
ORD-1001037,CUST-100160,2024-09-11,DELIVERED,Chicago,il,United States
ORD-1001038,CUST-100161,2024-12-16,delivered,Boston,MA,United States
ORD-1001039,CUST-100162,2025-03-31,SHIPPED,Miami,FL,United States
ORD-1001040,CUST-100163,2025-01-19,CONFIRMED,Phoenix,Arizona,United States
ORD-1001041,CUST-100164,2025-06-05,pending,Portland,or,United States
ORD-1001042,CUST-100165,2024-12-01,CANCELLED,Atlanta,GA,United States
ORD-1001043,CUST-100166,2025-04-06,DELIVERED,Dallas,TX,United States
ORD-1001044,CUST-100167,2024-06-15,delivered,San Diego,California,United States
ORD-1001045,CUST-100168,2026-05-27,DELIVERED,Minneapolis,mn,United States
ORD-1001046,CUST-100169,2025-11-29,SHIPPED,Nashville,TN,United States
ORD-1001047,CUST-100170,2024-10-08,confirmed,Charlotte,NC,United States
ORD-1001048,CUST-100171,2025-03-08,PENDING,Columbus,Ohio,United States
ORD-1001049,CUST-100172,2024-07-17,CANCELLED,Toronto,on,Canada
ORD-1001050,CUST-100173,2024-07-26,delivered,Vancouver,BC,Canada
ORD-1001051,CUST-100174,2025-12-19,DELIVERED,London,ENG,United Kingdom
ORD-1001052,CUST-100175,2025-03-27,DELIVERED,Manchester,England,United Kingdom
ORD-1001053,CUST-100176,2026-05-16,shipped,Mumbai,mh,India
ORD-1001054,CUST-100177,2024-10-08,CONFIRMED,Pune,MH,India
ORD-1001055,CUST-100178,2026-03-16,PENDING,Bengaluru,KA,IN
ORD-1001056,CUST-100179,2026-07-11,cancelled,Austin,Texas,United States
ORD-1001057,CUST-100180,2025-10-16,DELIVERED,Seattle,wa,United States
ORD-1001058,CUST-100181,2024-09-14,DELIVERED,Denver,CO,United States
ORD-1001059,CUST-100182,2024-06-13,delivered,Chicago,IL,United States
ORD-1001060,CUST-100183,2026-01-09,SHIPPED,Boston,Massachusetts,United States
ORD-1001061,CUST-100184,2025-03-19,CONFIRMED,Miami,fl,United States
ORD-1001062,CUST-100185,2025-09-24,pending,Phoenix,AZ,United States
ORD-1001063,CUST-100186,2025-10-04,CANCELLED,Portland,OR,United States
ORD-1001064,CUST-100187,2025-08-26,DELIVERED,Atlanta,Georgia,United States
ORD-1001065,CUST-100188,2025-05-15,delivered,Dallas,tx,United States
ORD-1001066,CUST-100189,2024-12-06,DELIVERED,San Diego,CA,United States
ORD-1001067,CUST-100190,2024-07-23,SHIPPED,Minneapolis,MN,United States
ORD-1001068,CUST-100191,2025-02-14,confirmed,Nashville,Tennessee,United States
ORD-1001069,CUST-100192,2025-10-03,PENDING,Charlotte,nc,United States
ORD-1001070,CUST-100193,2024-09-25,CANCELLED,Columbus,OH,United States
ORD-1001071,CUST-100194,2024-08-06,delivered,Toronto,ON,Canada
ORD-1001072,CUST-100195,2025-07-16,DELIVERED,Vancouver,British Columbia,Canada
ORD-1001073,CUST-100196,2025-10-17,DELIVERED,London,eng,United Kingdom
ORD-1001074,CUST-100197,2024-08-15,shipped,Manchester,ENG,United Kingdom
ORD-1001075,CUST-100198,2026-01-12,CONFIRMED,Mumbai,MH,india
ORD-1001076,CUST-100199,2026-03-07,PENDING,Pune,Maharashtra,India
ORD-1001077,CUST-100200,2026-05-04,cancelled,Bengaluru,ka,India
ORD-1001078,CUST-100201,2024-07-25,DELIVERED,Austin,TX,United States
ORD-1001079,CUST-100202,2024-11-03,DELIVERED,Seattle,WA,United States
ORD-1001080,CUST-100203,2024-10-31,delivered,Denver,Colorado,United States
ORD-1001081,CUST-100204,2026-09-09,SHIPPED,Chicago,il,United States
ORD-1001082,CUST-100205,2025-12-29,CONFIRMED,Boston,MA,United States
ORD-1001083,CUST-100206,2025-04-08,pending,Miami,FL,United States
ORD-1001084,CUST-100207,2024-08-27,CANCELLED,Phoenix,Arizona,United States
ORD-1001085,CUST-100208,2025-02-10,DELIVERED,Portland,or,United States
ORD-1001086,CUST-100209,2024-09-30,delivered,Atlanta,GA,United States
ORD-1001087,CUST-100210,2025-12-24,DELIVERED,Dallas,TX,United States
ORD-1001088,CUST-100211,2026-07-23,SHIPPED,San Diego,California,United States
ORD-1001089,CUST-100212,2025-08-01,confirmed,Minneapolis,mn,United States
ORD-1001090,CUST-100213,2026-02-11,PENDING,Nashville,TN,United States
ORD-1001091,CUST-100214,2026-02-01,CANCELLED,Charlotte,NC,United States
ORD-1001092,CUST-100215,2026-08-19,delivered,Columbus,Ohio,United States
ORD-1001093,CUST-100216,2026-02-24,DELIVERED,Toronto,on,Canada
ORD-1001094,CUST-100217,2025-01-18,DELIVERED,Vancouver,BC,Canada
ORD-1001095,CUST-100218,2026-08-04,shipped,London,ENG,United Kingdom
ORD-1001096,CUST-100219,2025-11-18,CONFIRMED,Manchester,England,United Kingdom
ORD-1001097,CUST-100220,2025-06-25,PENDING,Mumbai,mh,India
ORD-1001098,CUST-100221,2025-09-05,cancelled,Pune,MH,India
ORD-1001099,CUST-100222,2025-08-28,DELIVERED,Bengaluru,KA,India
ORD-1001100,CUST-100223,2025-04-01,DELIVERED,Austin,Texas,United States
ORD-1001101,CUST-100224,2026-01-24,delivered,Seattle,wa,United States
ORD-1001102,CUST-100225,2025-08-14,SHIPPED,Denver,CO,United States
ORD-1001103,CUST-100226,2025-04-09,CONFIRMED,Chicago,IL,United States
ORD-1001104,CUST-100227,2026-01-04,pending,Boston,Massachusetts,United States
ORD-1001105,CUST-100228,2026-02-26,CANCELLED,Miami,fl,United States
ORD-1001106,CUST-100229,2024-08-01,DELIVERED,Phoenix,AZ,United States
ORD-1001107,CUST-100230,2026-02-15,delivered,Portland,OR,United States
ORD-1001108,CUST-100231,2026-06-28,DELIVERED,Atlanta,Georgia,United States
ORD-1001109,CUST-100232,2024-09-10,SHIPPED,Dallas,tx,United States
ORD-1001110,CUST-100233,2026-07-22,confirmed,San Diego,CA,United States
ORD-1001111,CUST-100234,2024-12-30,PENDING,Minneapolis,MN,United States
ORD-1001112,CUST-100235,2026-03-03,CANCELLED,Nashville,Tennessee,United States
ORD-1001113,CUST-100236,2025-01-03,delivered,Charlotte,nc,United States
ORD-1001114,CUST-100237,2025-02-26,DELIVERED,Columbus,OH,United States
ORD-1001115,CUST-100238,2026-04-08,DELIVERED,Toronto,ON,CA
ORD-1001116,CUST-100239,2024-08-23,shipped,Vancouver,British Columbia,Canada
ORD-1001117,CUST-100240,2024-11-08,CONFIRMED,London,eng,United Kingdom
ORD-1001118,CUST-100241,2025-02-01,PENDING,Manchester,ENG,United Kingdom
ORD-1001119,CUST-100242,2024-11-25,cancelled,Mumbai,MH,India
ORD-1001120,CUST-100243,2025-12-18,DELIVERED,Pune,Maharashtra,india
ORD-1001121,CUST-100244,2024-08-16,DELIVERED,Bengaluru,ka,India
ORD-1001122,CUST-100245,2024-11-08,delivered,Austin,TX,United States
ORD-1001123,CUST-100246,2024-06-03,SHIPPED,Seattle,WA,United States
ORD-1001124,CUST-100247,2025-07-24,CONFIRMED,Denver,Colorado,United States
ORD-1001125,CUST-100248,2025-09-05,pending,Chicago,il,United States
ORD-1001126,CUST-100249,2026-05-07,CANCELLED,Boston,MA,United States
ORD-1001127,CUST-100250,2026-01-30,DELIVERED,Miami,FL,United States
ORD-1001128,CUST-100251,2025-09-25,delivered,Phoenix,Arizona,United States
ORD-1001129,CUST-100252,2025-03-26,DELIVERED,Portland,or,United States
ORD-1001130,CUST-100253,2024-07-04,SHIPPED,Atlanta,GA,United States
ORD-1001131,CUST-100254,2025-01-24,confirmed,Dallas,TX,United States
ORD-1001132,CUST-100255,2025-03-23,PENDING,San Diego,California,United States
ORD-1001133,CUST-100256,2026-05-25,CANCELLED,Minneapolis,mn,United States
ORD-1001134,CUST-100257,2025-03-17,delivered,Nashville,TN,United States
ORD-1001135,CUST-100258,2026-05-21,DELIVERED,Charlotte,NC,United States
ORD-1001136,CUST-100259,2025-09-08,DELIVERED,Columbus,Ohio,United States
ORD-1001137,CUST-100260,2024-08-12,shipped,Toronto,on,Canada
ORD-1001138,CUST-100261,2026-05-05,CONFIRMED,Vancouver,BC,Canada
ORD-1001139,CUST-100262,2025-01-26,PENDING,London,ENG,United Kingdom
ORD-1001140,CUST-100263,2025-02-26,cancelled,Manchester,England,United Kingdom
ORD-1001141,CUST-100264,2026-08-16,DELIVERED,Mumbai,mh,India
ORD-1001142,CUST-100265,2026-08-20,DELIVERED,Pune,MH,India
ORD-1001143,CUST-100266,2026-03-03,delivered,Bengaluru,KA,India
ORD-1001144,CUST-100267,2026-01-25,SHIPPED,Austin,Texas,United States
ORD-1001145,CUST-100268,2026-04-09,CONFIRMED,Seattle,wa,United States
ORD-1001146,CUST-100269,2026-09-02,pending,Denver,CO,United States
ORD-1001147,CUST-100270,2024-12-20,CANCELLED,Chicago,IL,United States
ORD-1001148,CUST-100271,2025-08-10,DELIVERED,Boston,Massachusetts,United States
ORD-1001149,CUST-100272,2024-09-26,delivered,Miami,fl,United States
ORD-1001150,CUST-100273,2025-12-10,DELIVERED,Phoenix,AZ,United States
ORD-1001151,CUST-100274,2025-01-17,SHIPPED,Portland,OR,United States
ORD-1001152,CUST-100275,2026-03-26,confirmed,Atlanta,Georgia,United States
ORD-1001153,CUST-100276,2024-10-31,PENDING,Dallas,tx,United States
ORD-1001154,CUST-100277,2025-02-28,CANCELLED,San Diego,CA,United States
ORD-1001155,CUST-100278,2024-10-24,delivered,Minneapolis,MN,United States
ORD-1001156,CUST-100279,2024-08-13,DELIVERED,Nashville,Tennessee,United States
ORD-1001157,CUST-100280,2024-08-01,DELIVERED,Charlotte,nc,United States
ORD-1001158,CUST-100281,2024-11-17,shipped,Columbus,OH,United States
ORD-1001159,CUST-100282,2026-08-21,CONFIRMED,Toronto,ON,Canada
ORD-1001160,CUST-100283,2025-04-11,PENDING,Vancouver,British Columbia,CA
ORD-1001161,CUST-100284,2026-01-31,cancelled,London,eng,United Kingdom
ORD-1001162,CUST-100285,2026-07-07,DELIVERED,Manchester,ENG,United Kingdom
ORD-1001163,CUST-100286,2026-01-04,DELIVERED,Mumbai,MH,India
ORD-1001164,CUST-100287,2025-03-23,delivered,Pune,Maharashtra,India
ORD-1001165,CUST-100288,2025-08-24,SHIPPED,Bengaluru,ka,india
ORD-1001166,CUST-100289,2024-10-06,CONFIRMED,Austin,TX,United States
ORD-1001167,CUST-100290,2025-09-23,pending,Seattle,WA,United States
ORD-1001168,CUST-100291,2026-05-07,CANCELLED,Denver,Colorado,United States
ORD-1001169,CUST-100292,2025-04-08,DELIVERED,Chicago,il,United States
ORD-1001170,CUST-100293,2026-05-18,delivered,Boston,MA,United States
ORD-1001171,CUST-100294,2025-07-18,DELIVERED,Miami,FL,United States
ORD-1001172,CUST-100295,2025-03-06,SHIPPED,Phoenix,Arizona,United States
ORD-1001173,CUST-100296,2025-10-26,confirmed,Portland,or,United States
ORD-1001174,CUST-100297,2025-12-05,PENDING,Atlanta,GA,United States
ORD-1001175,CUST-100298,2025-10-19,CANCELLED,Dallas,TX,United States
ORD-1001176,CUST-100299,2025-08-23,delivered,San Diego,California,United States
ORD-1001177,CUST-100300,2024-08-22,DELIVERED,Minneapolis,mn,United States
ORD-1001178,CUST-100301,2026-02-03,DELIVERED,Nashville,TN,United States
ORD-1001179,CUST-100302,2024-07-11,shipped,Charlotte,NC,United States
ORD-1001180,CUST-100303,2025-08-17,CONFIRMED,Columbus,Ohio,United States
ORD-1001181,CUST-100304,2026-06-23,PENDING,Toronto,on,Canada
ORD-1001182,CUST-100305,2025-04-27,cancelled,Vancouver,BC,Canada
ORD-1001183,CUST-100306,2026-02-09,DELIVERED,London,ENG,United Kingdom
ORD-1001184,CUST-100307,2025-02-12,DELIVERED,Manchester,England,United Kingdom
ORD-1001185,CUST-100308,2024-06-27,delivered,Mumbai,mh,India
ORD-1001186,CUST-100309,2024-09-02,SHIPPED,Pune,MH,India
ORD-1001187,CUST-100310,2025-01-21,CONFIRMED,Bengaluru,KA,India
ORD-1001188,CUST-100311,2026-04-22,pending,Austin,Texas,United States
ORD-1001189,CUST-100312,2026-01-11,CANCELLED,Seattle,wa,United States
ORD-1001190,CUST-100313,2026-01-23,DELIVERED,Denver,CO,United States
ORD-1001191,CUST-100314,2024-06-22,delivered,Chicago,IL,United States
ORD-1001192,CUST-100315,2026-07-24,DELIVERED,Boston,Massachusetts,United States
ORD-1001193,CUST-100316,2026-04-20,SHIPPED,Miami,fl,United States
ORD-1001194,CUST-100317,2025-03-03,confirmed,Phoenix,AZ,United States
ORD-1001195,CUST-100318,2026-01-12,PENDING,Portland,OR,United States
ORD-1001196,CUST-100319,2024-07-12,CANCELLED,Atlanta,Georgia,United States
ORD-1001197,CUST-100320,2026-07-22,delivered,Dallas,tx,United States
ORD-1001198,CUST-100321,2026-07-15,DELIVERED,San Diego,CA,United States
ORD-1001199,CUST-100322,2024-11-27,DELIVERED,Minneapolis,MN,United States
ORD-1001200,CUST-100323,2025-09-25,shipped,Nashville,Tennessee,United States
ORD-1001201,CUST-100324,2025-11-14,CONFIRMED,Charlotte,nc,United States
ORD-1001202,CUST-100325,2026-03-30,PENDING,Columbus,OH,United States
ORD-1001203,CUST-100326,2025-08-27,cancelled,Toronto,ON,Canada
ORD-1001204,CUST-100327,2025-03-12,DELIVERED,Vancouver,British Columbia,Canada
ORD-1001205,CUST-100328,2024-12-03,DELIVERED,London,eng,uk
ORD-1001206,CUST-100329,2026-01-21,delivered,Manchester,ENG,United Kingdom
ORD-1001207,CUST-100330,2025-08-21,SHIPPED,Mumbai,MH,India
ORD-1001208,CUST-100331,2026-03-13,CONFIRMED,Pune,Maharashtra,India
ORD-1001209,CUST-100332,2026-09-12,pending,Bengaluru,ka,India
ORD-1001210,CUST-100333,2025-10-17,CANCELLED,Austin,TX,United States
ORD-1001211,CUST-100334,2024-09-02,DELIVERED,Seattle,WA,United States
ORD-1001212,CUST-100335,2025-09-25,delivered,Denver,Colorado,United States
ORD-1001213,CUST-100336,2025-05-23,DELIVERED,Chicago,il,United States
ORD-1001214,CUST-100337,2025-07-24,SHIPPED,Boston,MA,United States
ORD-1001215,CUST-100338,2025-05-08,confirmed,Miami,FL,United States
ORD-1001216,CUST-100339,2025-04-25,PENDING,Phoenix,Arizona,United States
ORD-1001217,CUST-100340,2026-04-18,CANCELLED,Portland,or,United States
ORD-1001218,CUST-100341,2024-09-16,delivered,Atlanta,GA,United States
ORD-1001219,CUST-100342,2024-11-12,DELIVERED,Dallas,TX,United States
ORD-1001220,CUST-100343,2025-05-04,DELIVERED,San Diego,California,United States
ORD-1001221,CUST-100344,2025-07-27,shipped,Minneapolis,mn,United States
ORD-1001222,CUST-100345,2026-05-12,CONFIRMED,Nashville,TN,United States
ORD-1001223,CUST-100346,2025-10-21,PENDING,Charlotte,NC,United States
ORD-1001224,CUST-100347,2025-03-23,cancelled,Columbus,Ohio,United States
ORD-1001225,CUST-100348,2026-04-10,DELIVERED,Toronto,on,canada
ORD-1001226,CUST-100349,2025-07-16,DELIVERED,Vancouver,BC,Canada
ORD-1001227,CUST-100350,2026-09-12,delivered,London,ENG,United Kingdom
ORD-1001228,CUST-100351,2026-07-19,SHIPPED,Manchester,England,United Kingdom
ORD-1001229,CUST-100352,2025-12-16,CONFIRMED,Mumbai,mh,India
ORD-1001230,CUST-100353,2024-07-08,pending,Pune,MH,India
ORD-1001231,CUST-100354,2025-09-09,CANCELLED,Bengaluru,KA,India
ORD-1001232,CUST-100355,2024-08-30,DELIVERED,Austin,Texas,United States
ORD-1001233,CUST-100356,2025-04-19,delivered,Seattle,wa,United States
ORD-1001234,CUST-100357,2025-02-14,DELIVERED,Denver,CO,United States
ORD-1001235,CUST-100358,2025-04-28,SHIPPED,Chicago,IL,United States
ORD-1001236,CUST-100359,2024-09-27,confirmed,Boston,Massachusetts,United States
ORD-1001237,CUST-100360,2026-08-01,PENDING,Miami,fl,United States
ORD-1001238,CUST-100361,2025-07-19,CANCELLED,Phoenix,AZ,United States
ORD-1001239,CUST-100362,2025-11-09,delivered,Portland,OR,United States
ORD-1001240,CUST-100363,2024-06-02,DELIVERED,Atlanta,Georgia,United States
ORD-1001241,CUST-100364,2026-04-05,DELIVERED,Dallas,tx,United States
ORD-1001242,CUST-100365,2025-12-08,shipped,San Diego,CA,United States
ORD-1001243,CUST-100366,2025-09-17,CONFIRMED,Minneapolis,MN,United States
ORD-1001244,CUST-100367,2025-07-29,PENDING,Nashville,Tennessee,United States
ORD-1001245,CUST-100368,2024-07-26,cancelled,Charlotte,nc,United States
ORD-1001246,CUST-100369,2024-12-10,DELIVERED,Columbus,OH,United States
ORD-1001247,CUST-100370,2025-11-13,DELIVERED,Toronto,ON,Canada
ORD-1001248,CUST-100371,2025-06-06,delivered,Vancouver,British Columbia,Canada
ORD-1001249,CUST-100372,2026-02-28,SHIPPED,London,eng,United Kingdom
ORD-1001250,CUST-100373,2026-07-15,CONFIRMED,Manchester,ENG,uk
ORD-1001251,CUST-100374,2025-10-24,pending,Mumbai,MH,India
ORD-1001252,CUST-100375,2026-03-03,CANCELLED,Pune,Maharashtra,India
ORD-1001253,CUST-100376,2025-08-27,DELIVERED,Bengaluru,ka,India
ORD-1001254,CUST-100377,2026-07-19,delivered,Austin,TX,United States
ORD-1001255,CUST-100378,2024-07-23,DELIVERED,Seattle,WA,United States
ORD-1001256,CUST-100379,2024-12-26,SHIPPED,Denver,Colorado,United States
ORD-1001257,CUST-100380,2025-03-01,confirmed,Chicago,il,United States
ORD-1001258,CUST-100381,2025-12-15,PENDING,Boston,MA,United States
ORD-1001259,CUST-100382,2024-10-13,CANCELLED,Miami,FL,United States
ORD-1001260,CUST-100383,2025-03-22,delivered,Phoenix,Arizona,United States
ORD-1001261,CUST-100384,2025-08-23,DELIVERED,Portland,or,United States
ORD-1001262,CUST-100385,2026-05-17,DELIVERED,Atlanta,GA,United States
ORD-1001263,CUST-100386,2025-10-10,shipped,Dallas,TX,United States
ORD-1001264,CUST-100387,2024-10-03,CONFIRMED,San Diego,California,United States
ORD-1001265,CUST-100388,2024-06-30,PENDING,Minneapolis,mn,United States
ORD-1001266,CUST-100389,2026-03-08,cancelled,Nashville,TN,United States
ORD-1001267,CUST-100390,2026-02-14,DELIVERED,Charlotte,NC,United States
ORD-1001268,CUST-100391,2026-08-28,DELIVERED,Columbus,Ohio,United States
ORD-1001269,CUST-100392,2025-02-01,delivered,Toronto,on,Canada
ORD-1001270,CUST-100393,2026-05-28,SHIPPED,Vancouver,BC,canada
ORD-1001271,CUST-100394,2024-11-10,CONFIRMED,London,ENG,United Kingdom
ORD-1001272,CUST-100395,2025-04-15,pending,Manchester,England,United Kingdom
ORD-1001273,CUST-100396,2025-12-17,CANCELLED,Mumbai,mh,India
ORD-1001274,CUST-100397,2024-06-15,DELIVERED,Pune,MH,India
ORD-1001275,CUST-100398,2025-12-18,delivered,Bengaluru,KA,India
ORD-1001276,CUST-100399,2025-07-23,DELIVERED,Austin,Texas,United States
ORD-1001277,CUST-100400,2024-09-04,SHIPPED,Seattle,wa,United States
ORD-1001278,CUST-100401,2025-01-17,confirmed,Denver,CO,United States
ORD-1001279,CUST-100402,2024-09-25,PENDING,Chicago,IL,United States
ORD-1001280,CUST-100403,2025-09-16,CANCELLED,Boston,Massachusetts,United States
ORD-1001281,CUST-100404,2024-09-29,delivered,Miami,fl,United States
ORD-1001282,CUST-100405,2026-03-26,DELIVERED,Phoenix,AZ,United States
ORD-1001283,CUST-100406,2024-11-05,DELIVERED,Portland,OR,United States
ORD-1001284,CUST-100407,2025-10-24,shipped,Atlanta,Georgia,United States
ORD-1001285,CUST-100408,2026-06-04,CONFIRMED,Dallas,tx,United States
ORD-1001286,CUST-100409,2025-03-26,PENDING,San Diego,CA,United States
ORD-1001287,CUST-100410,2025-11-04,cancelled,Minneapolis,MN,United States
ORD-1001288,CUST-100411,2026-05-24,DELIVERED,Nashville,Tennessee,United States
ORD-1001289,CUST-100412,2025-03-07,DELIVERED,Charlotte,nc,United States
ORD-1001290,CUST-100413,2025-07-31,delivered,Columbus,OH,United States
ORD-1001291,CUST-100414,2025-10-08,SHIPPED,Toronto,ON,Canada
ORD-1001292,CUST-100415,2025-09-27,CONFIRMED,Vancouver,British Columbia,Canada
ORD-1001293,CUST-100416,2025-02-05,pending,London,eng,United Kingdom
ORD-1001294,CUST-100417,2025-09-11,CANCELLED,Manchester,ENG,United Kingdom
ORD-1001295,CUST-100418,2025-12-17,DELIVERED,Mumbai,MH,IN
ORD-1001296,CUST-100419,2024-10-27,delivered,Pune,Maharashtra,India
ORD-1001297,CUST-100420,2025-06-28,DELIVERED,Bengaluru,ka,India
ORD-1001298,CUST-100421,2024-12-13,SHIPPED,Austin,TX,United States
ORD-1001299,CUST-100422,2026-02-04,confirmed,Seattle,WA,United States
ORD-1001300,CUST-100423,2025-11-03,PENDING,Denver,Colorado,United States
ORD-1001301,CUST-100424,2026-07-05,CANCELLED,Chicago,il,United States
ORD-1001302,CUST-100425,2024-10-18,delivered,Boston,MA,United States
ORD-1001303,CUST-100426,2024-08-11,DELIVERED,Miami,FL,United States
ORD-1001304,CUST-100427,2025-03-10,DELIVERED,Phoenix,Arizona,United States
ORD-1001305,CUST-100428,2026-08-01,shipped,Portland,or,United States
ORD-1001306,CUST-100429,2026-08-18,CONFIRMED,Atlanta,GA,United States
ORD-1001307,CUST-100430,2025-07-30,PENDING,Dallas,TX,United States
ORD-1001308,CUST-100431,2025-05-15,cancelled,San Diego,California,United States
ORD-1001309,CUST-100432,2026-08-16,DELIVERED,Minneapolis,mn,United States
ORD-1001310,CUST-100433,2025-11-02,DELIVERED,Nashville,TN,United States
ORD-1001311,CUST-100434,2025-03-01,delivered,Charlotte,NC,United States
ORD-1001312,CUST-100435,2024-06-03,SHIPPED,Columbus,Ohio,United States
ORD-1001313,CUST-100436,2025-03-17,CONFIRMED,Toronto,on,Canada
ORD-1001314,CUST-100437,2026-06-14,pending,Vancouver,BC,Canada
ORD-1001315,CUST-100438,2025-04-02,CANCELLED,London,ENG,UK
ORD-1001316,CUST-100439,2026-01-23,DELIVERED,Manchester,England,United Kingdom
ORD-1001317,CUST-100440,2026-01-15,delivered,Mumbai,mh,India
ORD-1001318,CUST-100441,2026-04-07,DELIVERED,Pune,MH,India
ORD-1001319,CUST-100442,2025-10-15,SHIPPED,Bengaluru,KA,India
ORD-1001320,CUST-100443,2024-10-31,confirmed,Austin,Texas,United States
ORD-1001321,CUST-100444,2025-09-01,PENDING,Seattle,wa,United States
ORD-1001322,CUST-100445,2025-12-04,CANCELLED,Denver,CO,United States
ORD-1001323,CUST-100446,2025-10-09,delivered,Chicago,IL,United States
ORD-1001324,CUST-100447,2025-05-20,DELIVERED,Boston,Massachusetts,United States
ORD-1001325,CUST-100448,2025-05-07,DELIVERED,Miami,fl,United States
ORD-1001326,CUST-100449,2025-12-18,shipped,Phoenix,AZ,United States
ORD-1001327,CUST-100450,2026-07-22,CONFIRMED,Portland,OR,United States
ORD-1001328,CUST-100451,2025-12-09,PENDING,Atlanta,Georgia,United States
ORD-1001329,CUST-100452,2025-06-22,cancelled,Dallas,tx,United States
ORD-1001330,CUST-100453,2025-09-10,DELIVERED,San Diego,CA,United States
ORD-1001331,CUST-100454,2025-04-26,DELIVERED,Minneapolis,MN,United States
ORD-1001332,CUST-100455,2024-12-11,delivered,Nashville,Tennessee,United States
ORD-1001333,CUST-100456,2026-05-16,SHIPPED,Charlotte,nc,United States
ORD-1001334,CUST-100457,2025-01-31,CONFIRMED,Columbus,OH,United States
ORD-1001335,CUST-100458,2026-01-07,pending,Toronto,ON,Canada
ORD-1001336,CUST-100459,2025-06-28,CANCELLED,Vancouver,British Columbia,Canada
ORD-1001337,CUST-100460,2025-01-26,DELIVERED,London,eng,United Kingdom
ORD-1001338,CUST-100461,2026-08-04,delivered,Manchester,ENG,United Kingdom
ORD-1001339,CUST-100462,2025-07-26,DELIVERED,Mumbai,MH,India
ORD-1001340,CUST-100463,2024-07-15,SHIPPED,Pune,Maharashtra,IN
ORD-1001341,CUST-100464,2025-04-22,confirmed,Bengaluru,ka,India
ORD-1001342,CUST-100465,2026-07-03,PENDING,Austin,TX,United States
ORD-1001343,CUST-100466,2025-09-28,CANCELLED,Seattle,WA,United States
ORD-1001344,CUST-100467,2026-05-24,delivered,Denver,Colorado,United States
ORD-1001345,CUST-100468,2026-09-09,DELIVERED,Chicago,il,United States
ORD-1001346,CUST-100469,2025-06-26,DELIVERED,Boston,MA,United States
ORD-1001347,CUST-100470,2025-07-01,shipped,Miami,FL,United States
ORD-1001348,CUST-100471,2026-04-11,CONFIRMED,Phoenix,Arizona,United States
ORD-1001349,CUST-100472,2026-08-21,PENDING,Portland,or,United States
ORD-1001350,CUST-100473,2026-03-30,cancelled,Atlanta,GA,United States
ORD-1001351,CUST-100474,2024-11-03,DELIVERED,Dallas,TX,United States
ORD-1001352,CUST-100475,2025-10-21,DELIVERED,San Diego,California,United States
ORD-1001353,CUST-100476,2024-07-08,delivered,Minneapolis,mn,United States
ORD-1001354,CUST-100477,2024-10-08,SHIPPED,Nashville,TN,United States
ORD-1001355,CUST-100478,2025-10-28,CONFIRMED,Charlotte,NC,United States
ORD-1001356,CUST-100479,2026-01-26,pending,Columbus,Ohio,United States
ORD-1001357,CUST-100480,2025-05-06,CANCELLED,Toronto,on,Canada
ORD-1001358,CUST-100481,2024-09-11,DELIVERED,Vancouver,BC,Canada
ORD-1001359,CUST-100482,2025-08-25,delivered,London,ENG,United Kingdom
ORD-1001360,CUST-100483,2024-09-11,DELIVERED,Manchester,England,UK
ORD-1001361,CUST-100484,2025-11-21,SHIPPED,Mumbai,mh,India
ORD-1001362,CUST-100485,2025-09-11,confirmed,Pune,MH,India
ORD-1001363,CUST-100486,2024-06-16,PENDING,Bengaluru,KA,India
ORD-1001364,CUST-100487,2026-06-10,CANCELLED,Austin,Texas,United States
ORD-1001365,CUST-100488,2024-10-26,delivered,Seattle,wa,United States
ORD-1001366,CUST-100489,2025-07-25,DELIVERED,Denver,CO,United States
ORD-1001367,CUST-100490,2026-04-02,DELIVERED,Chicago,IL,United States
ORD-1001368,CUST-100491,2024-11-06,shipped,Boston,Massachusetts,United States
ORD-1001369,CUST-100492,2024-08-16,CONFIRMED,Miami,fl,United States
ORD-1001370,CUST-100493,2025-09-24,PENDING,Phoenix,AZ,United States
ORD-1001371,CUST-100494,2026-08-10,cancelled,Portland,OR,United States
ORD-1001372,CUST-100495,2025-02-27,DELIVERED,Atlanta,Georgia,United States
ORD-1001373,CUST-100496,2025-05-13,DELIVERED,Dallas,tx,United States
ORD-1001374,CUST-100497,2026-03-01,delivered,San Diego,CA,United States
ORD-1001375,CUST-100498,2026-05-11,SHIPPED,Minneapolis,MN,United States
ORD-1001376,CUST-100499,2025-07-13,CONFIRMED,Nashville,Tennessee,United States
ORD-1001377,CUST-100041,2026-03-28,pending,Charlotte,nc,United States
ORD-1001378,CUST-100042,2024-08-22,CANCELLED,Columbus,OH,United States
ORD-1001379,CUST-100043,2025-05-03,DELIVERED,Toronto,ON,Canada
ORD-1001380,CUST-100044,2026-04-22,delivered,Vancouver,British Columbia,Canada
ORD-1001381,CUST-100045,2025-11-29,DELIVERED,London,eng,United Kingdom
ORD-1001382,CUST-100046,2025-06-25,SHIPPED,Manchester,ENG,United Kingdom
ORD-1001383,CUST-100047,2025-04-21,confirmed,Mumbai,MH,India
ORD-1001384,CUST-100048,2026-03-04,PENDING,Pune,Maharashtra,India
ORD-1001385,CUST-100049,2026-06-06,CANCELLED,Bengaluru,ka,IN
ORD-1001386,CUST-100050,2026-07-18,delivered,Austin,TX,United States
ORD-1001387,CUST-100051,2025-10-13,DELIVERED,Seattle,WA,United States
ORD-1001388,CUST-100052,2025-12-07,DELIVERED,Denver,Colorado,United States
ORD-1001389,CUST-100053,2024-07-07,shipped,Chicago,il,United States
ORD-1001390,CUST-100054,2026-02-23,CONFIRMED,Boston,MA,United States
ORD-1001391,CUST-100055,2024-08-10,PENDING,Miami,FL,United States
ORD-1001392,CUST-100056,2025-01-27,cancelled,Phoenix,Arizona,United States
ORD-1001393,CUST-100057,2026-03-09,DELIVERED,Portland,or,United States
ORD-1001394,CUST-100058,2026-05-02,DELIVERED,Atlanta,GA,United States
ORD-1001395,CUST-100059,2025-03-22,delivered,Dallas,TX,United States
ORD-1001396,CUST-100060,2025-01-19,SHIPPED,San Diego,California,United States
ORD-1001397,CUST-100061,2026-07-05,CONFIRMED,Minneapolis,mn,United States
ORD-1001398,CUST-100062,2024-09-01,pending,Nashville,TN,United States
ORD-1001399,CUST-100063,2025-08-19,CANCELLED,Charlotte,NC,United States
ORD-1001400,CUST-100064,2024-09-09,DELIVERED,Columbus,Ohio,United States
ORD-1001401,CUST-100065,2026-07-19,delivered,Toronto,on,Canada
ORD-1001402,CUST-100066,2026-03-11,DELIVERED,Vancouver,BC,Canada
ORD-1001403,CUST-100067,2026-05-22,SHIPPED,London,ENG,United Kingdom
ORD-1001404,CUST-100068,2024-09-11,confirmed,Manchester,England,United Kingdom
ORD-1001405,CUST-100069,2025-08-29,PENDING,Mumbai,mh,india
ORD-1001406,CUST-100070,2024-11-18,CANCELLED,Pune,MH,India
ORD-1001407,CUST-100071,2026-05-12,delivered,Bengaluru,KA,India
ORD-1001408,CUST-100072,2025-04-03,DELIVERED,Austin,Texas,United States
ORD-1001409,CUST-100073,2024-06-30,DELIVERED,Seattle,wa,United States
ORD-1001410,CUST-100074,2024-07-18,shipped,Denver,CO,United States
ORD-1001411,CUST-100075,2025-04-29,CONFIRMED,Chicago,IL,United States
ORD-1001412,CUST-100076,2026-08-25,PENDING,Boston,Massachusetts,United States
ORD-1001413,CUST-100077,2024-07-28,cancelled,Miami,fl,United States
ORD-1001414,CUST-100078,2025-03-28,DELIVERED,Phoenix,AZ,United States
ORD-1001415,CUST-100079,2025-06-03,DELIVERED,Portland,OR,United States
ORD-1001416,CUST-100080,2025-06-19,delivered,Atlanta,Georgia,United States
ORD-1001417,CUST-100081,2025-08-16,SHIPPED,Dallas,tx,United States
ORD-1001418,CUST-100082,2024-10-28,CONFIRMED,San Diego,CA,United States
ORD-1001419,CUST-100083,2025-02-06,pending,Minneapolis,MN,United States
ORD-1001420,CUST-100084,2025-11-26,CANCELLED,Nashville,Tennessee,United States
ORD-1001421,CUST-100085,2025-07-27,DELIVERED,Charlotte,nc,United States
ORD-1001422,CUST-100086,2026-01-01,delivered,Columbus,OH,United States
ORD-1001423,CUST-100087,2026-04-30,DELIVERED,Toronto,ON,Canada
ORD-1001424,CUST-100088,2026-08-21,SHIPPED,Vancouver,British Columbia,Canada
ORD-1001425,CUST-100089,2024-12-02,confirmed,London,eng,United Kingdom
ORD-1001426,CUST-100090,2024-11-22,PENDING,Manchester,ENG,United Kingdom
ORD-1001427,CUST-100091,2024-11-27,CANCELLED,Mumbai,MH,India
ORD-1001428,CUST-100092,2024-08-20,delivered,Pune,Maharashtra,India
ORD-1001429,CUST-100093,2026-02-15,DELIVERED,Bengaluru,ka,India
ORD-1001430,CUST-100094,2025-06-27,DELIVERED,Austin,TX,United States
ORD-1001431,CUST-100095,2026-02-25,shipped,Seattle,WA,United States
ORD-1001432,CUST-100096,2026-05-01,CONFIRMED,Denver,Colorado,United States
ORD-1001433,CUST-100097,2025-02-02,PENDING,Chicago,il,United States
ORD-1001434,CUST-100098,2025-10-23,cancelled,Boston,MA,United States
ORD-1001435,CUST-100099,2026-01-19,DELIVERED,Miami,FL,United States
ORD-1001436,CUST-100100,2024-10-25,DELIVERED,Phoenix,Arizona,United States
ORD-1001437,CUST-100101,2025-01-24,delivered,Portland,or,United States
ORD-1001438,CUST-100102,2025-09-16,SHIPPED,Atlanta,GA,United States
ORD-1001439,CUST-100103,2026-03-16,CONFIRMED,Dallas,TX,United States
ORD-1001440,CUST-100104,2025-02-16,pending,San Diego,California,United States
ORD-1001441,CUST-100105,2025-09-14,CANCELLED,Minneapolis,mn,United States
ORD-1001442,CUST-100106,2025-02-17,DELIVERED,Nashville,TN,United States
ORD-1001443,CUST-100107,2026-04-14,delivered,Charlotte,NC,United States
ORD-1001444,CUST-100108,2024-06-10,DELIVERED,Columbus,Ohio,United States
ORD-1001445,CUST-100109,2026-09-02,SHIPPED,Toronto,on,CA
ORD-1001446,CUST-100110,2025-09-20,confirmed,Vancouver,BC,Canada
ORD-1001447,CUST-100111,2025-03-22,PENDING,London,ENG,United Kingdom
ORD-1001448,CUST-100112,2026-04-25,CANCELLED,Manchester,England,United Kingdom
ORD-1001449,CUST-100113,2025-12-12,delivered,Mumbai,mh,India
ORD-1001450,CUST-100114,2024-11-09,DELIVERED,Pune,MH,india
ORD-1001451,CUST-100115,2024-08-15,DELIVERED,Bengaluru,KA,India
ORD-1001452,CUST-100116,2025-08-27,shipped,Austin,Texas,United States
ORD-1001453,CUST-100117,2025-05-20,CONFIRMED,Seattle,wa,United States
ORD-1001454,CUST-100118,2026-01-23,PENDING,Denver,CO,United States
ORD-1001455,CUST-100119,2025-04-03,cancelled,Chicago,IL,United States
ORD-1001456,CUST-100120,2026-03-17,DELIVERED,Boston,Massachusetts,United States
ORD-1001457,CUST-100121,2025-08-09,DELIVERED,Miami,fl,United States
ORD-1001458,CUST-100122,2026-05-08,delivered,Phoenix,AZ,United States
ORD-1001459,CUST-100123,2025-02-12,SHIPPED,Portland,OR,United States
ORD-1001460,CUST-100124,2025-09-11,CONFIRMED,Atlanta,Georgia,United States
ORD-1001461,CUST-100125,2025-04-06,pending,Dallas,tx,United States
ORD-1001462,CUST-100126,2024-12-21,CANCELLED,San Diego,CA,United States
ORD-1001463,CUST-100127,2025-06-29,DELIVERED,Minneapolis,MN,United States
ORD-1001464,CUST-100128,2025-10-08,delivered,Nashville,Tennessee,United States
ORD-1001465,CUST-100129,2024-09-18,DELIVERED,Charlotte,nc,United States
ORD-1001466,CUST-100130,2025-01-29,SHIPPED,Columbus,OH,United States
ORD-1001467,CUST-100131,2025-06-26,confirmed,Toronto,ON,Canada
ORD-1001468,CUST-100132,2026-01-07,PENDING,Vancouver,British Columbia,Canada
ORD-1001469,CUST-100133,2025-06-03,CANCELLED,London,eng,United Kingdom
ORD-1001470,CUST-100134,2026-01-10,delivered,Manchester,ENG,United Kingdom
ORD-1001471,CUST-100135,2025-03-30,DELIVERED,Mumbai,MH,India
ORD-1001472,CUST-100136,2026-05-18,DELIVERED,Pune,Maharashtra,India
ORD-1001473,CUST-100137,2025-03-30,shipped,Bengaluru,ka,India
ORD-1001474,CUST-100138,2024-06-23,CONFIRMED,Austin,TX,United States
ORD-1001475,CUST-100139,2026-04-06,PENDING,Seattle,WA,United States
ORD-1001476,CUST-100140,2025-07-11,cancelled,Denver,Colorado,United States
ORD-1001477,CUST-100141,2025-03-09,DELIVERED,Chicago,il,United States
ORD-1001478,CUST-100142,2024-06-09,DELIVERED,Boston,MA,United States
ORD-1001479,CUST-100143,2026-01-01,delivered,Miami,FL,United States
ORD-1001480,CUST-100144,2026-05-04,SHIPPED,Phoenix,Arizona,United States
ORD-1001481,CUST-100145,2026-08-06,CONFIRMED,Portland,or,United States
ORD-1001482,CUST-100146,2026-07-03,pending,Atlanta,GA,United States
ORD-1001483,CUST-100147,2024-07-21,CANCELLED,Dallas,TX,United States
ORD-1001484,CUST-100148,2026-02-11,DELIVERED,San Diego,California,United States
ORD-1001485,CUST-100149,2026-07-04,delivered,Minneapolis,mn,United States
ORD-1001486,CUST-100150,2025-10-22,DELIVERED,Nashville,TN,United States
ORD-1001487,CUST-100151,2025-03-21,SHIPPED,Charlotte,NC,United States
ORD-1001488,CUST-100152,2026-08-04,confirmed,Columbus,Ohio,United States
ORD-1001489,CUST-100153,2026-08-28,PENDING,Toronto,on,Canada
ORD-1001490,CUST-100154,2025-01-22,CANCELLED,Vancouver,BC,CA
ORD-1001491,CUST-100155,2026-02-12,delivered,London,ENG,United Kingdom
ORD-1001492,CUST-100156,2026-08-31,DELIVERED,Manchester,England,United Kingdom
ORD-1001493,CUST-100157,2025-05-27,DELIVERED,Mumbai,mh,India
ORD-1001494,CUST-100158,2025-01-11,shipped,Pune,MH,India
ORD-1001495,CUST-100159,2026-03-14,CONFIRMED,Bengaluru,KA,india
ORD-1001496,CUST-100160,2024-12-12,PENDING,Austin,Texas,United States
ORD-1001497,CUST-100161,2026-02-26,cancelled,Seattle,wa,United States
ORD-1001498,CUST-100162,2025-02-12,DELIVERED,Denver,CO,United States
ORD-1001499,CUST-100163,2026-04-26,DELIVERED,Chicago,IL,United States
ORD-1001500,CUST-100164,2026-07-14,delivered,Boston,Massachusetts,United States
ORD-1001501,CUST-100165,2026-06-09,SHIPPED,Miami,fl,United States
ORD-1001502,CUST-100166,2026-07-26,CONFIRMED,Phoenix,AZ,United States
ORD-1001503,CUST-100167,2026-04-07,pending,Portland,OR,United States
ORD-1001504,CUST-100168,2026-04-29,CANCELLED,Atlanta,Georgia,United States
ORD-1001505,CUST-100169,2024-10-19,DELIVERED,Dallas,tx,United States
ORD-1001506,CUST-100170,2026-03-06,delivered,San Diego,CA,United States
ORD-1001507,CUST-100171,2024-09-08,DELIVERED,Minneapolis,MN,United States
ORD-1001508,CUST-100172,2026-03-05,SHIPPED,Nashville,Tennessee,United States
ORD-1001509,CUST-100173,2026-03-24,confirmed,Charlotte,nc,United States
ORD-1001510,CUST-100174,2024-07-11,PENDING,Columbus,OH,United States
ORD-1001511,CUST-100175,2025-04-13,CANCELLED,Toronto,ON,Canada
ORD-1001512,CUST-100176,2026-08-17,delivered,Vancouver,British Columbia,Canada
ORD-1001513,CUST-100177,2025-08-26,DELIVERED,London,eng,United Kingdom
ORD-1001514,CUST-100178,2024-07-05,DELIVERED,Manchester,ENG,United Kingdom
ORD-1001515,CUST-100179,2026-01-15,shipped,Mumbai,MH,India
ORD-1001516,CUST-100180,2025-06-09,CONFIRMED,Pune,Maharashtra,India
ORD-1001517,CUST-100181,2026-06-20,PENDING,Bengaluru,ka,India
ORD-1001518,CUST-100182,2024-10-13,cancelled,Austin,TX,United States
ORD-1001519,CUST-100183,2024-09-01,DELIVERED,Seattle,WA,United States
ORD-1001520,CUST-100184,2025-03-30,DELIVERED,Denver,Colorado,United States
ORD-1001521,CUST-100185,2025-05-01,delivered,Chicago,il,United States
ORD-1001522,CUST-100186,2026-07-06,SHIPPED,Boston,MA,United States
ORD-1001523,CUST-100187,2025-07-31,CONFIRMED,Miami,FL,United States
ORD-1001524,CUST-100188,2024-11-27,pending,Phoenix,Arizona,United States
ORD-1001525,CUST-100189,2024-12-23,CANCELLED,Portland,or,United States
ORD-1001526,CUST-100190,2024-10-14,DELIVERED,Atlanta,GA,United States
ORD-1001527,CUST-100191,2026-08-15,delivered,Dallas,TX,United States
ORD-1001528,CUST-100192,2025-12-05,DELIVERED,San Diego,California,United States
ORD-1001529,CUST-100193,2025-06-10,SHIPPED,Minneapolis,mn,United States
ORD-1001530,CUST-100194,2025-11-26,confirmed,Nashville,TN,United States
ORD-1001531,CUST-100195,2025-10-27,PENDING,Charlotte,NC,United States
ORD-1001532,CUST-100196,2025-03-07,CANCELLED,Columbus,Ohio,United States
ORD-1001533,CUST-100197,2024-11-16,delivered,Toronto,on,Canada
ORD-1001534,CUST-100198,2025-02-19,DELIVERED,Vancouver,BC,Canada
ORD-1001535,CUST-100199,2025-10-07,DELIVERED,London,ENG,uk
ORD-1001536,CUST-100200,2026-09-04,shipped,Manchester,England,United Kingdom
ORD-1001537,CUST-100201,2025-03-30,CONFIRMED,Mumbai,mh,India
ORD-1001538,CUST-100202,2026-07-05,PENDING,Pune,MH,India
ORD-1001539,CUST-100203,2025-05-13,cancelled,Bengaluru,KA,India
ORD-1001540,CUST-100204,2026-09-02,DELIVERED,Austin,Texas,United States
ORD-1001541,CUST-100205,2024-09-26,DELIVERED,Seattle,wa,United States
ORD-1001542,CUST-100206,2025-09-23,delivered,Denver,CO,United States
ORD-1001543,CUST-100207,2024-08-17,SHIPPED,Chicago,IL,United States
ORD-1001544,CUST-100208,2024-10-23,CONFIRMED,Boston,Massachusetts,United States
ORD-1001545,CUST-100209,2026-07-13,pending,Miami,fl,United States
ORD-1001546,CUST-100210,2025-01-18,CANCELLED,Phoenix,AZ,United States
ORD-1001547,CUST-100211,2026-04-24,DELIVERED,Portland,OR,United States
ORD-1001548,CUST-100212,2026-06-12,delivered,Atlanta,Georgia,United States
ORD-1001549,CUST-100213,2026-04-22,DELIVERED,Dallas,tx,United States
ORD-1001550,CUST-100214,2025-07-12,SHIPPED,San Diego,CA,United States
ORD-1001551,CUST-100215,2026-09-02,confirmed,Minneapolis,MN,United States
ORD-1001552,CUST-100216,2025-12-23,PENDING,Nashville,Tennessee,United States
ORD-1001553,CUST-100217,2025-06-10,CANCELLED,Charlotte,nc,United States
ORD-1001554,CUST-100218,2024-09-01,delivered,Columbus,OH,United States
ORD-1001555,CUST-100219,2026-08-19,DELIVERED,Toronto,ON,canada
ORD-1001556,CUST-100220,2025-07-10,DELIVERED,Vancouver,British Columbia,Canada
ORD-1001557,CUST-100221,2024-06-15,shipped,London,eng,United Kingdom
ORD-1001558,CUST-100222,2025-02-26,CONFIRMED,Manchester,ENG,United Kingdom
ORD-1001559,CUST-100223,2025-12-02,PENDING,Mumbai,MH,India
ORD-1001560,CUST-100224,2024-10-05,cancelled,Pune,Maharashtra,India
ORD-1001561,CUST-100225,2025-09-09,DELIVERED,Bengaluru,ka,India
ORD-1001562,CUST-100226,2025-06-13,DELIVERED,Austin,TX,United States
ORD-1001563,CUST-100227,2026-04-20,delivered,Seattle,WA,United States
ORD-1001564,CUST-100228,2026-07-07,SHIPPED,Denver,Colorado,United States
ORD-1001565,CUST-100229,2026-04-20,CONFIRMED,Chicago,il,United States
ORD-1001566,CUST-100230,2025-02-24,pending,Boston,MA,United States
ORD-1001567,CUST-100231,2026-01-20,CANCELLED,Miami,FL,United States
ORD-1001568,CUST-100232,2025-06-26,DELIVERED,Phoenix,Arizona,United States
ORD-1001569,CUST-100233,2026-03-16,delivered,Portland,or,United States
ORD-1001570,CUST-100234,2025-06-16,DELIVERED,Atlanta,GA,United States
ORD-1001571,CUST-100235,2024-09-19,SHIPPED,Dallas,TX,United States
ORD-1001572,CUST-100236,2026-04-23,confirmed,San Diego,California,United States
ORD-1001573,CUST-100237,2025-01-26,PENDING,Minneapolis,mn,United States
ORD-1001574,CUST-100238,2025-09-26,CANCELLED,Nashville,TN,United States
ORD-1001575,CUST-100239,2024-06-26,delivered,Charlotte,NC,United States
ORD-1001576,CUST-100240,2026-02-25,DELIVERED,Columbus,Ohio,United States
ORD-1001577,CUST-100241,2025-12-27,DELIVERED,Toronto,on,Canada
ORD-1001578,CUST-100242,2025-05-02,shipped,Vancouver,BC,Canada
ORD-1001579,CUST-100243,2026-02-15,CONFIRMED,London,ENG,United Kingdom
ORD-1001580,CUST-100244,2025-01-13,PENDING,Manchester,England,uk
ORD-1001581,CUST-100245,2026-03-26,cancelled,Mumbai,mh,India
ORD-1001582,CUST-100246,2024-08-04,DELIVERED,Pune,MH,India
ORD-1001583,CUST-100247,2026-03-13,DELIVERED,Bengaluru,KA,India
ORD-1001584,CUST-100248,2025-09-19,delivered,Austin,Texas,United States
ORD-1001585,CUST-100249,2026-05-19,SHIPPED,Seattle,wa,United States
ORD-1001586,CUST-100250,2025-04-06,CONFIRMED,Denver,CO,United States
ORD-1001587,CUST-100251,2026-03-27,pending,Chicago,IL,United States
ORD-1001588,CUST-100252,2025-07-24,CANCELLED,Boston,Massachusetts,United States
ORD-1001589,CUST-100253,2024-09-28,DELIVERED,Miami,fl,United States
ORD-1001590,CUST-100254,2024-10-22,delivered,Phoenix,AZ,United States
ORD-1001591,CUST-100255,2024-07-17,DELIVERED,Portland,OR,United States
ORD-1001592,CUST-100256,2024-07-09,SHIPPED,Atlanta,Georgia,United States
ORD-1001593,CUST-100257,2025-04-08,confirmed,Dallas,tx,United States
ORD-1001594,CUST-100258,2025-10-18,PENDING,San Diego,CA,United States
ORD-1001595,CUST-100259,2024-09-27,CANCELLED,Minneapolis,MN,United States
ORD-1001596,CUST-100260,2024-09-08,delivered,Nashville,Tennessee,United States
ORD-1001597,CUST-100261,2025-01-27,DELIVERED,Charlotte,nc,United States
ORD-1001598,CUST-100262,2025-12-03,DELIVERED,Columbus,OH,United States
ORD-1001599,CUST-100263,2024-10-17,shipped,Toronto,ON,Canada
ORD-1001600,CUST-100264,2025-07-03,CONFIRMED,Vancouver,British Columbia,canada
ORD-1001601,CUST-100265,2025-09-08,PENDING,London,eng,United Kingdom
ORD-1001602,CUST-100266,2025-06-15,cancelled,Manchester,ENG,United Kingdom
ORD-1001603,CUST-100267,2026-04-18,DELIVERED,Mumbai,MH,India
ORD-1001604,CUST-100268,2026-07-01,DELIVERED,Pune,Maharashtra,India
ORD-1001605,CUST-100269,2026-05-15,delivered,Bengaluru,ka,India
ORD-1001606,CUST-100270,2025-12-06,SHIPPED,Austin,TX,United States
ORD-1001607,CUST-100271,2025-08-04,CONFIRMED,Seattle,WA,United States
ORD-1001608,CUST-100272,2026-01-23,pending,Denver,Colorado,United States
ORD-1001609,CUST-100273,2026-07-01,CANCELLED,Chicago,il,United States
ORD-1001610,CUST-100274,2026-06-15,DELIVERED,Boston,MA,United States
ORD-1001611,CUST-100275,2024-11-06,delivered,Miami,FL,United States
ORD-1001612,CUST-100276,2025-07-30,DELIVERED,Phoenix,Arizona,United States
ORD-1001613,CUST-100277,2026-04-02,SHIPPED,Portland,or,United States
ORD-1001614,CUST-100278,2024-09-10,confirmed,Atlanta,GA,United States
ORD-1001615,CUST-100279,2025-10-15,PENDING,Dallas,TX,United States
ORD-1001616,CUST-100280,2026-02-21,CANCELLED,San Diego,California,United States
ORD-1001617,CUST-100281,2025-07-23,delivered,Minneapolis,mn,United States
ORD-1001618,CUST-100282,2025-03-14,DELIVERED,Nashville,TN,United States
ORD-1001619,CUST-100283,2024-07-04,DELIVERED,Charlotte,NC,United States
ORD-1001620,CUST-100284,2026-05-08,shipped,Columbus,Ohio,United States
ORD-1001621,CUST-100285,2025-06-15,CONFIRMED,Toronto,on,Canada
ORD-1001622,CUST-100286,2025-01-09,PENDING,Vancouver,BC,Canada
ORD-1001623,CUST-100287,2025-08-29,cancelled,London,ENG,United Kingdom
ORD-1001624,CUST-100288,2025-08-30,DELIVERED,Manchester,England,United Kingdom
ORD-1001625,CUST-100289,2025-01-28,DELIVERED,Mumbai,mh,IN
ORD-1001626,CUST-100290,2025-06-07,delivered,Pune,MH,India
ORD-1001627,CUST-100291,2024-09-10,SHIPPED,Bengaluru,KA,India
ORD-1001628,CUST-100292,2026-05-04,CONFIRMED,Austin,Texas,United States
ORD-1001629,CUST-100293,2025-06-12,pending,Seattle,wa,United States
ORD-1001630,CUST-100294,2025-12-10,CANCELLED,Denver,CO,United States
ORD-1001631,CUST-100295,2026-03-23,DELIVERED,Chicago,IL,United States
ORD-1001632,CUST-100296,2025-06-03,delivered,Boston,Massachusetts,United States
ORD-1001633,CUST-100297,2024-08-02,DELIVERED,Miami,fl,United States
ORD-1001634,CUST-100298,2025-07-13,SHIPPED,Phoenix,AZ,United States
ORD-1001635,CUST-100299,2025-03-10,confirmed,Portland,OR,United States
ORD-1001636,CUST-100300,2024-12-12,PENDING,Atlanta,Georgia,United States
ORD-1001637,CUST-100301,2024-10-04,CANCELLED,Dallas,tx,United States
ORD-1001638,CUST-100302,2025-09-09,delivered,San Diego,CA,United States
ORD-1001639,CUST-100303,2024-09-02,DELIVERED,Minneapolis,MN,United States
ORD-1001640,CUST-100304,2026-04-10,DELIVERED,Nashville,Tennessee,United States
ORD-1001641,CUST-100305,2025-01-04,shipped,Charlotte,nc,United States
ORD-1001642,CUST-100306,2026-03-20,CONFIRMED,Columbus,OH,United States
ORD-1001643,CUST-100307,2026-03-17,PENDING,Toronto,ON,Canada
ORD-1001644,CUST-100308,2026-02-02,cancelled,Vancouver,British Columbia,Canada
ORD-1001645,CUST-100309,2024-06-22,DELIVERED,London,eng,UK
ORD-1001646,CUST-100310,2024-07-22,DELIVERED,Manchester,ENG,United Kingdom
ORD-1001647,CUST-100311,2026-08-15,delivered,Mumbai,MH,India
ORD-1001648,CUST-100312,2025-05-08,SHIPPED,Pune,Maharashtra,India
ORD-1001649,CUST-100313,2025-02-05,CONFIRMED,Bengaluru,ka,India
ORD-1001650,CUST-100314,2024-10-07,pending,Austin,TX,United States
ORD-1001651,CUST-100315,2026-08-15,CANCELLED,Seattle,WA,United States
ORD-1001652,CUST-100316,2025-12-31,DELIVERED,Denver,Colorado,United States
ORD-1001653,CUST-100317,2024-12-28,delivered,Chicago,il,United States
ORD-1001654,CUST-100318,2024-08-10,DELIVERED,Boston,MA,United States
ORD-1001655,CUST-100319,2026-07-24,SHIPPED,Miami,FL,United States
ORD-1001656,CUST-100320,2025-12-20,confirmed,Phoenix,Arizona,United States
ORD-1001657,CUST-100321,2024-12-30,PENDING,Portland,or,United States
ORD-1001658,CUST-100322,2026-01-22,CANCELLED,Atlanta,GA,United States
ORD-1001659,CUST-100323,2025-01-08,delivered,Dallas,TX,United States
ORD-1001660,CUST-100324,2026-09-11,DELIVERED,San Diego,California,United States
ORD-1001661,CUST-100325,2025-01-25,DELIVERED,Minneapolis,mn,United States
ORD-1001662,CUST-100326,2025-05-03,shipped,Nashville,TN,United States
ORD-1001663,CUST-100327,2026-08-02,CONFIRMED,Charlotte,NC,United States
ORD-1001664,CUST-100328,2024-10-30,PENDING,Columbus,Ohio,United States
ORD-1001665,CUST-100329,2026-08-17,cancelled,Toronto,on,Canada
ORD-1001666,CUST-100330,2026-02-01,DELIVERED,Vancouver,BC,Canada
ORD-1001667,CUST-100331,2024-06-03,DELIVERED,London,ENG,United Kingdom
ORD-1001668,CUST-100332,2025-03-11,delivered,Manchester,England,United Kingdom
ORD-1001669,CUST-100333,2024-10-27,SHIPPED,Mumbai,mh,India
ORD-1001670,CUST-100334,2024-10-12,CONFIRMED,Pune,MH,IN
ORD-1001671,CUST-100335,2025-12-06,pending,Bengaluru,KA,India
ORD-1001672,CUST-100336,2025-02-12,CANCELLED,Austin,Texas,United States
ORD-1001673,CUST-100337,2026-08-27,DELIVERED,Seattle,wa,United States
ORD-1001674,CUST-100338,2024-11-26,delivered,Denver,CO,United States
ORD-1001675,CUST-100339,2024-09-21,DELIVERED,Chicago,IL,United States
ORD-1001676,CUST-100340,2026-04-08,SHIPPED,Boston,Massachusetts,United States
ORD-1001677,CUST-100341,2024-06-27,confirmed,Miami,fl,United States
ORD-1001678,CUST-100342,2024-10-13,PENDING,Phoenix,AZ,United States
ORD-1001679,CUST-100343,2024-06-16,CANCELLED,Portland,OR,United States
ORD-1001680,CUST-100344,2025-06-02,delivered,Atlanta,Georgia,United States
ORD-1001681,CUST-100345,2026-08-18,DELIVERED,Dallas,tx,United States
ORD-1001682,CUST-100346,2026-08-17,DELIVERED,San Diego,CA,United States
ORD-1001683,CUST-100347,2025-01-30,shipped,Minneapolis,MN,United States
ORD-1001684,CUST-100348,2026-01-24,CONFIRMED,Nashville,Tennessee,United States
ORD-1001685,CUST-100349,2025-04-28,PENDING,Charlotte,nc,United States
ORD-1001686,CUST-100350,2024-06-17,cancelled,Columbus,OH,United States
ORD-1001687,CUST-100351,2024-11-26,DELIVERED,Toronto,ON,Canada
ORD-1001688,CUST-100352,2025-02-27,DELIVERED,Vancouver,British Columbia,Canada
ORD-1001689,CUST-100353,2024-07-24,delivered,London,eng,United Kingdom
ORD-1001690,CUST-100354,2024-10-08,SHIPPED,Manchester,ENG,UK
ORD-1001691,CUST-100355,2026-06-30,CONFIRMED,Mumbai,MH,India
ORD-1001692,CUST-100356,2025-08-06,pending,Pune,Maharashtra,India
ORD-1001693,CUST-100357,2025-11-21,CANCELLED,Bengaluru,ka,India
ORD-1001694,CUST-100358,2024-09-25,DELIVERED,Austin,TX,United States
ORD-1001695,CUST-100359,2026-07-04,delivered,Seattle,WA,United States
ORD-1001696,CUST-100360,2024-08-05,DELIVERED,Denver,Colorado,United States
ORD-1001697,CUST-100361,2025-10-01,SHIPPED,Chicago,il,United States
ORD-1001698,CUST-100362,2025-09-03,confirmed,Boston,MA,United States
ORD-1001699,CUST-100363,2026-08-06,PENDING,Miami,FL,United States
ORD-1001700,CUST-100364,2025-06-06,CANCELLED,Phoenix,Arizona,United States
ORD-1001701,CUST-100365,2025-11-08,delivered,Portland,or,United States
ORD-1001702,CUST-100366,2026-01-29,DELIVERED,Atlanta,GA,United States
ORD-1001703,CUST-100367,2024-09-20,DELIVERED,Dallas,TX,United States
ORD-1001704,CUST-100368,2025-09-06,shipped,San Diego,California,United States
ORD-1001705,CUST-100369,2025-10-29,CONFIRMED,Minneapolis,mn,United States
ORD-1001706,CUST-100370,2025-01-13,PENDING,Nashville,TN,United States
ORD-1001707,CUST-100371,2026-02-20,cancelled,Charlotte,NC,United States
ORD-1001708,CUST-100372,2024-07-15,DELIVERED,Columbus,Ohio,United States
ORD-1001709,CUST-100373,2026-06-15,DELIVERED,Toronto,on,Canada
ORD-1001710,CUST-100374,2026-08-12,delivered,Vancouver,BC,Canada
ORD-1001711,CUST-100375,2026-04-06,SHIPPED,London,ENG,United Kingdom
ORD-1001712,CUST-100376,2025-11-16,CONFIRMED,Manchester,England,United Kingdom
ORD-1001713,CUST-100377,2025-04-05,pending,Mumbai,mh,India
ORD-1001714,CUST-100378,2025-09-13,CANCELLED,Pune,MH,India
ORD-1001715,CUST-100379,2026-03-21,DELIVERED,Bengaluru,KA,IN
ORD-1001716,CUST-100380,2024-07-02,delivered,Austin,Texas,United States
ORD-1001717,CUST-100381,2024-08-02,DELIVERED,Seattle,wa,United States
ORD-1001718,CUST-100382,2025-10-04,SHIPPED,Denver,CO,United States
ORD-1001719,CUST-100383,2025-07-17,confirmed,Chicago,IL,United States
ORD-1001720,CUST-100384,2025-08-11,PENDING,Boston,Massachusetts,United States
ORD-1001721,CUST-100385,2026-05-04,CANCELLED,Miami,fl,United States
ORD-1001722,CUST-100386,2024-09-19,delivered,Phoenix,AZ,United States
ORD-1001723,CUST-100387,2025-10-16,DELIVERED,Portland,OR,United States
ORD-1001724,CUST-100388,2026-05-31,DELIVERED,Atlanta,Georgia,United States
ORD-1001725,CUST-100389,2025-08-29,shipped,Dallas,tx,United States
ORD-1001726,CUST-100390,2024-08-15,CONFIRMED,San Diego,CA,United States
ORD-1001727,CUST-100391,2024-08-22,PENDING,Minneapolis,MN,United States
ORD-1001728,CUST-100392,2025-04-26,cancelled,Nashville,Tennessee,United States
ORD-1001729,CUST-100393,2026-02-13,DELIVERED,Charlotte,nc,United States
ORD-1001730,CUST-100394,2024-10-30,DELIVERED,Columbus,OH,United States
ORD-1001731,CUST-100395,2024-08-07,delivered,Toronto,ON,Canada
ORD-1001732,CUST-100396,2024-10-08,SHIPPED,Vancouver,British Columbia,Canada
ORD-1001733,CUST-100397,2025-03-09,CONFIRMED,London,eng,United Kingdom
ORD-1001734,CUST-100398,2026-03-02,pending,Manchester,ENG,United Kingdom
ORD-1001735,CUST-100399,2026-03-11,CANCELLED,Mumbai,MH,india
ORD-1001736,CUST-100400,2026-01-21,DELIVERED,Pune,Maharashtra,India
ORD-1001737,CUST-100401,2025-12-14,delivered,Bengaluru,ka,India
ORD-1001738,CUST-100402,2026-05-31,DELIVERED,Austin,TX,United States
ORD-1001739,CUST-100403,2025-04-29,SHIPPED,Seattle,WA,United States
ORD-1001740,CUST-100404,2025-06-26,confirmed,Denver,Colorado,United States
ORD-1001741,CUST-100405,2026-02-02,PENDING,Chicago,il,United States
ORD-1001742,CUST-100406,2025-11-26,CANCELLED,Boston,MA,United States
ORD-1001743,CUST-100407,2025-03-29,delivered,Miami,FL,United States
ORD-1001744,CUST-100408,2025-09-08,DELIVERED,Phoenix,Arizona,United States
ORD-1001745,CUST-100409,2025-10-31,DELIVERED,Portland,or,United States
ORD-1001746,CUST-100410,2026-02-10,shipped,Atlanta,GA,United States
ORD-1001747,CUST-100411,2025-08-15,CONFIRMED,Dallas,TX,United States
ORD-1001748,CUST-100412,2024-09-10,PENDING,San Diego,California,United States
ORD-1001749,CUST-100413,2026-08-22,cancelled,Minneapolis,mn,United States
ORD-1001750,CUST-100414,2026-05-20,DELIVERED,Nashville,TN,United States
ORD-1001751,CUST-100415,2024-09-26,DELIVERED,Charlotte,NC,United States
ORD-1001752,CUST-100416,2026-04-02,delivered,Columbus,Ohio,United States
ORD-1001753,CUST-100417,2026-03-29,SHIPPED,Toronto,on,Canada
ORD-1001754,CUST-100418,2026-07-28,CONFIRMED,Vancouver,BC,Canada
ORD-1001755,CUST-100419,2025-12-17,pending,London,ENG,United Kingdom
ORD-1001756,CUST-100420,2026-06-09,CANCELLED,Manchester,England,United Kingdom
ORD-1001757,CUST-100421,2025-01-07,DELIVERED,Mumbai,mh,India
ORD-1001758,CUST-100422,2025-08-15,delivered,Pune,MH,India
ORD-1001759,CUST-100423,2025-09-06,DELIVERED,Bengaluru,KA,India
ORD-1001760,CUST-100424,2025-01-20,SHIPPED,Austin,Texas,United States
ORD-1001761,CUST-100425,2025-07-29,confirmed,Seattle,wa,United States
ORD-1001762,CUST-100426,2025-05-14,PENDING,Denver,CO,United States
ORD-1001763,CUST-100427,2025-09-08,CANCELLED,Chicago,IL,United States
ORD-1001764,CUST-100428,2025-07-14,delivered,Boston,Massachusetts,United States
ORD-1001765,CUST-100429,2025-07-31,DELIVERED,Miami,fl,United States
ORD-1001766,CUST-100430,2026-06-18,DELIVERED,Phoenix,AZ,United States
ORD-1001767,CUST-100431,2024-09-06,shipped,Portland,OR,United States
ORD-1001768,CUST-100432,2025-04-17,CONFIRMED,Atlanta,Georgia,United States
ORD-1001769,CUST-100433,2025-08-12,PENDING,Dallas,tx,United States
ORD-1001770,CUST-100434,2025-04-17,cancelled,San Diego,CA,United States
ORD-1001771,CUST-100435,2026-04-13,DELIVERED,Minneapolis,MN,United States
ORD-1001772,CUST-100436,2025-02-17,DELIVERED,Nashville,Tennessee,United States
ORD-1001773,CUST-100437,2025-06-19,delivered,Charlotte,nc,United States
ORD-1001774,CUST-100438,2024-11-04,SHIPPED,Columbus,OH,United States
ORD-1001775,CUST-100439,2026-05-05,CONFIRMED,Toronto,ON,CA
ORD-1001776,CUST-100440,2025-09-29,pending,Vancouver,British Columbia,Canada
ORD-1001777,CUST-100441,2024-08-08,CANCELLED,London,eng,United Kingdom
ORD-1001778,CUST-100442,2024-09-02,DELIVERED,Manchester,ENG,United Kingdom
ORD-1001779,CUST-100443,2024-08-27,delivered,Mumbai,MH,India
ORD-1001780,CUST-100444,2024-09-04,DELIVERED,Pune,Maharashtra,india
ORD-1001781,CUST-100445,2025-08-17,SHIPPED,Bengaluru,ka,India
ORD-1001782,CUST-100446,2024-09-07,confirmed,Austin,TX,United States
ORD-1001783,CUST-100447,2026-07-03,PENDING,Seattle,WA,United States
ORD-1001784,CUST-100448,2026-06-27,CANCELLED,Denver,Colorado,United States
ORD-1001785,CUST-100449,2025-06-17,delivered,Chicago,il,United States
ORD-1001786,CUST-100450,2026-09-10,DELIVERED,Boston,MA,United States
ORD-1001787,CUST-100451,2024-10-12,DELIVERED,Miami,FL,United States
ORD-1001788,CUST-100452,2025-12-22,shipped,Phoenix,Arizona,United States
ORD-1001789,CUST-100453,2024-08-01,CONFIRMED,Portland,or,United States
ORD-1001790,CUST-100454,2026-01-22,PENDING,Atlanta,GA,United States
ORD-1001791,CUST-100455,2025-12-28,cancelled,Dallas,TX,United States
ORD-1001792,CUST-100456,2025-12-28,DELIVERED,San Diego,California,United States
ORD-1001793,CUST-100457,2025-05-04,DELIVERED,Minneapolis,mn,United States
ORD-1001794,CUST-100458,2026-04-18,delivered,Nashville,TN,United States
ORD-1001795,CUST-100459,2024-10-04,SHIPPED,Charlotte,NC,United States
ORD-1001796,CUST-100460,2025-07-26,CONFIRMED,Columbus,Ohio,United States
ORD-1001797,CUST-100461,2025-05-29,pending,Toronto,on,Canada
ORD-1001798,CUST-100462,2026-04-13,CANCELLED,Vancouver,BC,Canada
ORD-1001799,CUST-100463,2026-07-09,DELIVERED,London,ENG,United Kingdom
ORD-1001800,CUST-100464,2025-08-08,delivered,Manchester,England,United Kingdom
ORD-1001801,CUST-100465,2026-06-09,DELIVERED,Mumbai,mh,India
ORD-1001802,CUST-100466,2024-07-23,SHIPPED,Pune,MH,India
ORD-1001803,CUST-100467,2025-03-22,confirmed,Bengaluru,KA,India
ORD-1001804,CUST-100468,2026-02-05,PENDING,Austin,Texas,United States
ORD-1001805,CUST-100469,2025-04-16,CANCELLED,Seattle,wa,United States
ORD-1001806,CUST-100470,2025-05-27,delivered,Denver,CO,United States
ORD-1001807,CUST-100471,2024-09-15,DELIVERED,Chicago,IL,United States
ORD-1001808,CUST-100472,2026-01-13,DELIVERED,Boston,Massachusetts,United States
ORD-1001809,CUST-100473,2025-11-02,shipped,Miami,fl,United States
ORD-1001810,CUST-100474,2025-01-04,CONFIRMED,Phoenix,AZ,United States
ORD-1001811,CUST-100475,2024-11-06,PENDING,Portland,OR,United States
ORD-1001812,CUST-100476,2026-04-04,cancelled,Atlanta,Georgia,United States
ORD-1001813,CUST-100477,2025-10-07,DELIVERED,Dallas,tx,United States
ORD-1001814,CUST-100478,2025-01-16,DELIVERED,San Diego,CA,United States
ORD-1001815,CUST-100479,2024-09-19,delivered,Minneapolis,MN,United States
ORD-1001816,CUST-100480,2025-05-25,SHIPPED,Nashville,Tennessee,United States
ORD-1001817,CUST-100481,2025-12-22,CONFIRMED,Charlotte,nc,United States
ORD-1001818,CUST-100482,2025-06-12,pending,Columbus,OH,United States
ORD-1001819,CUST-100483,2024-09-26,CANCELLED,Toronto,ON,Canada
ORD-1001820,CUST-100484,2026-07-21,DELIVERED,Vancouver,British Columbia,CA
ORD-1001821,CUST-100485,2025-03-13,delivered,London,eng,United Kingdom
ORD-1001822,CUST-100486,2026-01-09,DELIVERED,Manchester,ENG,United Kingdom
ORD-1001823,CUST-100487,2025-01-18,SHIPPED,Mumbai,MH,India
ORD-1001824,CUST-100488,2026-09-05,confirmed,Pune,Maharashtra,India
ORD-1001825,CUST-100489,2025-08-14,PENDING,Bengaluru,ka,india
ORD-1001826,CUST-100490,2025-12-27,CANCELLED,Austin,TX,United States
ORD-1001827,CUST-100491,2026-07-26,delivered,Seattle,WA,United States
ORD-1001828,CUST-100492,2026-02-27,DELIVERED,Denver,Colorado,United States
ORD-1001829,CUST-100493,2026-02-19,DELIVERED,Chicago,il,United States
ORD-1001830,CUST-100494,2026-04-23,shipped,Boston,MA,United States
ORD-1001831,CUST-100495,2026-03-21,CONFIRMED,Miami,FL,United States
ORD-1001832,CUST-100496,2025-12-23,PENDING,Phoenix,Arizona,United States
ORD-1001833,CUST-100497,2024-06-27,cancelled,Portland,or,United States
ORD-1001834,CUST-100498,2026-02-14,DELIVERED,Atlanta,GA,United States
ORD-1001835,CUST-100499,2026-04-05,DELIVERED,Dallas,TX,United States
ORD-1001836,CUST-100041,2026-05-12,delivered,San Diego,California,United States
ORD-1001837,CUST-100042,2025-03-01,SHIPPED,Minneapolis,mn,United States
ORD-1001838,CUST-100043,2024-06-30,CONFIRMED,Nashville,TN,United States
ORD-1001839,CUST-100044,2024-12-02,pending,Charlotte,NC,United States
ORD-1001840,CUST-100045,2025-03-07,CANCELLED,Columbus,Ohio,United States
ORD-1001841,CUST-100046,2026-05-21,DELIVERED,Toronto,on,Canada
ORD-1001842,CUST-100047,2026-07-21,delivered,Vancouver,BC,Canada
ORD-1001843,CUST-100048,2025-04-13,DELIVERED,London,ENG,United Kingdom
ORD-1001844,CUST-100049,2025-05-14,SHIPPED,Manchester,England,United Kingdom
ORD-1001845,CUST-100050,2025-05-26,confirmed,Mumbai,mh,India
ORD-1001846,CUST-100051,2024-06-07,PENDING,Pune,MH,India
ORD-1001847,CUST-100052,2024-12-03,CANCELLED,Bengaluru,KA,India
ORD-1001848,CUST-100053,2024-10-25,delivered,Austin,Texas,United States
ORD-1001849,CUST-100054,2026-01-01,DELIVERED,Seattle,wa,United States
ORD-1001850,CUST-100055,2026-04-05,DELIVERED,Denver,CO,United States
ORD-1001851,CUST-100056,2025-07-16,shipped,Chicago,IL,United States
ORD-1001852,CUST-100057,2024-08-11,CONFIRMED,Boston,Massachusetts,United States
ORD-1001853,CUST-100058,2024-10-24,PENDING,Miami,fl,United States
ORD-1001854,CUST-100059,2026-06-29,cancelled,Phoenix,AZ,United States
ORD-1001855,CUST-100060,2026-03-11,DELIVERED,Portland,OR,United States
ORD-1001856,CUST-100061,2024-07-02,DELIVERED,Atlanta,Georgia,United States
ORD-1001857,CUST-100062,2024-09-02,delivered,Dallas,tx,United States
ORD-1001858,CUST-100063,2026-07-05,SHIPPED,San Diego,CA,United States
ORD-1001859,CUST-100064,2025-11-26,CONFIRMED,Minneapolis,MN,United States
ORD-1001860,CUST-100065,2025-01-07,pending,Nashville,Tennessee,United States
ORD-1001861,CUST-100066,2025-06-21,CANCELLED,Charlotte,nc,United States
ORD-1001862,CUST-100067,2025-08-04,DELIVERED,Columbus,OH,United States
ORD-1001863,CUST-100068,2025-09-08,delivered,Toronto,ON,Canada
ORD-1001864,CUST-100069,2025-05-16,DELIVERED,Vancouver,British Columbia,Canada
ORD-1001865,CUST-100070,2024-11-09,SHIPPED,London,eng,uk
ORD-1001866,CUST-100071,2025-06-14,confirmed,Manchester,ENG,United Kingdom
ORD-1001867,CUST-100072,2025-04-16,PENDING,Mumbai,MH,India
ORD-1001868,CUST-100073,2026-06-09,CANCELLED,Pune,Maharashtra,India
ORD-1001869,CUST-100074,2025-04-29,delivered,Bengaluru,ka,India
ORD-1001870,CUST-100075,2026-08-05,DELIVERED,Austin,TX,United States
ORD-1001871,CUST-100076,2026-01-03,DELIVERED,Seattle,WA,United States
ORD-1001872,CUST-100077,2026-02-01,shipped,Denver,Colorado,United States
ORD-1001873,CUST-100078,2024-08-26,CONFIRMED,Chicago,il,United States
ORD-1001874,CUST-100079,2024-07-24,PENDING,Boston,MA,United States
ORD-1001875,CUST-100080,2024-11-07,cancelled,Miami,FL,United States
ORD-1001876,CUST-100081,2024-11-09,DELIVERED,Phoenix,Arizona,United States
ORD-1001877,CUST-100082,2026-07-13,DELIVERED,Portland,or,United States
ORD-1001878,CUST-100083,2026-02-23,delivered,Atlanta,GA,United States
ORD-1001879,CUST-100084,2024-07-21,SHIPPED,Dallas,TX,United States
ORD-1001880,CUST-100085,2026-04-22,CONFIRMED,San Diego,California,United States
ORD-1001881,CUST-100086,2024-08-23,pending,Minneapolis,mn,United States
ORD-1001882,CUST-100087,2025-03-06,CANCELLED,Nashville,TN,United States
ORD-1001883,CUST-100088,2025-08-28,DELIVERED,Charlotte,NC,United States
ORD-1001884,CUST-100089,2026-04-09,delivered,Columbus,Ohio,United States
ORD-1001885,CUST-100090,2025-08-09,DELIVERED,Toronto,on,canada
ORD-1001886,CUST-100091,2025-10-11,SHIPPED,Vancouver,BC,Canada
ORD-1001887,CUST-100092,2026-02-12,confirmed,London,ENG,United Kingdom
ORD-1001888,CUST-100093,2025-08-27,PENDING,Manchester,England,United Kingdom
ORD-1001889,CUST-100094,2025-07-30,CANCELLED,Mumbai,mh,India
ORD-1001890,CUST-100095,2025-03-07,delivered,Pune,MH,India
ORD-1001891,CUST-100096,2025-01-07,DELIVERED,Bengaluru,KA,India
ORD-1001892,CUST-100097,2026-07-14,DELIVERED,Austin,Texas,United States
ORD-1001893,CUST-100098,2025-11-07,shipped,Seattle,wa,United States
ORD-1001894,CUST-100099,2024-09-25,CONFIRMED,Denver,CO,United States
ORD-1001895,CUST-100100,2025-05-20,PENDING,Chicago,IL,United States
ORD-1001896,CUST-100101,2025-08-15,cancelled,Boston,Massachusetts,United States
ORD-1001897,CUST-100102,2024-09-22,DELIVERED,Miami,fl,United States
ORD-1001898,CUST-100103,2025-03-18,DELIVERED,Phoenix,AZ,United States
ORD-1001899,CUST-100104,2026-04-26,delivered,Portland,OR,United States
ORD-1001900,CUST-100105,2026-04-26,SHIPPED,Atlanta,Georgia,United States
ORD-1001901,CUST-100106,2026-01-29,CONFIRMED,Dallas,tx,United States
ORD-1001902,CUST-100107,2025-10-12,pending,San Diego,CA,United States
ORD-1001903,CUST-100108,2025-11-22,CANCELLED,Minneapolis,MN,United States
ORD-1001904,CUST-100109,2026-04-15,DELIVERED,Nashville,Tennessee,United States
ORD-1001905,CUST-100110,2025-04-12,delivered,Charlotte,nc,United States
ORD-1001906,CUST-100111,2024-07-17,DELIVERED,Columbus,OH,United States
ORD-1001907,CUST-100112,2025-01-12,SHIPPED,Toronto,ON,Canada
ORD-1001908,CUST-100113,2025-07-10,confirmed,Vancouver,British Columbia,Canada
ORD-1001909,CUST-100114,2026-02-04,PENDING,London,eng,United Kingdom
ORD-1001910,CUST-100115,2024-07-27,CANCELLED,Manchester,ENG,uk
ORD-1001911,CUST-100116,2024-06-08,delivered,Mumbai,MH,India
ORD-1001912,CUST-100117,2024-12-27,DELIVERED,Pune,Maharashtra,India
ORD-1001913,CUST-100118,2025-04-05,DELIVERED,Bengaluru,ka,India
ORD-1001914,CUST-100119,2025-01-03,shipped,Austin,TX,United States
ORD-1001915,CUST-100120,2026-07-26,CONFIRMED,Seattle,WA,United States
ORD-1001916,CUST-100121,2024-10-19,PENDING,Denver,Colorado,United States
ORD-1001917,CUST-100122,2026-07-23,cancelled,Chicago,il,United States
ORD-1001918,CUST-100123,2025-02-17,DELIVERED,Boston,MA,United States
ORD-1001919,CUST-100124,2025-03-24,DELIVERED,Miami,FL,United States
ORD-1001920,CUST-100125,2025-05-02,delivered,Phoenix,Arizona,United States
ORD-1001921,CUST-100126,2024-10-01,SHIPPED,Portland,or,United States
ORD-1001922,CUST-100127,2024-06-08,CONFIRMED,Atlanta,GA,United States
ORD-1001923,CUST-100128,2025-10-23,pending,Dallas,TX,United States
ORD-1001924,CUST-100129,2026-07-05,CANCELLED,San Diego,California,United States
ORD-1001925,CUST-100130,2025-08-15,DELIVERED,Minneapolis,mn,United States
ORD-1001926,CUST-100131,2024-11-27,delivered,Nashville,TN,United States
ORD-1001927,CUST-100132,2024-10-11,DELIVERED,Charlotte,NC,United States
ORD-1001928,CUST-100133,2025-06-25,SHIPPED,Columbus,Ohio,United States
ORD-1001929,CUST-100134,2025-11-28,confirmed,Toronto,on,Canada
ORD-1001930,CUST-100135,2026-05-22,PENDING,Vancouver,BC,canada
ORD-1001931,CUST-100136,2025-01-22,CANCELLED,London,ENG,United Kingdom
ORD-1001932,CUST-100137,2025-10-26,delivered,Manchester,England,United Kingdom
ORD-1001933,CUST-100138,2025-12-25,DELIVERED,Mumbai,mh,India
ORD-1001934,CUST-100139,2026-04-16,DELIVERED,Pune,MH,India
ORD-1001935,CUST-100140,2026-09-04,shipped,Bengaluru,KA,India
ORD-1001936,CUST-100141,2025-05-29,CONFIRMED,Austin,Texas,United States
ORD-1001937,CUST-100142,2024-08-13,PENDING,Seattle,wa,United States
ORD-1001938,CUST-100143,2025-07-12,cancelled,Denver,CO,United States
ORD-1001939,CUST-100144,2026-06-30,DELIVERED,Chicago,IL,United States
ORD-1001940,CUST-100145,2024-07-14,DELIVERED,Boston,Massachusetts,United States
ORD-1001941,CUST-100146,2025-08-21,delivered,Miami,fl,United States
ORD-1001942,CUST-100147,2024-06-20,SHIPPED,Phoenix,AZ,United States
ORD-1001943,CUST-100148,2025-09-14,CONFIRMED,Portland,OR,United States
ORD-1001944,CUST-100149,2024-08-19,pending,Atlanta,Georgia,United States
ORD-1001945,CUST-100150,2025-04-17,CANCELLED,Dallas,tx,United States
ORD-1001946,CUST-100151,2026-01-11,DELIVERED,San Diego,CA,United States
ORD-1001947,CUST-100152,2025-08-14,delivered,Minneapolis,MN,United States
ORD-1001948,CUST-100153,2026-01-09,DELIVERED,Nashville,Tennessee,United States
ORD-1001949,CUST-100154,2025-07-20,SHIPPED,Charlotte,nc,United States
ORD-1001950,CUST-100155,2026-05-28,confirmed,Columbus,OH,United States
ORD-1001951,CUST-100156,2026-03-18,PENDING,Toronto,ON,Canada
ORD-1001952,CUST-100157,2025-08-02,CANCELLED,Vancouver,British Columbia,Canada
ORD-1001953,CUST-100158,2025-03-24,delivered,London,eng,United Kingdom
ORD-1001954,CUST-100159,2024-09-26,DELIVERED,Manchester,ENG,United Kingdom
ORD-1001955,CUST-100160,2025-07-20,DELIVERED,Mumbai,MH,IN
ORD-1001956,CUST-100161,2024-06-22,shipped,Pune,Maharashtra,India
ORD-1001957,CUST-100162,2025-04-29,CONFIRMED,Bengaluru,ka,India
ORD-1001958,CUST-100163,2024-11-23,PENDING,Austin,TX,United States
ORD-1001959,CUST-100164,2026-08-30,cancelled,Seattle,WA,United States
ORD-1001960,CUST-100165,2026-02-23,DELIVERED,Denver,Colorado,United States
ORD-1001961,CUST-100166,2025-09-15,DELIVERED,Chicago,il,United States
ORD-1001962,CUST-100167,2026-05-08,delivered,Boston,MA,United States
ORD-1001963,CUST-100168,2025-06-06,SHIPPED,Miami,FL,United States
ORD-1001964,CUST-100169,2024-08-30,CONFIRMED,Phoenix,Arizona,United States
ORD-1001965,CUST-100170,2025-08-22,pending,Portland,or,United States
ORD-1001966,CUST-100171,2024-09-17,CANCELLED,Atlanta,GA,United States
ORD-1001967,CUST-100172,2025-02-05,DELIVERED,Dallas,TX,United States
ORD-1001968,CUST-100173,2025-08-21,delivered,San Diego,California,United States
ORD-1001969,CUST-100174,2026-01-25,DELIVERED,Minneapolis,mn,United States
ORD-1001970,CUST-100175,2025-07-16,SHIPPED,Nashville,TN,United States
ORD-1001971,CUST-100176,2025-11-19,confirmed,Charlotte,NC,United States
ORD-1001972,CUST-100177,2024-08-20,PENDING,Columbus,Ohio,United States
ORD-1001973,CUST-100178,2025-07-11,CANCELLED,Toronto,on,Canada
ORD-1001974,CUST-100179,2025-04-14,delivered,Vancouver,BC,Canada
ORD-1001975,CUST-100180,2026-07-04,DELIVERED,London,ENG,UK
ORD-1001976,CUST-100181,2025-05-14,DELIVERED,Manchester,England,United Kingdom
ORD-1001977,CUST-100182,2025-01-13,shipped,Mumbai,mh,India
ORD-1001978,CUST-100183,2025-05-08,CONFIRMED,Pune,MH,India
ORD-1001979,CUST-100184,2026-08-07,PENDING,Bengaluru,KA,India
ORD-1001980,CUST-100185,2024-11-20,cancelled,Austin,Texas,United States
ORD-1001981,CUST-100186,2024-08-18,DELIVERED,Seattle,wa,United States
ORD-1001982,CUST-100187,2025-11-05,DELIVERED,Denver,CO,United States
ORD-1001983,CUST-100188,2026-03-11,delivered,Chicago,IL,United States
ORD-1001984,CUST-100189,2024-09-25,SHIPPED,Boston,Massachusetts,United States
ORD-1001985,CUST-100190,2025-11-26,CONFIRMED,Miami,fl,United States
ORD-1001986,CUST-100191,2025-11-05,pending,Phoenix,AZ,United States
ORD-1001987,CUST-100192,2024-12-16,CANCELLED,Portland,OR,United States
ORD-1001988,CUST-100193,2026-08-04,DELIVERED,Atlanta,Georgia,United States
ORD-1001989,CUST-100194,2025-05-24,delivered,Dallas,tx,United States
ORD-1001990,CUST-100195,2025-05-26,DELIVERED,San Diego,CA,United States
ORD-1001991,CUST-100196,2026-06-15,SHIPPED,Minneapolis,MN,United States
ORD-1001992,CUST-100197,2026-03-23,confirmed,Nashville,Tennessee,United States
ORD-1001993,CUST-100198,2026-09-13,PENDING,Charlotte,nc,United States
ORD-1001994,CUST-100199,2024-10-30,CANCELLED,Columbus,OH,United States
ORD-1001995,CUST-100200,2025-01-28,delivered,Toronto,ON,Canada
ORD-1001996,CUST-100201,2024-09-14,DELIVERED,Vancouver,British Columbia,Canada
ORD-1001997,CUST-100202,2024-10-28,DELIVERED,London,eng,United Kingdom
ORD-1001998,CUST-100203,2025-02-18,shipped,Manchester,ENG,United Kingdom
ORD-1001999,CUST-100204,2024-12-20,CONFIRMED,Mumbai,MH,India
ORD-1000200,CUST-100241,2024-11-04,CONFIRMED,,Colorado,United States
ORD-1000201,CUST-100242,2025-06-18,pending,,il,United States
ORD-1000202,CUST-100243,2026-07-21,CANCELLED,,MA,United States
ORD-1000203,CUST-100244,2024-11-13,DELIVERED,,FL,United States
ORD-1000204,CUST-100245,2025-12-05,delivered,,Arizona,United States
ORD-1000205,CUST-100246,2026-08-07,DELIVERED,,or,United States
ORD-1000206,CUST-100247,2025-11-26,SHIPPED,,GA,United States
ORD-1000207,CUST-100248,2024-06-01,confirmed,,TX,United States
ORD-1000208,CUST-100249,2026-02-04,PENDING,,California,United States
ORD-1000209,CUST-100250,2025-04-28,CANCELLED,,mn,United States
ORD-1000210,CUST-100251,2025-10-14,delivered,,TN,United States
ORD-1000211,CUST-100252,2024-06-20,DELIVERED,,NC,United States
ORD-1000212,CUST-100253,2024-09-23,DELIVERED,,Ohio,United States
ORD-1000213,CUST-100254,2025-06-07,shipped,,on,Canada
ORD-1000214,CUST-100255,2026-09-05,CONFIRMED,,BC,Canada
,CUST-100341,2025-09-22,cancelled,Columbus,Ohio,United States
,CUST-100341,2025-09-22,cancelled,Columbus,Ohio,United States
,CUST-100341,2025-09-22,cancelled,Columbus,Ohio,United States
,CUST-100341,2025-09-22,cancelled,Columbus,Ohio,United States
,CUST-100341,2025-09-22,cancelled,Columbus,Ohio,United States
,CUST-100341,2025-09-22,cancelled,Columbus,Ohio,United States
,CUST-100341,2025-09-22,cancelled,Columbus,Ohio,United States
,CUST-100341,2025-09-22,cancelled,Columbus,Ohio,United States
,CUST-100341,2025-09-22,cancelled,Columbus,Ohio,United States
,CUST-100341,2025-09-22,cancelled,Columbus,Ohio,United States
