order_item_id,order_id,product_id,quantity,unit_price,discount
ITM-10000000,ORD-1000000,PRD-10025,0,8.00,0
ITM-10000001,ORD-1000000,PRD-10026,-1,9.25,5
ITM-10000002,ORD-1000001,PRD-10027,0,10.50,10
ITM-10000003,ORD-1000001,PRD-10028,-1,11.75,15
ITM-10000004,ORD-1000001,PRD-10029,0,12.00,20
ITM-10000005,ORD-1000002,PRD-10030,-1,13.25,0
ITM-10000006,ORD-1000002,PRD-10031,0,14.50,5
ITM-10000007,ORD-1000003,PRD-10032,-1,15.75,10
ITM-10000008,ORD-1000003,PRD-10033,0,16.00,15
ITM-10000009,ORD-1000003,PRD-10034,-1,17.25,20
ITM-10000010,ORD-1000004,PRD-10035,0,18.50,0
ITM-10000011,ORD-1000004,PRD-10036,-1,19.75,5
ITM-10000012,ORD-1000005,PRD-10037,0,20.00,10
ITM-10000013,ORD-1000005,PRD-10038,-1,21.25,15
ITM-10000014,ORD-1000005,PRD-10039,0,22.50,20
ITM-10000015,ORD-1000006,PRD-10040,-1,23.75,0
ITM-10000016,ORD-1000006,PRD-10041,0,24.00,5
ITM-10000017,ORD-1000007,PRD-10042,-1,25.25,10
ITM-10000018,ORD-1000007,PRD-10043,0,26.50,15
ITM-10000019,ORD-1000007,PRD-10044,-1,27.75,20
ITM-10000020,ORD-1000008,PRD-10045,3,0,0
ITM-10000021,ORD-1000008,PRD-10046,1,-5.00,5
ITM-10000022,ORD-1000009,PRD-10047,2,0,10
ITM-10000023,ORD-1000009,PRD-10048,3,-5.00,15
ITM-10000024,ORD-1000009,PRD-10049,1,0,20
ITM-10000025,ORD-1000010,PRD-10050,2,-5.00,0
ITM-10000026,ORD-1000010,PRD-10051,3,0,5
ITM-10000027,ORD-1000011,PRD-10052,1,-5.00,10
ITM-10000028,ORD-1000011,PRD-10053,2,0,15
ITM-10000029,ORD-1000011,PRD-10054,3,-5.00,20
ITM-10000030,ORD-1000012,PRD-10055,1,0,0
ITM-10000031,ORD-1000012,PRD-10056,2,-5.00,5
ITM-10000032,ORD-1000013,PRD-10057,3,0,10
ITM-10000033,ORD-1000013,PRD-10058,1,-5.00,15
ITM-10000034,ORD-1000013,PRD-10059,2,0,20
ITM-10000035,ORD-1000014,PRD-10060,3,-5.00,0
ITM-10000036,ORD-1000014,PRD-10061,1,0,5
ITM-10000037,ORD-1000015,PRD-10062,2,-5.00,10
ITM-10000038,ORD-1000015,PRD-10063,3,0,15
ITM-10000039,ORD-1000015,PRD-10064,1,-5.00,20
ITM-10000040,ORD-1000016,PRD-10065,2,8.00,-10
ITM-10000041,ORD-1000016,PRD-10066,3,9.25,-10
ITM-10000042,ORD-1000017,PRD-10067,1,10.50,-10
ITM-10000043,ORD-1000017,PRD-10068,2,11.75,-10
ITM-10000044,ORD-1000017,PRD-10069,3,12.00,-10
ITM-10000045,ORD-1000018,PRD-10070,1,13.25,-10
ITM-10000046,ORD-1000018,PRD-10071,2,14.50,-10
ITM-10000047,ORD-1000019,PRD-10072,3,15.75,-10
ITM-10000048,ORD-1000019,PRD-10073,1,16.00,-10
ITM-10000049,ORD-1000019,PRD-10074,2,17.25,-10
ITM-10000050,ORD-1000020,PRD-10075,3,18.50,-10
ITM-10000051,ORD-1000020,PRD-10076,1,19.75,-10
ITM-10000052,ORD-1000021,PRD-10077,2,20.00,-10
ITM-10000053,ORD-1000021,PRD-10078,3,21.25,-10
ITM-10000054,ORD-1000021,PRD-10079,1,22.50,-10
ITM-10000055,ORD-1000022,PRD-10080,2,23.75,150
ITM-10000056,ORD-1000022,PRD-10081,3,24.00,150
ITM-10000057,ORD-1000023,PRD-10082,1,25.25,150
ITM-10000058,ORD-1000023,PRD-10083,2,26.50,150
ITM-10000059,ORD-1000023,PRD-10084,3,27.75,150
ITM-10000060,ORD-1000024,PRD-10085,1,28.00,150
ITM-10000061,ORD-1000024,PRD-10086,2,29.25,150
ITM-10000062,ORD-1000025,PRD-10087,3,30.50,150
ITM-10000063,ORD-1000025,PRD-10088,1,31.75,150
ITM-10000064,ORD-1000025,PRD-10089,2,32.00,150
ITM-10000065,ORD-1000026,PRD-10090,3,33.25,150
ITM-10000066,ORD-1000026,PRD-10091,1,34.50,150
ITM-10000067,ORD-1000027,PRD-10092,2,35.75,150
ITM-10000068,ORD-1000027,PRD-10093,3,36.00,150
ITM-10000069,ORD-1000027,PRD-10094,1,37.25,150
ITM-10000070,ORD-1000028,PRD-MISSING,2,38.50,0
ITM-10000071,ORD-1000028,PRD-MISSING,3,39.75,5
ITM-10000072,ORD-1000029,PRD-MISSING,1,40.00,10
ITM-10000073,ORD-1000029,PRD-MISSING,2,41.25,15
ITM-10000074,ORD-1000029,PRD-MISSING,3,42.50,20
ITM-10000075,ORD-1000030,PRD-MISSING,1,43.75,0
ITM-10000076,ORD-1000030,PRD-MISSING,2,44.00,5
ITM-10000077,ORD-1000031,PRD-MISSING,3,45.25,10
ITM-10000078,ORD-1000031,PRD-MISSING,1,46.50,15
ITM-10000079,ORD-1000031,PRD-MISSING,2,47.75,20
ITM-10000080,ORD-1000032,PRD-MISSING,3,8.00,0
ITM-10000081,ORD-1000032,PRD-MISSING,1,9.25,5
ITM-10000082,ORD-1000033,PRD-MISSING,2,10.50,10
ITM-10000083,ORD-1000033,PRD-MISSING,3,11.75,15
ITM-10000084,ORD-1000033,PRD-MISSING,1,12.00,20
ITM-10000085,ORD-1000034,PRD-MISSING,2,13.25,0
ITM-10000086,ORD-1000034,PRD-MISSING,3,14.50,5
ITM-10000087,ORD-1000035,PRD-MISSING,1,15.75,10
ITM-10000088,ORD-1000035,PRD-MISSING,2,16.00,15
ITM-10000089,ORD-1000035,PRD-MISSING,3,17.25,20
ITM-10000090,ORD-1000036,PRD-MISSING,1,18.50,0
ITM-10000091,ORD-1000036,PRD-MISSING,2,19.75,5
ITM-10000092,ORD-1000037,PRD-MISSING,3,20.00,10
ITM-10000093,ORD-1000037,PRD-MISSING,1,21.25,15
ITM-10000094,ORD-1000037,PRD-MISSING,2,22.50,20
ITM-10000095,ORD-MISSING,PRD-10120,3,23.75,0
ITM-10000096,ORD-MISSING,PRD-10121,1,24.00,5
ITM-10000097,ORD-MISSING,PRD-10122,2,25.25,10
ITM-10000098,ORD-MISSING,PRD-10123,3,26.50,15
ITM-10000099,ORD-MISSING,PRD-10124,1,27.75,20
ITM-10000100,ORD-MISSING,PRD-10125,2,28.00,0
ITM-10000101,ORD-MISSING,PRD-10126,3,29.25,5
ITM-10000102,ORD-MISSING,PRD-10127,1,30.50,10
ITM-10000103,ORD-MISSING,PRD-10128,2,31.75,15
ITM-10000104,ORD-MISSING,PRD-10129,3,32.00,20
ITM-10000105,ORD-MISSING,PRD-10130,1,33.25,0
ITM-10000106,ORD-MISSING,PRD-10131,2,34.50,5
ITM-10000107,ORD-MISSING,PRD-10132,3,35.75,10
ITM-10000108,ORD-MISSING,PRD-10133,1,36.00,15
ITM-10000109,ORD-MISSING,PRD-10134,2,37.25,20
ITM-10000110,ORD-MISSING,PRD-10135,3,38.50,0
ITM-10000111,ORD-MISSING,PRD-10136,1,39.75,5
ITM-10000112,ORD-MISSING,PRD-10137,2,40.00,10
ITM-10000113,ORD-MISSING,PRD-10138,3,41.25,15
ITM-10000114,ORD-MISSING,PRD-10139,1,42.50,20
ITM-10000115,ORD-MISSING,PRD-10140,2,43.75,0
ITM-10000116,ORD-MISSING,PRD-10141,3,44.00,5
ITM-10000117,ORD-MISSING,PRD-10142,1,45.25,10
ITM-10000118,ORD-MISSING,PRD-10143,2,46.50,15
ITM-10000119,ORD-MISSING,PRD-10144,3,47.75,20
ITM-10000120,ORD-1000048,PRD-10145,1,8.00,0
ITM-10000121,ORD-1000048,PRD-10146,2,9.25,5
ITM-10000122,ORD-1000049,PRD-10147,3,10.50,10
ITM-10000123,ORD-1000049,PRD-10148,1,11.75,15
ITM-10000124,ORD-1000049,PRD-10149,2,12.00,20
ITM-10000125,ORD-1000050,PRD-10150,3,13.25,0
ITM-10000126,ORD-1000050,PRD-10151,1,14.50,5
ITM-10000127,ORD-1000051,PRD-10152,2,15.75,10
ITM-10000128,ORD-1000051,PRD-10153,3,16.00,15
ITM-10000129,ORD-1000051,PRD-10154,1,17.25,20
ITM-10000130,ORD-1000052,PRD-10155,2,18.50,0
ITM-10000131,ORD-1000052,PRD-10156,3,19.75,5
ITM-10000132,ORD-1000053,PRD-10157,1,20.00,10
ITM-10000133,ORD-1000053,PRD-10158,2,21.25,15
ITM-10000134,ORD-1000053,PRD-10159,3,22.50,20
ITM-10000135,ORD-1000054,PRD-10160,1,23.75,0
ITM-10000136,ORD-1000054,PRD-10161,2,24.00,5
ITM-10000137,ORD-1000055,PRD-10162,3,25.25,10
ITM-10000138,ORD-1000055,PRD-10163,1,26.50,15
ITM-10000139,ORD-1000055,PRD-10164,2,27.75,20
ITM-10000140,ORD-1000056,PRD-10165,3,28.00,0
ITM-10000141,ORD-1000056,PRD-10166,1,29.25,5
ITM-10000142,ORD-1000057,PRD-10167,2,30.50,10
ITM-10000143,ORD-1000057,PRD-10168,3,31.75,15
ITM-10000144,ORD-1000057,PRD-10169,1,32.00,20
ITM-10000145,ORD-1000058,PRD-10170,2,33.25,0
ITM-10000146,ORD-1000058,PRD-10171,3,34.50,5
ITM-10000147,ORD-1000059,PRD-10172,1,35.75,10
ITM-10000148,ORD-1000059,PRD-10173,2,36.00,15
ITM-10000149,ORD-1000059,PRD-10174,3,37.25,20
ITM-10000150,ORD-1000060,PRD-10175,1,38.50,0
ITM-10000151,ORD-1000060,PRD-10176,2,39.75,5
ITM-10000152,ORD-1000061,PRD-10177,3,40.00,10
ITM-10000153,ORD-1000061,PRD-10178,1,41.25,15
ITM-10000154,ORD-1000061,PRD-10179,2,42.50,20
ITM-10000155,ORD-1000062,PRD-10180,3,43.75,0
ITM-10000156,ORD-1000062,PRD-10181,1,44.00,5
ITM-10000157,ORD-1000063,PRD-10182,2,45.25,10
ITM-10000158,ORD-1000063,PRD-10183,3,46.50,15
ITM-10000159,ORD-1000063,PRD-10184,1,47.75,20
ITM-10000160,ORD-1000064,PRD-10185,2,8.00,0
ITM-10000161,ORD-1000064,PRD-10186,3,9.25,5
ITM-10000162,ORD-1000065,PRD-10187,1,10.50,10
ITM-10000163,ORD-1000065,PRD-10188,2,11.75,15
ITM-10000164,ORD-1000065,PRD-10189,3,12.00,20
ITM-10000165,ORD-1000066,PRD-10190,1,13.25,0
ITM-10000166,ORD-1000066,PRD-10191,2,14.50,5
ITM-10000167,ORD-1000067,PRD-10192,3,15.75,10
ITM-10000168,ORD-1000067,PRD-10193,1,16.00,15
ITM-10000169,ORD-1000067,PRD-10194,2,17.25,20
ITM-10000170,ORD-1000068,PRD-10195,3,18.50,0
ITM-10000171,ORD-1000068,PRD-10196,1,19.75,5
ITM-10000172,ORD-1000069,PRD-10197,2,20.00,10
ITM-10000173,ORD-1000069,PRD-10198,3,21.25,15
ITM-10000174,ORD-1000069,PRD-10199,1,22.50,20
ITM-10000175,ORD-1000070,PRD-10200,2,23.75,0
ITM-10000176,ORD-1000070,PRD-10201,3,24.00,5
ITM-10000177,ORD-1000071,PRD-10202,1,25.25,10
ITM-10000178,ORD-1000071,PRD-10203,2,26.50,15
ITM-10000179,ORD-1000071,PRD-10204,3,27.75,20
ITM-10000180,ORD-1000072,PRD-10205,1,28.00,0
ITM-10000181,ORD-1000072,PRD-10206,2,29.25,5
ITM-10000182,ORD-1000073,PRD-10207,3,30.50,10
ITM-10000183,ORD-1000073,PRD-10208,1,31.75,15
ITM-10000184,ORD-1000073,PRD-10209,2,32.00,20
ITM-10000185,ORD-1000074,PRD-10025,3,33.25,0
ITM-10000186,ORD-1000074,PRD-10026,1,34.50,5
ITM-10000187,ORD-1000075,PRD-10027,2,35.75,10
ITM-10000188,ORD-1000075,PRD-10028,3,36.00,15
ITM-10000189,ORD-1000075,PRD-10029,1,37.25,20
ITM-10000190,ORD-1000076,PRD-10030,2,38.50,0
ITM-10000191,ORD-1000076,PRD-10031,3,39.75,5
ITM-10000192,ORD-1000077,PRD-10032,1,40.00,10
ITM-10000193,ORD-1000077,PRD-10033,2,41.25,15
ITM-10000194,ORD-1000077,PRD-10034,3,42.50,20
ITM-10000195,ORD-1000078,PRD-10035,1,43.75,0
ITM-10000196,ORD-1000078,PRD-10036,2,44.00,5
ITM-10000197,ORD-1000079,PRD-10037,3,45.25,10
ITM-10000198,ORD-1000079,PRD-10038,1,46.50,15
ITM-10000199,ORD-1000079,PRD-10039,2,47.75,20
ITM-10000200,ORD-1000080,PRD-10040,3,8.00,0
ITM-10000201,ORD-1000080,PRD-10041,1,9.25,5
ITM-10000202,ORD-1000081,PRD-10042,2,10.50,10
ITM-10000203,ORD-1000081,PRD-10043,3,11.75,15
ITM-10000204,ORD-1000081,PRD-10044,1,12.00,20
ITM-10000205,ORD-1000082,PRD-10045,2,13.25,0
ITM-10000206,ORD-1000082,PRD-10046,3,14.50,5
ITM-10000207,ORD-1000083,PRD-10047,1,15.75,10
ITM-10000208,ORD-1000083,PRD-10048,2,16.00,15
ITM-10000209,ORD-1000083,PRD-10049,3,17.25,20
ITM-10000210,ORD-1000084,PRD-10050,1,18.50,0
ITM-10000211,ORD-1000084,PRD-10051,2,19.75,5
ITM-10000212,ORD-1000085,PRD-10052,3,20.00,10
ITM-10000213,ORD-1000085,PRD-10053,1,21.25,15
ITM-10000214,ORD-1000085,PRD-10054,2,22.50,20
ITM-10000215,ORD-1000086,PRD-10055,3,23.75,0
ITM-10000216,ORD-1000086,PRD-10056,1,24.00,5
ITM-10000217,ORD-1000087,PRD-10057,2,25.25,10
ITM-10000218,ORD-1000087,PRD-10058,3,26.50,15
ITM-10000219,ORD-1000087,PRD-10059,1,27.75,20
ITM-10000220,ORD-1000088,PRD-10060,2,28.00,0
ITM-10000221,ORD-1000088,PRD-10061,3,29.25,5
ITM-10000222,ORD-1000089,PRD-10062,1,30.50,10
ITM-10000223,ORD-1000089,PRD-10063,2,31.75,15
ITM-10000224,ORD-1000089,PRD-10064,3,32.00,20
ITM-10000225,ORD-1000090,PRD-10065,1,33.25,0
ITM-10000226,ORD-1000090,PRD-10066,2,34.50,5
ITM-10000227,ORD-1000091,PRD-10067,3,35.75,10
ITM-10000228,ORD-1000091,PRD-10068,1,36.00,15
ITM-10000229,ORD-1000091,PRD-10069,2,37.25,20
ITM-10000230,ORD-1000092,PRD-10070,3,38.50,0
ITM-10000231,ORD-1000092,PRD-10071,1,39.75,5
ITM-10000232,ORD-1000093,PRD-10072,2,40.00,10
ITM-10000233,ORD-1000093,PRD-10073,3,41.25,15
ITM-10000234,ORD-1000093,PRD-10074,1,42.50,20
ITM-10000235,ORD-1000094,PRD-10075,2,43.75,0
ITM-10000236,ORD-1000094,PRD-10076,3,44.00,5
ITM-10000237,ORD-1000095,PRD-10077,1,45.25,10
ITM-10000238,ORD-1000095,PRD-10078,2,46.50,15
ITM-10000239,ORD-1000095,PRD-10079,3,47.75,20
ITM-10000240,ORD-1000096,PRD-10080,1,8.00,0
ITM-10000241,ORD-1000096,PRD-10081,2,9.25,5
ITM-10000242,ORD-1000097,PRD-10082,3,10.50,10
ITM-10000243,ORD-1000097,PRD-10083,1,11.75,15
ITM-10000244,ORD-1000097,PRD-10084,2,12.00,20
ITM-10000245,ORD-1000098,PRD-10085,3,13.25,0
ITM-10000246,ORD-1000098,PRD-10086,1,14.50,5
ITM-10000247,ORD-1000099,PRD-10087,2,15.75,10
ITM-10000248,ORD-1000099,PRD-10088,3,16.00,15
ITM-10000249,ORD-1000099,PRD-10089,1,17.25,20
ITM-10000250,ORD-1000100,PRD-10090,2,18.50,0
ITM-10000251,ORD-1000100,PRD-10091,3,19.75,5
ITM-10000252,ORD-1000101,PRD-10092,1,20.00,10
ITM-10000253,ORD-1000101,PRD-10093,2,21.25,15
ITM-10000254,ORD-1000101,PRD-10094,3,22.50,20
ITM-10000255,ORD-1000102,PRD-10095,1,23.75,0
ITM-10000256,ORD-1000102,PRD-10096,2,24.00,5
ITM-10000257,ORD-1000103,PRD-10097,3,25.25,10
ITM-10000258,ORD-1000103,PRD-10098,1,26.50,15
ITM-10000259,ORD-1000103,PRD-10099,2,27.75,20
ITM-10000260,ORD-1000104,PRD-10100,3,28.00,0
ITM-10000261,ORD-1000104,PRD-10101,1,29.25,5
ITM-10000262,ORD-1000105,PRD-10102,2,30.50,10
ITM-10000263,ORD-1000105,PRD-10103,3,31.75,15
ITM-10000264,ORD-1000105,PRD-10104,1,32.00,20
ITM-10000265,ORD-1000106,PRD-10105,2,33.25,0
ITM-10000266,ORD-1000106,PRD-10106,3,34.50,5
ITM-10000267,ORD-1000107,PRD-10107,1,35.75,10
ITM-10000268,ORD-1000107,PRD-10108,2,36.00,15
ITM-10000269,ORD-1000107,PRD-10109,3,37.25,20
ITM-10000270,ORD-1000108,PRD-10110,1,38.50,0
ITM-10000271,ORD-1000108,PRD-10111,2,39.75,5
ITM-10000272,ORD-1000109,PRD-10112,3,40.00,10
ITM-10000273,ORD-1000109,PRD-10113,1,41.25,15
ITM-10000274,ORD-1000109,PRD-10114,2,42.50,20
ITM-10000275,ORD-1000110,PRD-10115,3,43.75,0
ITM-10000276,ORD-1000110,PRD-10116,1,44.00,5
ITM-10000277,ORD-1000111,PRD-10117,2,45.25,10
ITM-10000278,ORD-1000111,PRD-10118,3,46.50,15
ITM-10000279,ORD-1000111,PRD-10119,1,47.75,20
ITM-10000280,ORD-1000112,PRD-10120,2,8.00,0
ITM-10000281,ORD-1000112,PRD-10121,3,9.25,5
ITM-10000282,ORD-1000113,PRD-10122,1,10.50,10
ITM-10000283,ORD-1000113,PRD-10123,2,11.75,15
ITM-10000284,ORD-1000113,PRD-10124,3,12.00,20
ITM-10000285,ORD-1000114,PRD-10125,1,13.25,0
ITM-10000286,ORD-1000114,PRD-10126,2,14.50,5
ITM-10000287,ORD-1000115,PRD-10127,3,15.75,10
ITM-10000288,ORD-1000115,PRD-10128,1,16.00,15
ITM-10000289,ORD-1000115,PRD-10129,2,17.25,20
ITM-10000290,ORD-1000116,PRD-10130,3,18.50,0
ITM-10000291,ORD-1000116,PRD-10131,1,19.75,5
ITM-10000292,ORD-1000117,PRD-10132,2,20.00,10
ITM-10000293,ORD-1000117,PRD-10133,3,21.25,15
ITM-10000294,ORD-1000117,PRD-10134,1,22.50,20
ITM-10000295,ORD-1000118,PRD-10135,2,23.75,0
ITM-10000296,ORD-1000118,PRD-10136,3,24.00,5
ITM-10000297,ORD-1000119,PRD-10137,1,25.25,10
ITM-10000298,ORD-1000119,PRD-10138,2,26.50,15
ITM-10000299,ORD-1000119,PRD-10139,3,27.75,20
ITM-10000300,ORD-1000120,PRD-10140,1,28.00,0
ITM-10000301,ORD-1000120,PRD-10141,2,29.25,5
ITM-10000302,ORD-1000121,PRD-10142,3,30.50,10
ITM-10000303,ORD-1000121,PRD-10143,1,31.75,15
ITM-10000304,ORD-1000121,PRD-10144,2,32.00,20
ITM-10000305,ORD-1000122,PRD-10145,3,33.25,0
ITM-10000306,ORD-1000122,PRD-10146,1,34.50,5
ITM-10000307,ORD-1000123,PRD-10147,2,35.75,10
ITM-10000308,ORD-1000123,PRD-10148,3,36.00,15
ITM-10000309,ORD-1000123,PRD-10149,1,37.25,20
ITM-10000310,ORD-1000124,PRD-10150,2,38.50,0
ITM-10000311,ORD-1000124,PRD-10151,3,39.75,5
ITM-10000312,ORD-1000125,PRD-10152,1,40.00,10
ITM-10000313,ORD-1000125,PRD-10153,2,41.25,15
ITM-10000314,ORD-1000125,PRD-10154,3,42.50,20
ITM-10000315,ORD-1000126,PRD-10155,1,43.75,0
ITM-10000316,ORD-1000126,PRD-10156,2,44.00,5
ITM-10000317,ORD-1000127,PRD-10157,3,45.25,10
ITM-10000318,ORD-1000127,PRD-10158,1,46.50,15
ITM-10000319,ORD-1000127,PRD-10159,2,47.75,20
ITM-10000320,ORD-1000128,PRD-10160,3,8.00,0
ITM-10000321,ORD-1000128,PRD-10161,1,9.25,5
ITM-10000322,ORD-1000129,PRD-10162,2,10.50,10
ITM-10000323,ORD-1000129,PRD-10163,3,11.75,15
ITM-10000324,ORD-1000129,PRD-10164,1,12.00,20
ITM-10000325,ORD-1000130,PRD-10165,2,13.25,0
ITM-10000326,ORD-1000130,PRD-10166,3,14.50,5
ITM-10000327,ORD-1000131,PRD-10167,1,15.75,10
ITM-10000328,ORD-1000131,PRD-10168,2,16.00,15
ITM-10000329,ORD-1000131,PRD-10169,3,17.25,20
ITM-10000330,ORD-1000132,PRD-10170,1,18.50,0
ITM-10000331,ORD-1000132,PRD-10171,2,19.75,5
ITM-10000332,ORD-1000133,PRD-10172,3,20.00,10
ITM-10000333,ORD-1000133,PRD-10173,1,21.25,15
ITM-10000334,ORD-1000133,PRD-10174,2,22.50,20
ITM-10000335,ORD-1000134,PRD-10175,3,23.75,0
ITM-10000336,ORD-1000134,PRD-10176,1,24.00,5
ITM-10000337,ORD-1000135,PRD-10177,2,25.25,10
ITM-10000338,ORD-1000135,PRD-10178,3,26.50,15
ITM-10000339,ORD-1000135,PRD-10179,1,27.75,20
ITM-10000340,ORD-1000136,PRD-10180,2,28.00,0
ITM-10000341,ORD-1000136,PRD-10181,3,29.25,5
ITM-10000342,ORD-1000137,PRD-10182,1,30.50,10
ITM-10000343,ORD-1000137,PRD-10183,2,31.75,15
ITM-10000344,ORD-1000137,PRD-10184,3,32.00,20
ITM-10000345,ORD-1000138,PRD-10185,1,33.25,0
ITM-10000346,ORD-1000138,PRD-10186,2,34.50,5
ITM-10000347,ORD-1000139,PRD-10187,3,35.75,10
ITM-10000348,ORD-1000139,PRD-10188,1,36.00,15
ITM-10000349,ORD-1000139,PRD-10189,2,37.25,20
ITM-10000350,ORD-1000140,PRD-10190,3,38.50,0
ITM-10000351,ORD-1000140,PRD-10191,1,39.75,5
ITM-10000352,ORD-1000141,PRD-10192,2,40.00,10
ITM-10000353,ORD-1000141,PRD-10193,3,41.25,15
ITM-10000354,ORD-1000141,PRD-10194,1,42.50,20
ITM-10000355,ORD-1000142,PRD-10195,2,43.75,0
ITM-10000356,ORD-1000142,PRD-10196,3,44.00,5
ITM-10000357,ORD-1000143,PRD-10197,1,45.25,10
ITM-10000358,ORD-1000143,PRD-10198,2,46.50,15
ITM-10000359,ORD-1000143,PRD-10199,3,47.75,20
ITM-10000360,ORD-1000144,PRD-10200,1,8.00,0
ITM-10000361,ORD-1000144,PRD-10201,2,9.25,5
ITM-10000362,ORD-1000145,PRD-10202,3,10.50,10
ITM-10000363,ORD-1000145,PRD-10203,1,11.75,15
ITM-10000364,ORD-1000145,PRD-10204,2,12.00,20
ITM-10000365,ORD-1000146,PRD-10205,3,13.25,0
ITM-10000366,ORD-1000146,PRD-10206,1,14.50,5
ITM-10000367,ORD-1000147,PRD-10207,2,15.75,10
ITM-10000368,ORD-1000147,PRD-10208,3,16.00,15
ITM-10000369,ORD-1000147,PRD-10209,1,17.25,20
ITM-10000370,ORD-1000148,PRD-10025,2,18.50,0
ITM-10000371,ORD-1000148,PRD-10026,3,19.75,5
ITM-10000372,ORD-1000149,PRD-10027,1,20.00,10
ITM-10000373,ORD-1000149,PRD-10028,2,21.25,15
ITM-10000374,ORD-1000149,PRD-10029,3,22.50,20
ITM-10000375,ORD-1000150,PRD-10030,1,23.75,0
ITM-10000376,ORD-1000150,PRD-10031,2,24.00,5
ITM-10000377,ORD-1000151,PRD-10032,3,25.25,10
ITM-10000378,ORD-1000151,PRD-10033,1,26.50,15
ITM-10000379,ORD-1000151,PRD-10034,2,27.75,20
ITM-10000380,ORD-1000152,PRD-10035,3,28.00,0
ITM-10000381,ORD-1000152,PRD-10036,1,29.25,5
ITM-10000382,ORD-1000153,PRD-10037,2,30.50,10
ITM-10000383,ORD-1000153,PRD-10038,3,31.75,15
ITM-10000384,ORD-1000153,PRD-10039,1,32.00,20
ITM-10000385,ORD-1000154,PRD-10040,2,33.25,0
ITM-10000386,ORD-1000154,PRD-10041,3,34.50,5
ITM-10000387,ORD-1000155,PRD-10042,1,35.75,10
ITM-10000388,ORD-1000155,PRD-10043,2,36.00,15
ITM-10000389,ORD-1000155,PRD-10044,3,37.25,20
ITM-10000390,ORD-1000156,PRD-10045,1,38.50,0
ITM-10000391,ORD-1000156,PRD-10046,2,39.75,5
ITM-10000392,ORD-1000157,PRD-10047,3,40.00,10
ITM-10000393,ORD-1000157,PRD-10048,1,41.25,15
ITM-10000394,ORD-1000157,PRD-10049,2,42.50,20
ITM-10000395,ORD-1000158,PRD-10050,3,43.75,0
ITM-10000396,ORD-1000158,PRD-10051,1,44.00,5
ITM-10000397,ORD-1000159,PRD-10052,2,45.25,10
ITM-10000398,ORD-1000159,PRD-10053,3,46.50,15
ITM-10000399,ORD-1000159,PRD-10054,1,47.75,20
ITM-10000400,ORD-1000160,PRD-10055,2,8.00,0
ITM-10000401,ORD-1000160,PRD-10056,3,9.25,5
ITM-10000402,ORD-1000161,PRD-10057,1,10.50,10
ITM-10000403,ORD-1000161,PRD-10058,2,11.75,15
ITM-10000404,ORD-1000161,PRD-10059,3,12.00,20
ITM-10000405,ORD-1000162,PRD-10060,1,13.25,0
ITM-10000406,ORD-1000162,PRD-10061,2,14.50,5
ITM-10000407,ORD-1000163,PRD-10062,3,15.75,10
ITM-10000408,ORD-1000163,PRD-10063,1,16.00,15
ITM-10000409,ORD-1000163,PRD-10064,2,17.25,20
ITM-10000410,ORD-1000164,PRD-10065,3,18.50,0
ITM-10000411,ORD-1000164,PRD-10066,1,19.75,5
ITM-10000412,ORD-1000165,PRD-10067,2,20.00,10
ITM-10000413,ORD-1000165,PRD-10068,3,21.25,15
ITM-10000414,ORD-1000165,PRD-10069,1,22.50,20
ITM-10000415,ORD-1000166,PRD-10070,2,23.75,0
ITM-10000416,ORD-1000166,PRD-10071,3,24.00,5
ITM-10000417,ORD-1000167,PRD-10072,1,25.25,10
ITM-10000418,ORD-1000167,PRD-10073,2,26.50,15
ITM-10000419,ORD-1000167,PRD-10074,3,27.75,20
ITM-10000420,ORD-1000168,PRD-10075,1,28.00,0
ITM-10000421,ORD-1000168,PRD-10076,2,29.25,5
ITM-10000422,ORD-1000169,PRD-10077,3,30.50,10
ITM-10000423,ORD-1000169,PRD-10078,1,31.75,15
ITM-10000424,ORD-1000169,PRD-10079,2,32.00,20
ITM-10000425,ORD-1000170,PRD-10080,3,33.25,0
ITM-10000426,ORD-1000170,PRD-10081,1,34.50,5
ITM-10000427,ORD-1000171,PRD-10082,2,35.75,10
ITM-10000428,ORD-1000171,PRD-10083,3,36.00,15
ITM-10000429,ORD-1000171,PRD-10084,1,37.25,20
ITM-10000430,ORD-1000172,PRD-10085,2,38.50,0
ITM-10000431,ORD-1000172,PRD-10086,3,39.75,5
ITM-10000432,ORD-1000173,PRD-10087,1,40.00,10
ITM-10000433,ORD-1000173,PRD-10088,2,41.25,15
ITM-10000434,ORD-1000173,PRD-10089,3,42.50,20
ITM-10000435,ORD-1000174,PRD-10090,1,43.75,0
ITM-10000436,ORD-1000174,PRD-10091,2,44.00,5
ITM-10000437,ORD-1000175,PRD-10092,3,45.25,10
ITM-10000438,ORD-1000175,PRD-10093,1,46.50,15
ITM-10000439,ORD-1000175,PRD-10094,2,47.75,20
ITM-10000440,ORD-1000176,PRD-10095,3,8.00,0
ITM-10000441,ORD-1000176,PRD-10096,1,9.25,5
ITM-10000442,ORD-1000177,PRD-10097,2,10.50,10
ITM-10000443,ORD-1000177,PRD-10098,3,11.75,15
ITM-10000444,ORD-1000177,PRD-10099,1,12.00,20
ITM-10000445,ORD-1000178,PRD-10100,2,13.25,0
ITM-10000446,ORD-1000178,PRD-10101,3,14.50,5
ITM-10000447,ORD-1000179,PRD-10102,1,15.75,10
ITM-10000448,ORD-1000179,PRD-10103,2,16.00,15
ITM-10000449,ORD-1000179,PRD-10104,3,17.25,20
ITM-10000450,ORD-1000180,PRD-10105,1,18.50,0
ITM-10000451,ORD-1000180,PRD-10106,2,19.75,5
ITM-10000452,ORD-1000181,PRD-10107,3,20.00,10
ITM-10000453,ORD-1000181,PRD-10108,1,21.25,15
ITM-10000454,ORD-1000181,PRD-10109,2,22.50,20
ITM-10000455,ORD-1000182,PRD-10110,3,23.75,0
ITM-10000456,ORD-1000182,PRD-10111,1,24.00,5
ITM-10000457,ORD-1000183,PRD-10112,2,25.25,10
ITM-10000458,ORD-1000183,PRD-10113,3,26.50,15
ITM-10000459,ORD-1000183,PRD-10114,1,27.75,20
ITM-10000460,ORD-1000184,PRD-10115,2,28.00,0
ITM-10000461,ORD-1000184,PRD-10116,3,29.25,5
ITM-10000462,ORD-1000185,PRD-10117,1,30.50,10
ITM-10000463,ORD-1000185,PRD-10118,2,31.75,15
ITM-10000464,ORD-1000185,PRD-10119,3,32.00,20
ITM-10000465,ORD-1000186,PRD-10120,1,33.25,0
ITM-10000466,ORD-1000186,PRD-10121,2,34.50,5
ITM-10000467,ORD-1000187,PRD-10122,3,35.75,10
ITM-10000468,ORD-1000187,PRD-10123,1,36.00,15
ITM-10000469,ORD-1000187,PRD-10124,2,37.25,20
ITM-10000470,ORD-1000188,PRD-10125,3,38.50,0
ITM-10000471,ORD-1000188,PRD-10126,1,39.75,5
ITM-10000472,ORD-1000189,PRD-10127,2,40.00,10
ITM-10000473,ORD-1000189,PRD-10128,3,41.25,15
ITM-10000474,ORD-1000189,PRD-10129,1,42.50,20
ITM-10000475,ORD-1000190,PRD-10130,2,43.75,0
ITM-10000476,ORD-1000190,PRD-10131,3,44.00,5
ITM-10000477,ORD-1000191,PRD-10132,1,45.25,10
ITM-10000478,ORD-1000191,PRD-10133,2,46.50,15
ITM-10000479,ORD-1000191,PRD-10134,3,47.75,20
ITM-10000480,ORD-1000192,PRD-10135,1,8.00,0
ITM-10000481,ORD-1000192,PRD-10136,2,9.25,5
ITM-10000482,ORD-1000193,PRD-10137,3,10.50,10
ITM-10000483,ORD-1000193,PRD-10138,1,11.75,15
ITM-10000484,ORD-1000193,PRD-10139,2,12.00,20
ITM-10000485,ORD-1000194,PRD-10140,3,13.25,0
ITM-10000486,ORD-1000194,PRD-10141,1,14.50,5
ITM-10000487,ORD-1000195,PRD-10142,2,15.75,10
ITM-10000488,ORD-1000195,PRD-10143,3,16.00,15
ITM-10000489,ORD-1000195,PRD-10144,1,17.25,20
ITM-10000490,ORD-1000196,PRD-10145,2,18.50,0
ITM-10000491,ORD-1000196,PRD-10146,3,19.75,5
ITM-10000492,ORD-1000197,PRD-10147,1,20.00,10
ITM-10000493,ORD-1000197,PRD-10148,2,21.25,15
ITM-10000494,ORD-1000197,PRD-10149,3,22.50,20
ITM-10000495,ORD-1000198,PRD-10150,1,23.75,0
ITM-10000496,ORD-1000198,PRD-10151,2,24.00,5
ITM-10000497,ORD-1000199,PRD-10152,3,25.25,10
ITM-10000498,ORD-1000199,PRD-10153,1,26.50,15
ITM-10000499,ORD-1000199,PRD-10154,2,27.75,20
ITM-10000500,ORD-1000200,PRD-10155,3,28.00,0
ITM-10000501,ORD-1000200,PRD-10156,1,29.25,5
ITM-10000502,ORD-1000201,PRD-10157,2,30.50,10
ITM-10000503,ORD-1000201,PRD-10158,3,31.75,15
ITM-10000504,ORD-1000201,PRD-10159,1,32.00,20
ITM-10000505,ORD-1000202,PRD-10160,2,33.25,0
ITM-10000506,ORD-1000202,PRD-10161,3,34.50,5
ITM-10000507,ORD-1000203,PRD-10162,1,35.75,10
ITM-10000508,ORD-1000203,PRD-10163,2,36.00,15
ITM-10000509,ORD-1000203,PRD-10164,3,37.25,20
ITM-10000510,ORD-1000204,PRD-10165,1,38.50,0
ITM-10000511,ORD-1000204,PRD-10166,2,39.75,5
ITM-10000512,ORD-1000205,PRD-10167,3,40.00,10
ITM-10000513,ORD-1000205,PRD-10168,1,41.25,15
ITM-10000514,ORD-1000205,PRD-10169,2,42.50,20
ITM-10000515,ORD-1000206,PRD-10170,3,43.75,0
ITM-10000516,ORD-1000206,PRD-10171,1,44.00,5
ITM-10000517,ORD-1000207,PRD-10172,2,45.25,10
ITM-10000518,ORD-1000207,PRD-10173,3,46.50,15
ITM-10000519,ORD-1000207,PRD-10174,1,47.75,20
ITM-10000520,ORD-1000208,PRD-10175,2,8.00,0
ITM-10000521,ORD-1000208,PRD-10176,3,9.25,5
ITM-10000522,ORD-1000209,PRD-10177,1,10.50,10
ITM-10000523,ORD-1000209,PRD-10178,2,11.75,15
ITM-10000524,ORD-1000209,PRD-10179,3,12.00,20
ITM-10000525,ORD-1000210,PRD-10180,1,13.25,0
ITM-10000526,ORD-1000210,PRD-10181,2,14.50,5
ITM-10000527,ORD-1000211,PRD-10182,3,15.75,10
ITM-10000528,ORD-1000211,PRD-10183,1,16.00,15
ITM-10000529,ORD-1000211,PRD-10184,2,17.25,20
ITM-10000530,ORD-1000212,PRD-10185,3,18.50,0
ITM-10000531,ORD-1000212,PRD-10186,1,19.75,5
ITM-10000532,ORD-1000213,PRD-10187,2,20.00,10
ITM-10000533,ORD-1000213,PRD-10188,3,21.25,15
ITM-10000534,ORD-1000213,PRD-10189,1,22.50,20
ITM-10000535,ORD-1000214,PRD-10190,2,23.75,0
ITM-10000536,ORD-1000214,PRD-10191,3,24.00,5
ITM-10000537,ORD-1000215,PRD-10192,1,25.25,10
ITM-10000538,ORD-1000215,PRD-10193,2,26.50,15
ITM-10000539,ORD-1000215,PRD-10194,3,27.75,20
ITM-10000540,ORD-1000216,PRD-10195,1,28.00,0
ITM-10000541,ORD-1000216,PRD-10196,2,29.25,5
ITM-10000542,ORD-1000217,PRD-10197,3,30.50,10
ITM-10000543,ORD-1000217,PRD-10198,1,31.75,15
ITM-10000544,ORD-1000217,PRD-10199,2,32.00,20
ITM-10000545,ORD-1000218,PRD-10200,3,33.25,0
ITM-10000546,ORD-1000218,PRD-10201,1,34.50,5
ITM-10000547,ORD-1000219,PRD-10202,2,35.75,10
ITM-10000548,ORD-1000219,PRD-10203,3,36.00,15
ITM-10000549,ORD-1000219,PRD-10204,1,37.25,20
ITM-10000550,ORD-1000220,PRD-10205,2,38.50,0
ITM-10000551,ORD-1000220,PRD-10206,3,39.75,5
ITM-10000552,ORD-1000221,PRD-10207,1,40.00,10
ITM-10000553,ORD-1000221,PRD-10208,2,41.25,15
ITM-10000554,ORD-1000221,PRD-10209,3,42.50,20
ITM-10000555,ORD-1000222,PRD-10025,1,43.75,0
ITM-10000556,ORD-1000222,PRD-10026,2,44.00,5
ITM-10000557,ORD-1000223,PRD-10027,3,45.25,10
ITM-10000558,ORD-1000223,PRD-10028,1,46.50,15
ITM-10000559,ORD-1000223,PRD-10029,2,47.75,20
ITM-10000560,ORD-1000224,PRD-10030,3,8.00,0
ITM-10000561,ORD-1000224,PRD-10031,1,9.25,5
ITM-10000562,ORD-1000225,PRD-10032,2,10.50,10
ITM-10000563,ORD-1000225,PRD-10033,3,11.75,15
ITM-10000564,ORD-1000225,PRD-10034,1,12.00,20
ITM-10000565,ORD-1000226,PRD-10035,2,13.25,0
ITM-10000566,ORD-1000226,PRD-10036,3,14.50,5
ITM-10000567,ORD-1000227,PRD-10037,1,15.75,10
ITM-10000568,ORD-1000227,PRD-10038,2,16.00,15
ITM-10000569,ORD-1000227,PRD-10039,3,17.25,20
ITM-10000570,ORD-1000228,PRD-10040,1,18.50,0
ITM-10000571,ORD-1000228,PRD-10041,2,19.75,5
ITM-10000572,ORD-1000229,PRD-10042,3,20.00,10
ITM-10000573,ORD-1000229,PRD-10043,1,21.25,15
ITM-10000574,ORD-1000229,PRD-10044,2,22.50,20
ITM-10000575,ORD-1000230,PRD-10045,3,23.75,0
ITM-10000576,ORD-1000230,PRD-10046,1,24.00,5
ITM-10000577,ORD-1000231,PRD-10047,2,25.25,10
ITM-10000578,ORD-1000231,PRD-10048,3,26.50,15
ITM-10000579,ORD-1000231,PRD-10049,1,27.75,20
ITM-10000580,ORD-1000232,PRD-10050,2,28.00,0
ITM-10000581,ORD-1000232,PRD-10051,3,29.25,5
ITM-10000582,ORD-1000233,PRD-10052,1,30.50,10
ITM-10000583,ORD-1000233,PRD-10053,2,31.75,15
ITM-10000584,ORD-1000233,PRD-10054,3,32.00,20
ITM-10000585,ORD-1000234,PRD-10055,1,33.25,0
ITM-10000586,ORD-1000234,PRD-10056,2,34.50,5
ITM-10000587,ORD-1000235,PRD-10057,3,35.75,10
ITM-10000588,ORD-1000235,PRD-10058,1,36.00,15
ITM-10000589,ORD-1000235,PRD-10059,2,37.25,20
ITM-10000590,ORD-1000236,PRD-10060,3,38.50,0
ITM-10000591,ORD-1000236,PRD-10061,1,39.75,5
ITM-10000592,ORD-1000237,PRD-10062,2,40.00,10
ITM-10000593,ORD-1000237,PRD-10063,3,41.25,15
ITM-10000594,ORD-1000237,PRD-10064,1,42.50,20
ITM-10000595,ORD-1000238,PRD-10065,2,43.75,0
ITM-10000596,ORD-1000238,PRD-10066,3,44.00,5
ITM-10000597,ORD-1000239,PRD-10067,1,45.25,10
ITM-10000598,ORD-1000239,PRD-10068,2,46.50,15
ITM-10000599,ORD-1000239,PRD-10069,3,47.75,20
ITM-10000600,ORD-1000240,PRD-10070,1,8.00,0
ITM-10000601,ORD-1000240,PRD-10071,2,9.25,5
ITM-10000602,ORD-1000241,PRD-10072,3,10.50,10
ITM-10000603,ORD-1000241,PRD-10073,1,11.75,15
ITM-10000604,ORD-1000241,PRD-10074,2,12.00,20
ITM-10000605,ORD-1000242,PRD-10075,3,13.25,0
ITM-10000606,ORD-1000242,PRD-10076,1,14.50,5
ITM-10000607,ORD-1000243,PRD-10077,2,15.75,10
ITM-10000608,ORD-1000243,PRD-10078,3,16.00,15
ITM-10000609,ORD-1000243,PRD-10079,1,17.25,20
ITM-10000610,ORD-1000244,PRD-10080,2,18.50,0
ITM-10000611,ORD-1000244,PRD-10081,3,19.75,5
ITM-10000612,ORD-1000245,PRD-10082,1,20.00,10
ITM-10000613,ORD-1000245,PRD-10083,2,21.25,15
ITM-10000614,ORD-1000245,PRD-10084,3,22.50,20
ITM-10000615,ORD-1000246,PRD-10085,1,23.75,0
ITM-10000616,ORD-1000246,PRD-10086,2,24.00,5
ITM-10000617,ORD-1000247,PRD-10087,3,25.25,10
ITM-10000618,ORD-1000247,PRD-10088,1,26.50,15
ITM-10000619,ORD-1000247,PRD-10089,2,27.75,20
ITM-10000620,ORD-1000248,PRD-10090,3,28.00,0
ITM-10000621,ORD-1000248,PRD-10091,1,29.25,5
ITM-10000622,ORD-1000249,PRD-10092,2,30.50,10
ITM-10000623,ORD-1000249,PRD-10093,3,31.75,15
ITM-10000624,ORD-1000249,PRD-10094,1,32.00,20
ITM-10000625,ORD-1000250,PRD-10095,2,33.25,0
ITM-10000626,ORD-1000250,PRD-10096,3,34.50,5
ITM-10000627,ORD-1000251,PRD-10097,1,35.75,10
ITM-10000628,ORD-1000251,PRD-10098,2,36.00,15
ITM-10000629,ORD-1000251,PRD-10099,3,37.25,20
ITM-10000630,ORD-1000252,PRD-10100,1,38.50,0
ITM-10000631,ORD-1000252,PRD-10101,2,39.75,5
ITM-10000632,ORD-1000253,PRD-10102,3,40.00,10
ITM-10000633,ORD-1000253,PRD-10103,1,41.25,15
ITM-10000634,ORD-1000253,PRD-10104,2,42.50,20
ITM-10000635,ORD-1000254,PRD-10105,3,43.75,0
ITM-10000636,ORD-1000254,PRD-10106,1,44.00,5
ITM-10000637,ORD-1000255,PRD-10107,2,45.25,10
ITM-10000638,ORD-1000255,PRD-10108,3,46.50,15
ITM-10000639,ORD-1000255,PRD-10109,1,47.75,20
ITM-10000640,ORD-1000256,PRD-10110,2,8.00,0
ITM-10000641,ORD-1000256,PRD-10111,3,9.25,5
ITM-10000642,ORD-1000257,PRD-10112,1,10.50,10
ITM-10000643,ORD-1000257,PRD-10113,2,11.75,15
ITM-10000644,ORD-1000257,PRD-10114,3,12.00,20
ITM-10000645,ORD-1000258,PRD-10115,1,13.25,0
ITM-10000646,ORD-1000258,PRD-10116,2,14.50,5
ITM-10000647,ORD-1000259,PRD-10117,3,15.75,10
ITM-10000648,ORD-1000259,PRD-10118,1,16.00,15
ITM-10000649,ORD-1000259,PRD-10119,2,17.25,20
ITM-10000650,ORD-1000260,PRD-10120,3,18.50,0
ITM-10000651,ORD-1000260,PRD-10121,1,19.75,5
ITM-10000652,ORD-1000261,PRD-10122,2,20.00,10
ITM-10000653,ORD-1000261,PRD-10123,3,21.25,15
ITM-10000654,ORD-1000261,PRD-10124,1,22.50,20
ITM-10000655,ORD-1000262,PRD-10125,2,23.75,0
ITM-10000656,ORD-1000262,PRD-10126,3,24.00,5
ITM-10000657,ORD-1000263,PRD-10127,1,25.25,10
ITM-10000658,ORD-1000263,PRD-10128,2,26.50,15
ITM-10000659,ORD-1000263,PRD-10129,3,27.75,20
ITM-10000660,ORD-1000264,PRD-10130,1,28.00,0
ITM-10000661,ORD-1000264,PRD-10131,2,29.25,5
ITM-10000662,ORD-1000265,PRD-10132,3,30.50,10
ITM-10000663,ORD-1000265,PRD-10133,1,31.75,15
ITM-10000664,ORD-1000265,PRD-10134,2,32.00,20
ITM-10000665,ORD-1000266,PRD-10135,3,33.25,0
ITM-10000666,ORD-1000266,PRD-10136,1,34.50,5
ITM-10000667,ORD-1000267,PRD-10137,2,35.75,10
ITM-10000668,ORD-1000267,PRD-10138,3,36.00,15
ITM-10000669,ORD-1000267,PRD-10139,1,37.25,20
ITM-10000670,ORD-1000268,PRD-10140,2,38.50,0
ITM-10000671,ORD-1000268,PRD-10141,3,39.75,5
ITM-10000672,ORD-1000269,PRD-10142,1,40.00,10
ITM-10000673,ORD-1000269,PRD-10143,2,41.25,15
ITM-10000674,ORD-1000269,PRD-10144,3,42.50,20
ITM-10000675,ORD-1000270,PRD-10145,1,43.75,0
ITM-10000676,ORD-1000270,PRD-10146,2,44.00,5
ITM-10000677,ORD-1000271,PRD-10147,3,45.25,10
ITM-10000678,ORD-1000271,PRD-10148,1,46.50,15
ITM-10000679,ORD-1000271,PRD-10149,2,47.75,20
ITM-10000680,ORD-1000272,PRD-10150,3,8.00,0
ITM-10000681,ORD-1000272,PRD-10151,1,9.25,5
ITM-10000682,ORD-1000273,PRD-10152,2,10.50,10
ITM-10000683,ORD-1000273,PRD-10153,3,11.75,15
ITM-10000684,ORD-1000273,PRD-10154,1,12.00,20
ITM-10000685,ORD-1000274,PRD-10155,2,13.25,0
ITM-10000686,ORD-1000274,PRD-10156,3,14.50,5
ITM-10000687,ORD-1000275,PRD-10157,1,15.75,10
ITM-10000688,ORD-1000275,PRD-10158,2,16.00,15
ITM-10000689,ORD-1000275,PRD-10159,3,17.25,20
ITM-10000690,ORD-1000276,PRD-10160,1,18.50,0
ITM-10000691,ORD-1000276,PRD-10161,2,19.75,5
ITM-10000692,ORD-1000277,PRD-10162,3,20.00,10
ITM-10000693,ORD-1000277,PRD-10163,1,21.25,15
ITM-10000694,ORD-1000277,PRD-10164,2,22.50,20
ITM-10000695,ORD-1000278,PRD-10165,3,23.75,0
ITM-10000696,ORD-1000278,PRD-10166,1,24.00,5
ITM-10000697,ORD-1000279,PRD-10167,2,25.25,10
ITM-10000698,ORD-1000279,PRD-10168,3,26.50,15
ITM-10000699,ORD-1000279,PRD-10169,1,27.75,20
ITM-10000700,ORD-1000280,PRD-10170,2,28.00,0
ITM-10000701,ORD-1000280,PRD-10171,3,29.25,5
ITM-10000702,ORD-1000281,PRD-10172,1,30.50,10
ITM-10000703,ORD-1000281,PRD-10173,2,31.75,15
ITM-10000704,ORD-1000281,PRD-10174,3,32.00,20
ITM-10000705,ORD-1000282,PRD-10175,1,33.25,0
ITM-10000706,ORD-1000282,PRD-10176,2,34.50,5
ITM-10000707,ORD-1000283,PRD-10177,3,35.75,10
ITM-10000708,ORD-1000283,PRD-10178,1,36.00,15
ITM-10000709,ORD-1000283,PRD-10179,2,37.25,20
ITM-10000710,ORD-1000284,PRD-10180,3,38.50,0
ITM-10000711,ORD-1000284,PRD-10181,1,39.75,5
ITM-10000712,ORD-1000285,PRD-10182,2,40.00,10
ITM-10000713,ORD-1000285,PRD-10183,3,41.25,15
ITM-10000714,ORD-1000285,PRD-10184,1,42.50,20
ITM-10000715,ORD-1000286,PRD-10185,2,43.75,0
ITM-10000716,ORD-1000286,PRD-10186,3,44.00,5
ITM-10000717,ORD-1000287,PRD-10187,1,45.25,10
ITM-10000718,ORD-1000287,PRD-10188,2,46.50,15
ITM-10000719,ORD-1000287,PRD-10189,3,47.75,20
ITM-10000720,ORD-1000288,PRD-10190,1,8.00,0
ITM-10000721,ORD-1000288,PRD-10191,2,9.25,5
ITM-10000722,ORD-1000289,PRD-10192,3,10.50,10
ITM-10000723,ORD-1000289,PRD-10193,1,11.75,15
ITM-10000724,ORD-1000289,PRD-10194,2,12.00,20
ITM-10000725,ORD-1000290,PRD-10195,3,13.25,0
ITM-10000726,ORD-1000290,PRD-10196,1,14.50,5
ITM-10000727,ORD-1000291,PRD-10197,2,15.75,10
ITM-10000728,ORD-1000291,PRD-10198,3,16.00,15
ITM-10000729,ORD-1000291,PRD-10199,1,17.25,20
ITM-10000730,ORD-1000292,PRD-10200,2,18.50,0
ITM-10000731,ORD-1000292,PRD-10201,3,19.75,5
ITM-10000732,ORD-1000293,PRD-10202,1,20.00,10
ITM-10000733,ORD-1000293,PRD-10203,2,21.25,15
ITM-10000734,ORD-1000293,PRD-10204,3,22.50,20
ITM-10000735,ORD-1000294,PRD-10205,1,23.75,0
ITM-10000736,ORD-1000294,PRD-10206,2,24.00,5
ITM-10000737,ORD-1000295,PRD-10207,3,25.25,10
ITM-10000738,ORD-1000295,PRD-10208,1,26.50,15
ITM-10000739,ORD-1000295,PRD-10209,2,27.75,20
ITM-10000740,ORD-1000296,PRD-10025,3,28.00,0
ITM-10000741,ORD-1000296,PRD-10026,1,29.25,5
ITM-10000742,ORD-1000297,PRD-10027,2,30.50,10
ITM-10000743,ORD-1000297,PRD-10028,3,31.75,15
ITM-10000744,ORD-1000297,PRD-10029,1,32.00,20
ITM-10000745,ORD-1000298,PRD-10030,2,33.25,0
ITM-10000746,ORD-1000298,PRD-10031,3,34.50,5
ITM-10000747,ORD-1000299,PRD-10032,1,35.75,10
ITM-10000748,ORD-1000299,PRD-10033,2,36.00,15
ITM-10000749,ORD-1000299,PRD-10034,3,37.25,20
ITM-10000750,ORD-1000300,PRD-10035,1,38.50,0
ITM-10000751,ORD-1000300,PRD-10036,2,39.75,5
ITM-10000752,ORD-1000301,PRD-10037,3,40.00,10
ITM-10000753,ORD-1000301,PRD-10038,1,41.25,15
ITM-10000754,ORD-1000301,PRD-10039,2,42.50,20
ITM-10000755,ORD-1000302,PRD-10040,3,43.75,0
ITM-10000756,ORD-1000302,PRD-10041,1,44.00,5
ITM-10000757,ORD-1000303,PRD-10042,2,45.25,10
ITM-10000758,ORD-1000303,PRD-10043,3,46.50,15
ITM-10000759,ORD-1000303,PRD-10044,1,47.75,20
ITM-10000760,ORD-1000304,PRD-10045,2,8.00,0
ITM-10000761,ORD-1000304,PRD-10046,3,9.25,5
ITM-10000762,ORD-1000305,PRD-10047,1,10.50,10
ITM-10000763,ORD-1000305,PRD-10048,2,11.75,15
ITM-10000764,ORD-1000305,PRD-10049,3,12.00,20
ITM-10000765,ORD-1000306,PRD-10050,1,13.25,0
ITM-10000766,ORD-1000306,PRD-10051,2,14.50,5
ITM-10000767,ORD-1000307,PRD-10052,3,15.75,10
ITM-10000768,ORD-1000307,PRD-10053,1,16.00,15
ITM-10000769,ORD-1000307,PRD-10054,2,17.25,20
ITM-10000770,ORD-1000308,PRD-10055,3,18.50,0
ITM-10000771,ORD-1000308,PRD-10056,1,19.75,5
ITM-10000772,ORD-1000309,PRD-10057,2,20.00,10
ITM-10000773,ORD-1000309,PRD-10058,3,21.25,15
ITM-10000774,ORD-1000309,PRD-10059,1,22.50,20
ITM-10000775,ORD-1000310,PRD-10060,2,23.75,0
ITM-10000776,ORD-1000310,PRD-10061,3,24.00,5
ITM-10000777,ORD-1000311,PRD-10062,1,25.25,10
ITM-10000778,ORD-1000311,PRD-10063,2,26.50,15
ITM-10000779,ORD-1000311,PRD-10064,3,27.75,20
ITM-10000780,ORD-1000312,PRD-10065,1,28.00,0
ITM-10000781,ORD-1000312,PRD-10066,2,29.25,5
ITM-10000782,ORD-1000313,PRD-10067,3,30.50,10
ITM-10000783,ORD-1000313,PRD-10068,1,31.75,15
ITM-10000784,ORD-1000313,PRD-10069,2,32.00,20
ITM-10000785,ORD-1000314,PRD-10070,3,33.25,0
ITM-10000786,ORD-1000314,PRD-10071,1,34.50,5
ITM-10000787,ORD-1000315,PRD-10072,2,35.75,10
ITM-10000788,ORD-1000315,PRD-10073,3,36.00,15
ITM-10000789,ORD-1000315,PRD-10074,1,37.25,20
ITM-10000790,ORD-1000316,PRD-10075,2,38.50,0
ITM-10000791,ORD-1000316,PRD-10076,3,39.75,5
ITM-10000792,ORD-1000317,PRD-10077,1,40.00,10
ITM-10000793,ORD-1000317,PRD-10078,2,41.25,15
ITM-10000794,ORD-1000317,PRD-10079,3,42.50,20
ITM-10000795,ORD-1000318,PRD-10080,1,43.75,0
ITM-10000796,ORD-1000318,PRD-10081,2,44.00,5
ITM-10000797,ORD-1000319,PRD-10082,3,45.25,10
ITM-10000798,ORD-1000319,PRD-10083,1,46.50,15
ITM-10000799,ORD-1000319,PRD-10084,2,47.75,20
ITM-10000800,ORD-1000320,PRD-10085,3,8.00,0
ITM-10000801,ORD-1000320,PRD-10086,1,9.25,5
ITM-10000802,ORD-1000321,PRD-10087,2,10.50,10
ITM-10000803,ORD-1000321,PRD-10088,3,11.75,15
ITM-10000804,ORD-1000321,PRD-10089,1,12.00,20
ITM-10000805,ORD-1000322,PRD-10090,2,13.25,0
ITM-10000806,ORD-1000322,PRD-10091,3,14.50,5
ITM-10000807,ORD-1000323,PRD-10092,1,15.75,10
ITM-10000808,ORD-1000323,PRD-10093,2,16.00,15
ITM-10000809,ORD-1000323,PRD-10094,3,17.25,20
ITM-10000810,ORD-1000324,PRD-10095,1,18.50,0
ITM-10000811,ORD-1000324,PRD-10096,2,19.75,5
ITM-10000812,ORD-1000325,PRD-10097,3,20.00,10
ITM-10000813,ORD-1000325,PRD-10098,1,21.25,15
ITM-10000814,ORD-1000325,PRD-10099,2,22.50,20
ITM-10000815,ORD-1000326,PRD-10100,3,23.75,0
ITM-10000816,ORD-1000326,PRD-10101,1,24.00,5
ITM-10000817,ORD-1000327,PRD-10102,2,25.25,10
ITM-10000818,ORD-1000327,PRD-10103,3,26.50,15
ITM-10000819,ORD-1000327,PRD-10104,1,27.75,20
ITM-10000820,ORD-1000328,PRD-10105,2,28.00,0
ITM-10000821,ORD-1000328,PRD-10106,3,29.25,5
ITM-10000822,ORD-1000329,PRD-10107,1,30.50,10
ITM-10000823,ORD-1000329,PRD-10108,2,31.75,15
ITM-10000824,ORD-1000329,PRD-10109,3,32.00,20
ITM-10000825,ORD-1000330,PRD-10110,1,33.25,0
ITM-10000826,ORD-1000330,PRD-10111,2,34.50,5
ITM-10000827,ORD-1000331,PRD-10112,3,35.75,10
ITM-10000828,ORD-1000331,PRD-10113,1,36.00,15
ITM-10000829,ORD-1000331,PRD-10114,2,37.25,20
ITM-10000830,ORD-1000332,PRD-10115,3,38.50,0
ITM-10000831,ORD-1000332,PRD-10116,1,39.75,5
ITM-10000832,ORD-1000333,PRD-10117,2,40.00,10
ITM-10000833,ORD-1000333,PRD-10118,3,41.25,15
ITM-10000834,ORD-1000333,PRD-10119,1,42.50,20
ITM-10000835,ORD-1000334,PRD-10120,2,43.75,0
ITM-10000836,ORD-1000334,PRD-10121,3,44.00,5
ITM-10000837,ORD-1000335,PRD-10122,1,45.25,10
ITM-10000838,ORD-1000335,PRD-10123,2,46.50,15
ITM-10000839,ORD-1000335,PRD-10124,3,47.75,20
ITM-10000840,ORD-1000336,PRD-10125,1,8.00,0
ITM-10000841,ORD-1000336,PRD-10126,2,9.25,5
ITM-10000842,ORD-1000337,PRD-10127,3,10.50,10
ITM-10000843,ORD-1000337,PRD-10128,1,11.75,15
ITM-10000844,ORD-1000337,PRD-10129,2,12.00,20
ITM-10000845,ORD-1000338,PRD-10130,3,13.25,0
ITM-10000846,ORD-1000338,PRD-10131,1,14.50,5
ITM-10000847,ORD-1000339,PRD-10132,2,15.75,10
ITM-10000848,ORD-1000339,PRD-10133,3,16.00,15
ITM-10000849,ORD-1000339,PRD-10134,1,17.25,20
ITM-10000850,ORD-1000340,PRD-10135,2,18.50,0
ITM-10000851,ORD-1000340,PRD-10136,3,19.75,5
ITM-10000852,ORD-1000341,PRD-10137,1,20.00,10
ITM-10000853,ORD-1000341,PRD-10138,2,21.25,15
ITM-10000854,ORD-1000341,PRD-10139,3,22.50,20
ITM-10000855,ORD-1000342,PRD-10140,1,23.75,0
ITM-10000856,ORD-1000342,PRD-10141,2,24.00,5
ITM-10000857,ORD-1000343,PRD-10142,3,25.25,10
ITM-10000858,ORD-1000343,PRD-10143,1,26.50,15
ITM-10000859,ORD-1000343,PRD-10144,2,27.75,20
ITM-10000860,ORD-1000344,PRD-10145,3,28.00,0
ITM-10000861,ORD-1000344,PRD-10146,1,29.25,5
ITM-10000862,ORD-1000345,PRD-10147,2,30.50,10
ITM-10000863,ORD-1000345,PRD-10148,3,31.75,15
ITM-10000864,ORD-1000345,PRD-10149,1,32.00,20
ITM-10000865,ORD-1000346,PRD-10150,2,33.25,0
ITM-10000866,ORD-1000346,PRD-10151,3,34.50,5
ITM-10000867,ORD-1000347,PRD-10152,1,35.75,10
ITM-10000868,ORD-1000347,PRD-10153,2,36.00,15
ITM-10000869,ORD-1000347,PRD-10154,3,37.25,20
ITM-10000870,ORD-1000348,PRD-10155,1,38.50,0
ITM-10000871,ORD-1000348,PRD-10156,2,39.75,5
ITM-10000872,ORD-1000349,PRD-10157,3,40.00,10
ITM-10000873,ORD-1000349,PRD-10158,1,41.25,15
ITM-10000874,ORD-1000349,PRD-10159,2,42.50,20
ITM-10000875,ORD-1000350,PRD-10160,3,43.75,0
ITM-10000876,ORD-1000350,PRD-10161,1,44.00,5
ITM-10000877,ORD-1000351,PRD-10162,2,45.25,10
ITM-10000878,ORD-1000351,PRD-10163,3,46.50,15
ITM-10000879,ORD-1000351,PRD-10164,1,47.75,20
ITM-10000880,ORD-1000352,PRD-10165,2,8.00,0
ITM-10000881,ORD-1000352,PRD-10166,3,9.25,5
ITM-10000882,ORD-1000353,PRD-10167,1,10.50,10
ITM-10000883,ORD-1000353,PRD-10168,2,11.75,15
ITM-10000884,ORD-1000353,PRD-10169,3,12.00,20
ITM-10000885,ORD-1000354,PRD-10170,1,13.25,0
ITM-10000886,ORD-1000354,PRD-10171,2,14.50,5
ITM-10000887,ORD-1000355,PRD-10172,3,15.75,10
ITM-10000888,ORD-1000355,PRD-10173,1,16.00,15
ITM-10000889,ORD-1000355,PRD-10174,2,17.25,20
ITM-10000890,ORD-1000356,PRD-10175,3,18.50,0
ITM-10000891,ORD-1000356,PRD-10176,1,19.75,5
ITM-10000892,ORD-1000357,PRD-10177,2,20.00,10
ITM-10000893,ORD-1000357,PRD-10178,3,21.25,15
ITM-10000894,ORD-1000357,PRD-10179,1,22.50,20
ITM-10000895,ORD-1000358,PRD-10180,2,23.75,0
ITM-10000896,ORD-1000358,PRD-10181,3,24.00,5
ITM-10000897,ORD-1000359,PRD-10182,1,25.25,10
ITM-10000898,ORD-1000359,PRD-10183,2,26.50,15
ITM-10000899,ORD-1000359,PRD-10184,3,27.75,20
ITM-10000900,ORD-1000360,PRD-10185,1,28.00,0
ITM-10000901,ORD-1000360,PRD-10186,2,29.25,5
ITM-10000902,ORD-1000361,PRD-10187,3,30.50,10
ITM-10000903,ORD-1000361,PRD-10188,1,31.75,15
ITM-10000904,ORD-1000361,PRD-10189,2,32.00,20
ITM-10000905,ORD-1000362,PRD-10190,3,33.25,0
ITM-10000906,ORD-1000362,PRD-10191,1,34.50,5
ITM-10000907,ORD-1000363,PRD-10192,2,35.75,10
ITM-10000908,ORD-1000363,PRD-10193,3,36.00,15
ITM-10000909,ORD-1000363,PRD-10194,1,37.25,20
ITM-10000910,ORD-1000364,PRD-10195,2,38.50,0
ITM-10000911,ORD-1000364,PRD-10196,3,39.75,5
ITM-10000912,ORD-1000365,PRD-10197,1,40.00,10
ITM-10000913,ORD-1000365,PRD-10198,2,41.25,15
ITM-10000914,ORD-1000365,PRD-10199,3,42.50,20
ITM-10000915,ORD-1000366,PRD-10200,1,43.75,0
ITM-10000916,ORD-1000366,PRD-10201,2,44.00,5
ITM-10000917,ORD-1000367,PRD-10202,3,45.25,10
ITM-10000918,ORD-1000367,PRD-10203,1,46.50,15
ITM-10000919,ORD-1000367,PRD-10204,2,47.75,20
ITM-10000920,ORD-1000368,PRD-10205,3,8.00,0
ITM-10000921,ORD-1000368,PRD-10206,1,9.25,5
ITM-10000922,ORD-1000369,PRD-10207,2,10.50,10
ITM-10000923,ORD-1000369,PRD-10208,3,11.75,15
ITM-10000924,ORD-1000369,PRD-10209,1,12.00,20
ITM-10000925,ORD-1000370,PRD-10025,2,13.25,0
ITM-10000926,ORD-1000370,PRD-10026,3,14.50,5
ITM-10000927,ORD-1000371,PRD-10027,1,15.75,10
ITM-10000928,ORD-1000371,PRD-10028,2,16.00,15
ITM-10000929,ORD-1000371,PRD-10029,3,17.25,20
ITM-10000930,ORD-1000372,PRD-10030,1,18.50,0
ITM-10000931,ORD-1000372,PRD-10031,2,19.75,5
ITM-10000932,ORD-1000373,PRD-10032,3,20.00,10
ITM-10000933,ORD-1000373,PRD-10033,1,21.25,15
ITM-10000934,ORD-1000373,PRD-10034,2,22.50,20
ITM-10000935,ORD-1000374,PRD-10035,3,23.75,0
ITM-10000936,ORD-1000374,PRD-10036,1,24.00,5
ITM-10000937,ORD-1000375,PRD-10037,2,25.25,10
ITM-10000938,ORD-1000375,PRD-10038,3,26.50,15
ITM-10000939,ORD-1000375,PRD-10039,1,27.75,20
ITM-10000940,ORD-1000376,PRD-10040,2,28.00,0
ITM-10000941,ORD-1000376,PRD-10041,3,29.25,5
ITM-10000942,ORD-1000377,PRD-10042,1,30.50,10
ITM-10000943,ORD-1000377,PRD-10043,2,31.75,15
ITM-10000944,ORD-1000377,PRD-10044,3,32.00,20
ITM-10000945,ORD-1000378,PRD-10045,1,33.25,0
ITM-10000946,ORD-1000378,PRD-10046,2,34.50,5
ITM-10000947,ORD-1000379,PRD-10047,3,35.75,10
ITM-10000948,ORD-1000379,PRD-10048,1,36.00,15
ITM-10000949,ORD-1000379,PRD-10049,2,37.25,20
ITM-10000950,ORD-1000380,PRD-10050,3,38.50,0
ITM-10000951,ORD-1000380,PRD-10051,1,39.75,5
ITM-10000952,ORD-1000381,PRD-10052,2,40.00,10
ITM-10000953,ORD-1000381,PRD-10053,3,41.25,15
ITM-10000954,ORD-1000381,PRD-10054,1,42.50,20
ITM-10000955,ORD-1000382,PRD-10055,2,43.75,0
ITM-10000956,ORD-1000382,PRD-10056,3,44.00,5
ITM-10000957,ORD-1000383,PRD-10057,1,45.25,10
ITM-10000958,ORD-1000383,PRD-10058,2,46.50,15
ITM-10000959,ORD-1000383,PRD-10059,3,47.75,20
ITM-10000960,ORD-1000384,PRD-10060,1,8.00,0
ITM-10000961,ORD-1000384,PRD-10061,2,9.25,5
ITM-10000962,ORD-1000385,PRD-10062,3,10.50,10
ITM-10000963,ORD-1000385,PRD-10063,1,11.75,15
ITM-10000964,ORD-1000385,PRD-10064,2,12.00,20
ITM-10000965,ORD-1000386,PRD-10065,3,13.25,0
ITM-10000966,ORD-1000386,PRD-10066,1,14.50,5
ITM-10000967,ORD-1000387,PRD-10067,2,15.75,10
ITM-10000968,ORD-1000387,PRD-10068,3,16.00,15
ITM-10000969,ORD-1000387,PRD-10069,1,17.25,20
ITM-10000970,ORD-1000388,PRD-10070,2,18.50,0
ITM-10000971,ORD-1000388,PRD-10071,3,19.75,5
ITM-10000972,ORD-1000389,PRD-10072,1,20.00,10
ITM-10000973,ORD-1000389,PRD-10073,2,21.25,15
ITM-10000974,ORD-1000389,PRD-10074,3,22.50,20
ITM-10000975,ORD-1000390,PRD-10075,1,23.75,0
ITM-10000976,ORD-1000390,PRD-10076,2,24.00,5
ITM-10000977,ORD-1000391,PRD-10077,3,25.25,10
ITM-10000978,ORD-1000391,PRD-10078,1,26.50,15
ITM-10000979,ORD-1000391,PRD-10079,2,27.75,20
ITM-10000980,ORD-1000392,PRD-10080,3,28.00,0
ITM-10000981,ORD-1000392,PRD-10081,1,29.25,5
ITM-10000982,ORD-1000393,PRD-10082,2,30.50,10
ITM-10000983,ORD-1000393,PRD-10083,3,31.75,15
ITM-10000984,ORD-1000393,PRD-10084,1,32.00,20
ITM-10000985,ORD-1000394,PRD-10085,2,33.25,0
ITM-10000986,ORD-1000394,PRD-10086,3,34.50,5
ITM-10000987,ORD-1000395,PRD-10087,1,35.75,10
ITM-10000988,ORD-1000395,PRD-10088,2,36.00,15
ITM-10000989,ORD-1000395,PRD-10089,3,37.25,20
ITM-10000990,ORD-1000396,PRD-10090,1,38.50,0
ITM-10000991,ORD-1000396,PRD-10091,2,39.75,5
ITM-10000992,ORD-1000397,PRD-10092,3,40.00,10
ITM-10000993,ORD-1000397,PRD-10093,1,41.25,15
ITM-10000994,ORD-1000397,PRD-10094,2,42.50,20
ITM-10000995,ORD-1000398,PRD-10095,3,43.75,0
ITM-10000996,ORD-1000398,PRD-10096,1,44.00,5
ITM-10000997,ORD-1000399,PRD-10097,2,45.25,10
ITM-10000998,ORD-1000399,PRD-10098,3,46.50,15
ITM-10000999,ORD-1000399,PRD-10099,1,47.75,20
ITM-10001000,ORD-1000400,PRD-10100,2,8.00,0
ITM-10001001,ORD-1000400,PRD-10101,3,9.25,5
ITM-10001002,ORD-1000401,PRD-10102,1,10.50,10
ITM-10001003,ORD-1000401,PRD-10103,2,11.75,15
ITM-10001004,ORD-1000401,PRD-10104,3,12.00,20
ITM-10001005,ORD-1000402,PRD-10105,1,13.25,0
ITM-10001006,ORD-1000402,PRD-10106,2,14.50,5
ITM-10001007,ORD-1000403,PRD-10107,3,15.75,10
ITM-10001008,ORD-1000403,PRD-10108,1,16.00,15
ITM-10001009,ORD-1000403,PRD-10109,2,17.25,20
ITM-10001010,ORD-1000404,PRD-10110,3,18.50,0
ITM-10001011,ORD-1000404,PRD-10111,1,19.75,5
ITM-10001012,ORD-1000405,PRD-10112,2,20.00,10
ITM-10001013,ORD-1000405,PRD-10113,3,21.25,15
ITM-10001014,ORD-1000405,PRD-10114,1,22.50,20
ITM-10001015,ORD-1000406,PRD-10115,2,23.75,0
ITM-10001016,ORD-1000406,PRD-10116,3,24.00,5
ITM-10001017,ORD-1000407,PRD-10117,1,25.25,10
ITM-10001018,ORD-1000407,PRD-10118,2,26.50,15
ITM-10001019,ORD-1000407,PRD-10119,3,27.75,20
ITM-10001020,ORD-1000408,PRD-10120,1,28.00,0
ITM-10001021,ORD-1000408,PRD-10121,2,29.25,5
ITM-10001022,ORD-1000409,PRD-10122,3,30.50,10
ITM-10001023,ORD-1000409,PRD-10123,1,31.75,15
ITM-10001024,ORD-1000409,PRD-10124,2,32.00,20
ITM-10001025,ORD-1000410,PRD-10125,3,33.25,0
ITM-10001026,ORD-1000410,PRD-10126,1,34.50,5
ITM-10001027,ORD-1000411,PRD-10127,2,35.75,10
ITM-10001028,ORD-1000411,PRD-10128,3,36.00,15
ITM-10001029,ORD-1000411,PRD-10129,1,37.25,20
ITM-10001030,ORD-1000412,PRD-10130,2,38.50,0
ITM-10001031,ORD-1000412,PRD-10131,3,39.75,5
ITM-10001032,ORD-1000413,PRD-10132,1,40.00,10
ITM-10001033,ORD-1000413,PRD-10133,2,41.25,15
ITM-10001034,ORD-1000413,PRD-10134,3,42.50,20
ITM-10001035,ORD-1000414,PRD-10135,1,43.75,0
ITM-10001036,ORD-1000414,PRD-10136,2,44.00,5
ITM-10001037,ORD-1000415,PRD-10137,3,45.25,10
ITM-10001038,ORD-1000415,PRD-10138,1,46.50,15
ITM-10001039,ORD-1000415,PRD-10139,2,47.75,20
ITM-10001040,ORD-1000416,PRD-10140,3,8.00,0
ITM-10001041,ORD-1000416,PRD-10141,1,9.25,5
ITM-10001042,ORD-1000417,PRD-10142,2,10.50,10
ITM-10001043,ORD-1000417,PRD-10143,3,11.75,15
ITM-10001044,ORD-1000417,PRD-10144,1,12.00,20
ITM-10001045,ORD-1000418,PRD-10145,2,13.25,0
ITM-10001046,ORD-1000418,PRD-10146,3,14.50,5
ITM-10001047,ORD-1000419,PRD-10147,1,15.75,10
ITM-10001048,ORD-1000419,PRD-10148,2,16.00,15
ITM-10001049,ORD-1000419,PRD-10149,3,17.25,20
ITM-10001050,ORD-1000420,PRD-10150,1,18.50,0
ITM-10001051,ORD-1000420,PRD-10151,2,19.75,5
ITM-10001052,ORD-1000421,PRD-10152,3,20.00,10
ITM-10001053,ORD-1000421,PRD-10153,1,21.25,15
ITM-10001054,ORD-1000421,PRD-10154,2,22.50,20
ITM-10001055,ORD-1000422,PRD-10155,3,23.75,0
ITM-10001056,ORD-1000422,PRD-10156,1,24.00,5
ITM-10001057,ORD-1000423,PRD-10157,2,25.25,10
ITM-10001058,ORD-1000423,PRD-10158,3,26.50,15
ITM-10001059,ORD-1000423,PRD-10159,1,27.75,20
ITM-10001060,ORD-1000424,PRD-10160,2,28.00,0
ITM-10001061,ORD-1000424,PRD-10161,3,29.25,5
ITM-10001062,ORD-1000425,PRD-10162,1,30.50,10
ITM-10001063,ORD-1000425,PRD-10163,2,31.75,15
ITM-10001064,ORD-1000425,PRD-10164,3,32.00,20
ITM-10001065,ORD-1000426,PRD-10165,1,33.25,0
ITM-10001066,ORD-1000426,PRD-10166,2,34.50,5
ITM-10001067,ORD-1000427,PRD-10167,3,35.75,10
ITM-10001068,ORD-1000427,PRD-10168,1,36.00,15
ITM-10001069,ORD-1000427,PRD-10169,2,37.25,20
ITM-10001070,ORD-1000428,PRD-10170,3,38.50,0
ITM-10001071,ORD-1000428,PRD-10171,1,39.75,5
ITM-10001072,ORD-1000429,PRD-10172,2,40.00,10
ITM-10001073,ORD-1000429,PRD-10173,3,41.25,15
ITM-10001074,ORD-1000429,PRD-10174,1,42.50,20
ITM-10001075,ORD-1000430,PRD-10175,2,43.75,0
ITM-10001076,ORD-1000430,PRD-10176,3,44.00,5
ITM-10001077,ORD-1000431,PRD-10177,1,45.25,10
ITM-10001078,ORD-1000431,PRD-10178,2,46.50,15
ITM-10001079,ORD-1000431,PRD-10179,3,47.75,20
ITM-10001080,ORD-1000432,PRD-10180,1,8.00,0
ITM-10001081,ORD-1000432,PRD-10181,2,9.25,5
ITM-10001082,ORD-1000433,PRD-10182,3,10.50,10
ITM-10001083,ORD-1000433,PRD-10183,1,11.75,15
ITM-10001084,ORD-1000433,PRD-10184,2,12.00,20
ITM-10001085,ORD-1000434,PRD-10185,3,13.25,0
ITM-10001086,ORD-1000434,PRD-10186,1,14.50,5
ITM-10001087,ORD-1000435,PRD-10187,2,15.75,10
ITM-10001088,ORD-1000435,PRD-10188,3,16.00,15
ITM-10001089,ORD-1000435,PRD-10189,1,17.25,20
ITM-10001090,ORD-1000436,PRD-10190,2,18.50,0
ITM-10001091,ORD-1000436,PRD-10191,3,19.75,5
ITM-10001092,ORD-1000437,PRD-10192,1,20.00,10
ITM-10001093,ORD-1000437,PRD-10193,2,21.25,15
ITM-10001094,ORD-1000437,PRD-10194,3,22.50,20
ITM-10001095,ORD-1000438,PRD-10195,1,23.75,0
ITM-10001096,ORD-1000438,PRD-10196,2,24.00,5
ITM-10001097,ORD-1000439,PRD-10197,3,25.25,10
ITM-10001098,ORD-1000439,PRD-10198,1,26.50,15
ITM-10001099,ORD-1000439,PRD-10199,2,27.75,20
ITM-10001100,ORD-1000440,PRD-10200,3,28.00,0
ITM-10001101,ORD-1000440,PRD-10201,1,29.25,5
ITM-10001102,ORD-1000441,PRD-10202,2,30.50,10
ITM-10001103,ORD-1000441,PRD-10203,3,31.75,15
ITM-10001104,ORD-1000441,PRD-10204,1,32.00,20
ITM-10001105,ORD-1000442,PRD-10205,2,33.25,0
ITM-10001106,ORD-1000442,PRD-10206,3,34.50,5
ITM-10001107,ORD-1000443,PRD-10207,1,35.75,10
ITM-10001108,ORD-1000443,PRD-10208,2,36.00,15
ITM-10001109,ORD-1000443,PRD-10209,3,37.25,20
ITM-10001110,ORD-1000444,PRD-10025,1,38.50,0
ITM-10001111,ORD-1000444,PRD-10026,2,39.75,5
ITM-10001112,ORD-1000445,PRD-10027,3,40.00,10
ITM-10001113,ORD-1000445,PRD-10028,1,41.25,15
ITM-10001114,ORD-1000445,PRD-10029,2,42.50,20
ITM-10001115,ORD-1000446,PRD-10030,3,43.75,0
ITM-10001116,ORD-1000446,PRD-10031,1,44.00,5
ITM-10001117,ORD-1000447,PRD-10032,2,45.25,10
ITM-10001118,ORD-1000447,PRD-10033,3,46.50,15
ITM-10001119,ORD-1000447,PRD-10034,1,47.75,20
ITM-10001120,ORD-1000448,PRD-10035,2,8.00,0
ITM-10001121,ORD-1000448,PRD-10036,3,9.25,5
ITM-10001122,ORD-1000449,PRD-10037,1,10.50,10
ITM-10001123,ORD-1000449,PRD-10038,2,11.75,15
ITM-10001124,ORD-1000449,PRD-10039,3,12.00,20
ITM-10001125,ORD-1000450,PRD-10040,1,13.25,0
ITM-10001126,ORD-1000450,PRD-10041,2,14.50,5
ITM-10001127,ORD-1000451,PRD-10042,3,15.75,10
ITM-10001128,ORD-1000451,PRD-10043,1,16.00,15
ITM-10001129,ORD-1000451,PRD-10044,2,17.25,20
ITM-10001130,ORD-1000452,PRD-10045,3,18.50,0
ITM-10001131,ORD-1000452,PRD-10046,1,19.75,5
ITM-10001132,ORD-1000453,PRD-10047,2,20.00,10
ITM-10001133,ORD-1000453,PRD-10048,3,21.25,15
ITM-10001134,ORD-1000453,PRD-10049,1,22.50,20
ITM-10001135,ORD-1000454,PRD-10050,2,23.75,0
ITM-10001136,ORD-1000454,PRD-10051,3,24.00,5
ITM-10001137,ORD-1000455,PRD-10052,1,25.25,10
ITM-10001138,ORD-1000455,PRD-10053,2,26.50,15
ITM-10001139,ORD-1000455,PRD-10054,3,27.75,20
ITM-10001140,ORD-1000456,PRD-10055,1,28.00,0
ITM-10001141,ORD-1000456,PRD-10056,2,29.25,5
ITM-10001142,ORD-1000457,PRD-10057,3,30.50,10
ITM-10001143,ORD-1000457,PRD-10058,1,31.75,15
ITM-10001144,ORD-1000457,PRD-10059,2,32.00,20
ITM-10001145,ORD-1000458,PRD-10060,3,33.25,0
ITM-10001146,ORD-1000458,PRD-10061,1,34.50,5
ITM-10001147,ORD-1000459,PRD-10062,2,35.75,10
ITM-10001148,ORD-1000459,PRD-10063,3,36.00,15
ITM-10001149,ORD-1000459,PRD-10064,1,37.25,20
ITM-10001150,ORD-1000460,PRD-10065,2,38.50,0
ITM-10001151,ORD-1000460,PRD-10066,3,39.75,5
ITM-10001152,ORD-1000461,PRD-10067,1,40.00,10
ITM-10001153,ORD-1000461,PRD-10068,2,41.25,15
ITM-10001154,ORD-1000461,PRD-10069,3,42.50,20
ITM-10001155,ORD-1000462,PRD-10070,1,43.75,0
ITM-10001156,ORD-1000462,PRD-10071,2,44.00,5
ITM-10001157,ORD-1000463,PRD-10072,3,45.25,10
ITM-10001158,ORD-1000463,PRD-10073,1,46.50,15
ITM-10001159,ORD-1000463,PRD-10074,2,47.75,20
ITM-10001160,ORD-1000464,PRD-10075,3,8.00,0
ITM-10001161,ORD-1000464,PRD-10076,1,9.25,5
ITM-10001162,ORD-1000465,PRD-10077,2,10.50,10
ITM-10001163,ORD-1000465,PRD-10078,3,11.75,15
ITM-10001164,ORD-1000465,PRD-10079,1,12.00,20
ITM-10001165,ORD-1000466,PRD-10080,2,13.25,0
ITM-10001166,ORD-1000466,PRD-10081,3,14.50,5
ITM-10001167,ORD-1000467,PRD-10082,1,15.75,10
ITM-10001168,ORD-1000467,PRD-10083,2,16.00,15
ITM-10001169,ORD-1000467,PRD-10084,3,17.25,20
ITM-10001170,ORD-1000468,PRD-10085,1,18.50,0
ITM-10001171,ORD-1000468,PRD-10086,2,19.75,5
ITM-10001172,ORD-1000469,PRD-10087,3,20.00,10
ITM-10001173,ORD-1000469,PRD-10088,1,21.25,15
ITM-10001174,ORD-1000469,PRD-10089,2,22.50,20
ITM-10001175,ORD-1000470,PRD-10090,3,23.75,0
ITM-10001176,ORD-1000470,PRD-10091,1,24.00,5
ITM-10001177,ORD-1000471,PRD-10092,2,25.25,10
ITM-10001178,ORD-1000471,PRD-10093,3,26.50,15
ITM-10001179,ORD-1000471,PRD-10094,1,27.75,20
ITM-10001180,ORD-1000472,PRD-10095,2,28.00,0
ITM-10001181,ORD-1000472,PRD-10096,3,29.25,5
ITM-10001182,ORD-1000473,PRD-10097,1,30.50,10
ITM-10001183,ORD-1000473,PRD-10098,2,31.75,15
ITM-10001184,ORD-1000473,PRD-10099,3,32.00,20
ITM-10001185,ORD-1000474,PRD-10100,1,33.25,0
ITM-10001186,ORD-1000474,PRD-10101,2,34.50,5
ITM-10001187,ORD-1000475,PRD-10102,3,35.75,10
ITM-10001188,ORD-1000475,PRD-10103,1,36.00,15
ITM-10001189,ORD-1000475,PRD-10104,2,37.25,20
ITM-10001190,ORD-1000476,PRD-10105,3,38.50,0
ITM-10001191,ORD-1000476,PRD-10106,1,39.75,5
ITM-10001192,ORD-1000477,PRD-10107,2,40.00,10
ITM-10001193,ORD-1000477,PRD-10108,3,41.25,15
ITM-10001194,ORD-1000477,PRD-10109,1,42.50,20
ITM-10001195,ORD-1000478,PRD-10110,2,43.75,0
ITM-10001196,ORD-1000478,PRD-10111,3,44.00,5
ITM-10001197,ORD-1000479,PRD-10112,1,45.25,10
ITM-10001198,ORD-1000479,PRD-10113,2,46.50,15
ITM-10001199,ORD-1000479,PRD-10114,3,47.75,20
ITM-10001200,ORD-1000480,PRD-10115,1,8.00,0
ITM-10001201,ORD-1000480,PRD-10116,2,9.25,5
ITM-10001202,ORD-1000481,PRD-10117,3,10.50,10
ITM-10001203,ORD-1000481,PRD-10118,1,11.75,15
ITM-10001204,ORD-1000481,PRD-10119,2,12.00,20
ITM-10001205,ORD-1000482,PRD-10120,3,13.25,0
ITM-10001206,ORD-1000482,PRD-10121,1,14.50,5
ITM-10001207,ORD-1000483,PRD-10122,2,15.75,10
ITM-10001208,ORD-1000483,PRD-10123,3,16.00,15
ITM-10001209,ORD-1000483,PRD-10124,1,17.25,20
ITM-10001210,ORD-1000484,PRD-10125,2,18.50,0
ITM-10001211,ORD-1000484,PRD-10126,3,19.75,5
ITM-10001212,ORD-1000485,PRD-10127,1,20.00,10
ITM-10001213,ORD-1000485,PRD-10128,2,21.25,15
ITM-10001214,ORD-1000485,PRD-10129,3,22.50,20
ITM-10001215,ORD-1000486,PRD-10130,1,23.75,0
ITM-10001216,ORD-1000486,PRD-10131,2,24.00,5
ITM-10001217,ORD-1000487,PRD-10132,3,25.25,10
ITM-10001218,ORD-1000487,PRD-10133,1,26.50,15
ITM-10001219,ORD-1000487,PRD-10134,2,27.75,20
ITM-10001220,ORD-1000488,PRD-10135,3,28.00,0
ITM-10001221,ORD-1000488,PRD-10136,1,29.25,5
ITM-10001222,ORD-1000489,PRD-10137,2,30.50,10
ITM-10001223,ORD-1000489,PRD-10138,3,31.75,15
ITM-10001224,ORD-1000489,PRD-10139,1,32.00,20
ITM-10001225,ORD-1000490,PRD-10140,2,33.25,0
ITM-10001226,ORD-1000490,PRD-10141,3,34.50,5
ITM-10001227,ORD-1000491,PRD-10142,1,35.75,10
ITM-10001228,ORD-1000491,PRD-10143,2,36.00,15
ITM-10001229,ORD-1000491,PRD-10144,3,37.25,20
ITM-10001230,ORD-1000492,PRD-10145,1,38.50,0
ITM-10001231,ORD-1000492,PRD-10146,2,39.75,5
ITM-10001232,ORD-1000493,PRD-10147,3,40.00,10
ITM-10001233,ORD-1000493,PRD-10148,1,41.25,15
ITM-10001234,ORD-1000493,PRD-10149,2,42.50,20
ITM-10001235,ORD-1000494,PRD-10150,3,43.75,0
ITM-10001236,ORD-1000494,PRD-10151,1,44.00,5
ITM-10001237,ORD-1000495,PRD-10152,2,45.25,10
ITM-10001238,ORD-1000495,PRD-10153,3,46.50,15
ITM-10001239,ORD-1000495,PRD-10154,1,47.75,20
ITM-10001240,ORD-1000496,PRD-10155,2,8.00,0
ITM-10001241,ORD-1000496,PRD-10156,3,9.25,5
ITM-10001242,ORD-1000497,PRD-10157,1,10.50,10
ITM-10001243,ORD-1000497,PRD-10158,2,11.75,15
ITM-10001244,ORD-1000497,PRD-10159,3,12.00,20
ITM-10001245,ORD-1000498,PRD-10160,1,13.25,0
ITM-10001246,ORD-1000498,PRD-10161,2,14.50,5
ITM-10001247,ORD-1000499,PRD-10162,3,15.75,10
ITM-10001248,ORD-1000499,PRD-10163,1,16.00,15
ITM-10001249,ORD-1000499,PRD-10164,2,17.25,20
ITM-10001250,ORD-1000500,PRD-10165,3,18.50,0
ITM-10001251,ORD-1000500,PRD-10166,1,19.75,5
ITM-10001252,ORD-1000501,PRD-10167,2,20.00,10
ITM-10001253,ORD-1000501,PRD-10168,3,21.25,15
ITM-10001254,ORD-1000501,PRD-10169,1,22.50,20
ITM-10001255,ORD-1000502,PRD-10170,2,23.75,0
ITM-10001256,ORD-1000502,PRD-10171,3,24.00,5
ITM-10001257,ORD-1000503,PRD-10172,1,25.25,10
ITM-10001258,ORD-1000503,PRD-10173,2,26.50,15
ITM-10001259,ORD-1000503,PRD-10174,3,27.75,20
ITM-10001260,ORD-1000504,PRD-10175,1,28.00,0
ITM-10001261,ORD-1000504,PRD-10176,2,29.25,5
ITM-10001262,ORD-1000505,PRD-10177,3,30.50,10
ITM-10001263,ORD-1000505,PRD-10178,1,31.75,15
ITM-10001264,ORD-1000505,PRD-10179,2,32.00,20
ITM-10001265,ORD-1000506,PRD-10180,3,33.25,0
ITM-10001266,ORD-1000506,PRD-10181,1,34.50,5
ITM-10001267,ORD-1000507,PRD-10182,2,35.75,10
ITM-10001268,ORD-1000507,PRD-10183,3,36.00,15
ITM-10001269,ORD-1000507,PRD-10184,1,37.25,20
ITM-10001270,ORD-1000508,PRD-10185,2,38.50,0
ITM-10001271,ORD-1000508,PRD-10186,3,39.75,5
ITM-10001272,ORD-1000509,PRD-10187,1,40.00,10
ITM-10001273,ORD-1000509,PRD-10188,2,41.25,15
ITM-10001274,ORD-1000509,PRD-10189,3,42.50,20
ITM-10001275,ORD-1000510,PRD-10190,1,43.75,0
ITM-10001276,ORD-1000510,PRD-10191,2,44.00,5
ITM-10001277,ORD-1000511,PRD-10192,3,45.25,10
ITM-10001278,ORD-1000511,PRD-10193,1,46.50,15
ITM-10001279,ORD-1000511,PRD-10194,2,47.75,20
ITM-10001280,ORD-1000512,PRD-10195,3,8.00,0
ITM-10001281,ORD-1000512,PRD-10196,1,9.25,5
ITM-10001282,ORD-1000513,PRD-10197,2,10.50,10
ITM-10001283,ORD-1000513,PRD-10198,3,11.75,15
ITM-10001284,ORD-1000513,PRD-10199,1,12.00,20
ITM-10001285,ORD-1000514,PRD-10200,2,13.25,0
ITM-10001286,ORD-1000514,PRD-10201,3,14.50,5
ITM-10001287,ORD-1000515,PRD-10202,1,15.75,10
ITM-10001288,ORD-1000515,PRD-10203,2,16.00,15
ITM-10001289,ORD-1000515,PRD-10204,3,17.25,20
ITM-10001290,ORD-1000516,PRD-10205,1,18.50,0
ITM-10001291,ORD-1000516,PRD-10206,2,19.75,5
ITM-10001292,ORD-1000517,PRD-10207,3,20.00,10
ITM-10001293,ORD-1000517,PRD-10208,1,21.25,15
ITM-10001294,ORD-1000517,PRD-10209,2,22.50,20
ITM-10001295,ORD-1000518,PRD-10025,3,23.75,0
ITM-10001296,ORD-1000518,PRD-10026,1,24.00,5
ITM-10001297,ORD-1000519,PRD-10027,2,25.25,10
ITM-10001298,ORD-1000519,PRD-10028,3,26.50,15
ITM-10001299,ORD-1000519,PRD-10029,1,27.75,20
ITM-10001300,ORD-1000520,PRD-10030,2,28.00,0
ITM-10001301,ORD-1000520,PRD-10031,3,29.25,5
ITM-10001302,ORD-1000521,PRD-10032,1,30.50,10
ITM-10001303,ORD-1000521,PRD-10033,2,31.75,15
ITM-10001304,ORD-1000521,PRD-10034,3,32.00,20
ITM-10001305,ORD-1000522,PRD-10035,1,33.25,0
ITM-10001306,ORD-1000522,PRD-10036,2,34.50,5
ITM-10001307,ORD-1000523,PRD-10037,3,35.75,10
ITM-10001308,ORD-1000523,PRD-10038,1,36.00,15
ITM-10001309,ORD-1000523,PRD-10039,2,37.25,20
ITM-10001310,ORD-1000524,PRD-10040,3,38.50,0
ITM-10001311,ORD-1000524,PRD-10041,1,39.75,5
ITM-10001312,ORD-1000525,PRD-10042,2,40.00,10
ITM-10001313,ORD-1000525,PRD-10043,3,41.25,15
ITM-10001314,ORD-1000525,PRD-10044,1,42.50,20
ITM-10001315,ORD-1000526,PRD-10045,2,43.75,0
ITM-10001316,ORD-1000526,PRD-10046,3,44.00,5
ITM-10001317,ORD-1000527,PRD-10047,1,45.25,10
ITM-10001318,ORD-1000527,PRD-10048,2,46.50,15
ITM-10001319,ORD-1000527,PRD-10049,3,47.75,20
ITM-10001320,ORD-1000528,PRD-10050,1,8.00,0
ITM-10001321,ORD-1000528,PRD-10051,2,9.25,5
ITM-10001322,ORD-1000529,PRD-10052,3,10.50,10
ITM-10001323,ORD-1000529,PRD-10053,1,11.75,15
ITM-10001324,ORD-1000529,PRD-10054,2,12.00,20
ITM-10001325,ORD-1000530,PRD-10055,3,13.25,0
ITM-10001326,ORD-1000530,PRD-10056,1,14.50,5
ITM-10001327,ORD-1000531,PRD-10057,2,15.75,10
ITM-10001328,ORD-1000531,PRD-10058,3,16.00,15
ITM-10001329,ORD-1000531,PRD-10059,1,17.25,20
ITM-10001330,ORD-1000532,PRD-10060,2,18.50,0
ITM-10001331,ORD-1000532,PRD-10061,3,19.75,5
ITM-10001332,ORD-1000533,PRD-10062,1,20.00,10
ITM-10001333,ORD-1000533,PRD-10063,2,21.25,15
ITM-10001334,ORD-1000533,PRD-10064,3,22.50,20
ITM-10001335,ORD-1000534,PRD-10065,1,23.75,0
ITM-10001336,ORD-1000534,PRD-10066,2,24.00,5
ITM-10001337,ORD-1000535,PRD-10067,3,25.25,10
ITM-10001338,ORD-1000535,PRD-10068,1,26.50,15
ITM-10001339,ORD-1000535,PRD-10069,2,27.75,20
ITM-10001340,ORD-1000536,PRD-10070,3,28.00,0
ITM-10001341,ORD-1000536,PRD-10071,1,29.25,5
ITM-10001342,ORD-1000537,PRD-10072,2,30.50,10
ITM-10001343,ORD-1000537,PRD-10073,3,31.75,15
ITM-10001344,ORD-1000537,PRD-10074,1,32.00,20
ITM-10001345,ORD-1000538,PRD-10075,2,33.25,0
ITM-10001346,ORD-1000538,PRD-10076,3,34.50,5
ITM-10001347,ORD-1000539,PRD-10077,1,35.75,10
ITM-10001348,ORD-1000539,PRD-10078,2,36.00,15
ITM-10001349,ORD-1000539,PRD-10079,3,37.25,20
ITM-10001350,ORD-1000540,PRD-10080,1,38.50,0
ITM-10001351,ORD-1000540,PRD-10081,2,39.75,5
ITM-10001352,ORD-1000541,PRD-10082,3,40.00,10
ITM-10001353,ORD-1000541,PRD-10083,1,41.25,15
ITM-10001354,ORD-1000541,PRD-10084,2,42.50,20
ITM-10001355,ORD-1000542,PRD-10085,3,43.75,0
ITM-10001356,ORD-1000542,PRD-10086,1,44.00,5
ITM-10001357,ORD-1000543,PRD-10087,2,45.25,10
ITM-10001358,ORD-1000543,PRD-10088,3,46.50,15
ITM-10001359,ORD-1000543,PRD-10089,1,47.75,20
ITM-10001360,ORD-1000544,PRD-10090,2,8.00,0
ITM-10001361,ORD-1000544,PRD-10091,3,9.25,5
ITM-10001362,ORD-1000545,PRD-10092,1,10.50,10
ITM-10001363,ORD-1000545,PRD-10093,2,11.75,15
ITM-10001364,ORD-1000545,PRD-10094,3,12.00,20
ITM-10001365,ORD-1000546,PRD-10095,1,13.25,0
ITM-10001366,ORD-1000546,PRD-10096,2,14.50,5
ITM-10001367,ORD-1000547,PRD-10097,3,15.75,10
ITM-10001368,ORD-1000547,PRD-10098,1,16.00,15
ITM-10001369,ORD-1000547,PRD-10099,2,17.25,20
ITM-10001370,ORD-1000548,PRD-10100,3,18.50,0
ITM-10001371,ORD-1000548,PRD-10101,1,19.75,5
ITM-10001372,ORD-1000549,PRD-10102,2,20.00,10
ITM-10001373,ORD-1000549,PRD-10103,3,21.25,15
ITM-10001374,ORD-1000549,PRD-10104,1,22.50,20
ITM-10001375,ORD-1000550,PRD-10105,2,23.75,0
ITM-10001376,ORD-1000550,PRD-10106,3,24.00,5
ITM-10001377,ORD-1000551,PRD-10107,1,25.25,10
ITM-10001378,ORD-1000551,PRD-10108,2,26.50,15
ITM-10001379,ORD-1000551,PRD-10109,3,27.75,20
ITM-10001380,ORD-1000552,PRD-10110,1,28.00,0
ITM-10001381,ORD-1000552,PRD-10111,2,29.25,5
ITM-10001382,ORD-1000553,PRD-10112,3,30.50,10
ITM-10001383,ORD-1000553,PRD-10113,1,31.75,15
ITM-10001384,ORD-1000553,PRD-10114,2,32.00,20
ITM-10001385,ORD-1000554,PRD-10115,3,33.25,0
ITM-10001386,ORD-1000554,PRD-10116,1,34.50,5
ITM-10001387,ORD-1000555,PRD-10117,2,35.75,10
ITM-10001388,ORD-1000555,PRD-10118,3,36.00,15
ITM-10001389,ORD-1000555,PRD-10119,1,37.25,20
ITM-10001390,ORD-1000556,PRD-10120,2,38.50,0
ITM-10001391,ORD-1000556,PRD-10121,3,39.75,5
ITM-10001392,ORD-1000557,PRD-10122,1,40.00,10
ITM-10001393,ORD-1000557,PRD-10123,2,41.25,15
ITM-10001394,ORD-1000557,PRD-10124,3,42.50,20
ITM-10001395,ORD-1000558,PRD-10125,1,43.75,0
ITM-10001396,ORD-1000558,PRD-10126,2,44.00,5
ITM-10001397,ORD-1000559,PRD-10127,3,45.25,10
ITM-10001398,ORD-1000559,PRD-10128,1,46.50,15
ITM-10001399,ORD-1000559,PRD-10129,2,47.75,20
ITM-10001400,ORD-1000560,PRD-10130,3,8.00,0
ITM-10001401,ORD-1000560,PRD-10131,1,9.25,5
ITM-10001402,ORD-1000561,PRD-10132,2,10.50,10
ITM-10001403,ORD-1000561,PRD-10133,3,11.75,15
ITM-10001404,ORD-1000561,PRD-10134,1,12.00,20
ITM-10001405,ORD-1000562,PRD-10135,2,13.25,0
ITM-10001406,ORD-1000562,PRD-10136,3,14.50,5
ITM-10001407,ORD-1000563,PRD-10137,1,15.75,10
ITM-10001408,ORD-1000563,PRD-10138,2,16.00,15
ITM-10001409,ORD-1000563,PRD-10139,3,17.25,20
ITM-10001410,ORD-1000564,PRD-10140,1,18.50,0
ITM-10001411,ORD-1000564,PRD-10141,2,19.75,5
ITM-10001412,ORD-1000565,PRD-10142,3,20.00,10
ITM-10001413,ORD-1000565,PRD-10143,1,21.25,15
ITM-10001414,ORD-1000565,PRD-10144,2,22.50,20
ITM-10001415,ORD-1000566,PRD-10145,3,23.75,0
ITM-10001416,ORD-1000566,PRD-10146,1,24.00,5
ITM-10001417,ORD-1000567,PRD-10147,2,25.25,10
ITM-10001418,ORD-1000567,PRD-10148,3,26.50,15
ITM-10001419,ORD-1000567,PRD-10149,1,27.75,20
ITM-10001420,ORD-1000568,PRD-10150,2,28.00,0
ITM-10001421,ORD-1000568,PRD-10151,3,29.25,5
ITM-10001422,ORD-1000569,PRD-10152,1,30.50,10
ITM-10001423,ORD-1000569,PRD-10153,2,31.75,15
ITM-10001424,ORD-1000569,PRD-10154,3,32.00,20
ITM-10001425,ORD-1000570,PRD-10155,1,33.25,0
ITM-10001426,ORD-1000570,PRD-10156,2,34.50,5
ITM-10001427,ORD-1000571,PRD-10157,3,35.75,10
ITM-10001428,ORD-1000571,PRD-10158,1,36.00,15
ITM-10001429,ORD-1000571,PRD-10159,2,37.25,20
ITM-10001430,ORD-1000572,PRD-10160,3,38.50,0
ITM-10001431,ORD-1000572,PRD-10161,1,39.75,5
ITM-10001432,ORD-1000573,PRD-10162,2,40.00,10
ITM-10001433,ORD-1000573,PRD-10163,3,41.25,15
ITM-10001434,ORD-1000573,PRD-10164,1,42.50,20
ITM-10001435,ORD-1000574,PRD-10165,2,43.75,0
ITM-10001436,ORD-1000574,PRD-10166,3,44.00,5
ITM-10001437,ORD-1000575,PRD-10167,1,45.25,10
ITM-10001438,ORD-1000575,PRD-10168,2,46.50,15
ITM-10001439,ORD-1000575,PRD-10169,3,47.75,20
ITM-10001440,ORD-1000576,PRD-10170,1,8.00,0
ITM-10001441,ORD-1000576,PRD-10171,2,9.25,5
ITM-10001442,ORD-1000577,PRD-10172,3,10.50,10
ITM-10001443,ORD-1000577,PRD-10173,1,11.75,15
ITM-10001444,ORD-1000577,PRD-10174,2,12.00,20
ITM-10001445,ORD-1000578,PRD-10175,3,13.25,0
ITM-10001446,ORD-1000578,PRD-10176,1,14.50,5
ITM-10001447,ORD-1000579,PRD-10177,2,15.75,10
ITM-10001448,ORD-1000579,PRD-10178,3,16.00,15
ITM-10001449,ORD-1000579,PRD-10179,1,17.25,20
ITM-10001450,ORD-1000580,PRD-10180,2,18.50,0
ITM-10001451,ORD-1000580,PRD-10181,3,19.75,5
ITM-10001452,ORD-1000581,PRD-10182,1,20.00,10
ITM-10001453,ORD-1000581,PRD-10183,2,21.25,15
ITM-10001454,ORD-1000581,PRD-10184,3,22.50,20
ITM-10001455,ORD-1000582,PRD-10185,1,23.75,0
ITM-10001456,ORD-1000582,PRD-10186,2,24.00,5
ITM-10001457,ORD-1000583,PRD-10187,3,25.25,10
ITM-10001458,ORD-1000583,PRD-10188,1,26.50,15
ITM-10001459,ORD-1000583,PRD-10189,2,27.75,20
ITM-10001460,ORD-1000584,PRD-10190,3,28.00,0
ITM-10001461,ORD-1000584,PRD-10191,1,29.25,5
ITM-10001462,ORD-1000585,PRD-10192,2,30.50,10
ITM-10001463,ORD-1000585,PRD-10193,3,31.75,15
ITM-10001464,ORD-1000585,PRD-10194,1,32.00,20
ITM-10001465,ORD-1000586,PRD-10195,2,33.25,0
ITM-10001466,ORD-1000586,PRD-10196,3,34.50,5
ITM-10001467,ORD-1000587,PRD-10197,1,35.75,10
ITM-10001468,ORD-1000587,PRD-10198,2,36.00,15
ITM-10001469,ORD-1000587,PRD-10199,3,37.25,20
ITM-10001470,ORD-1000588,PRD-10200,1,38.50,0
ITM-10001471,ORD-1000588,PRD-10201,2,39.75,5
ITM-10001472,ORD-1000589,PRD-10202,3,40.00,10
ITM-10001473,ORD-1000589,PRD-10203,1,41.25,15
ITM-10001474,ORD-1000589,PRD-10204,2,42.50,20
ITM-10001475,ORD-1000590,PRD-10205,3,43.75,0
ITM-10001476,ORD-1000590,PRD-10206,1,44.00,5
ITM-10001477,ORD-1000591,PRD-10207,2,45.25,10
ITM-10001478,ORD-1000591,PRD-10208,3,46.50,15
ITM-10001479,ORD-1000591,PRD-10209,1,47.75,20
ITM-10001480,ORD-1000592,PRD-10025,2,8.00,0
ITM-10001481,ORD-1000592,PRD-10026,3,9.25,5
ITM-10001482,ORD-1000593,PRD-10027,1,10.50,10
ITM-10001483,ORD-1000593,PRD-10028,2,11.75,15
ITM-10001484,ORD-1000593,PRD-10029,3,12.00,20
ITM-10001485,ORD-1000594,PRD-10030,1,13.25,0
ITM-10001486,ORD-1000594,PRD-10031,2,14.50,5
ITM-10001487,ORD-1000595,PRD-10032,3,15.75,10
ITM-10001488,ORD-1000595,PRD-10033,1,16.00,15
ITM-10001489,ORD-1000595,PRD-10034,2,17.25,20
ITM-10001490,ORD-1000596,PRD-10035,3,18.50,0
ITM-10001491,ORD-1000596,PRD-10036,1,19.75,5
ITM-10001492,ORD-1000597,PRD-10037,2,20.00,10
ITM-10001493,ORD-1000597,PRD-10038,3,21.25,15
ITM-10001494,ORD-1000597,PRD-10039,1,22.50,20
ITM-10001495,ORD-1000598,PRD-10040,2,23.75,0
ITM-10001496,ORD-1000598,PRD-10041,3,24.00,5
ITM-10001497,ORD-1000599,PRD-10042,1,25.25,10
ITM-10001498,ORD-1000599,PRD-10043,2,26.50,15
ITM-10001499,ORD-1000599,PRD-10044,3,27.75,20
ITM-10001500,ORD-1000600,PRD-10045,1,28.00,0
ITM-10001501,ORD-1000600,PRD-10046,2,29.25,5
ITM-10001502,ORD-1000601,PRD-10047,3,30.50,10
ITM-10001503,ORD-1000601,PRD-10048,1,31.75,15
ITM-10001504,ORD-1000601,PRD-10049,2,32.00,20
ITM-10001505,ORD-1000602,PRD-10050,3,33.25,0
ITM-10001506,ORD-1000602,PRD-10051,1,34.50,5
ITM-10001507,ORD-1000603,PRD-10052,2,35.75,10
ITM-10001508,ORD-1000603,PRD-10053,3,36.00,15
ITM-10001509,ORD-1000603,PRD-10054,1,37.25,20
ITM-10001510,ORD-1000604,PRD-10055,2,38.50,0
ITM-10001511,ORD-1000604,PRD-10056,3,39.75,5
ITM-10001512,ORD-1000605,PRD-10057,1,40.00,10
ITM-10001513,ORD-1000605,PRD-10058,2,41.25,15
ITM-10001514,ORD-1000605,PRD-10059,3,42.50,20
ITM-10001515,ORD-1000606,PRD-10060,1,43.75,0
ITM-10001516,ORD-1000606,PRD-10061,2,44.00,5
ITM-10001517,ORD-1000607,PRD-10062,3,45.25,10
ITM-10001518,ORD-1000607,PRD-10063,1,46.50,15
ITM-10001519,ORD-1000607,PRD-10064,2,47.75,20
ITM-10001520,ORD-1000608,PRD-10065,3,8.00,0
ITM-10001521,ORD-1000608,PRD-10066,1,9.25,5
ITM-10001522,ORD-1000609,PRD-10067,2,10.50,10
ITM-10001523,ORD-1000609,PRD-10068,3,11.75,15
ITM-10001524,ORD-1000609,PRD-10069,1,12.00,20
ITM-10001525,ORD-1000610,PRD-10070,2,13.25,0
ITM-10001526,ORD-1000610,PRD-10071,3,14.50,5
ITM-10001527,ORD-1000611,PRD-10072,1,15.75,10
ITM-10001528,ORD-1000611,PRD-10073,2,16.00,15
ITM-10001529,ORD-1000611,PRD-10074,3,17.25,20
ITM-10001530,ORD-1000612,PRD-10075,1,18.50,0
ITM-10001531,ORD-1000612,PRD-10076,2,19.75,5
ITM-10001532,ORD-1000613,PRD-10077,3,20.00,10
ITM-10001533,ORD-1000613,PRD-10078,1,21.25,15
ITM-10001534,ORD-1000613,PRD-10079,2,22.50,20
ITM-10001535,ORD-1000614,PRD-10080,3,23.75,0
ITM-10001536,ORD-1000614,PRD-10081,1,24.00,5
ITM-10001537,ORD-1000615,PRD-10082,2,25.25,10
ITM-10001538,ORD-1000615,PRD-10083,3,26.50,15
ITM-10001539,ORD-1000615,PRD-10084,1,27.75,20
ITM-10001540,ORD-1000616,PRD-10085,2,28.00,0
ITM-10001541,ORD-1000616,PRD-10086,3,29.25,5
ITM-10001542,ORD-1000617,PRD-10087,1,30.50,10
ITM-10001543,ORD-1000617,PRD-10088,2,31.75,15
ITM-10001544,ORD-1000617,PRD-10089,3,32.00,20
ITM-10001545,ORD-1000618,PRD-10090,1,33.25,0
ITM-10001546,ORD-1000618,PRD-10091,2,34.50,5
ITM-10001547,ORD-1000619,PRD-10092,3,35.75,10
ITM-10001548,ORD-1000619,PRD-10093,1,36.00,15
ITM-10001549,ORD-1000619,PRD-10094,2,37.25,20
ITM-10001550,ORD-1000620,PRD-10095,3,38.50,0
ITM-10001551,ORD-1000620,PRD-10096,1,39.75,5
ITM-10001552,ORD-1000621,PRD-10097,2,40.00,10
ITM-10001553,ORD-1000621,PRD-10098,3,41.25,15
ITM-10001554,ORD-1000621,PRD-10099,1,42.50,20
ITM-10001555,ORD-1000622,PRD-10100,2,43.75,0
ITM-10001556,ORD-1000622,PRD-10101,3,44.00,5
ITM-10001557,ORD-1000623,PRD-10102,1,45.25,10
ITM-10001558,ORD-1000623,PRD-10103,2,46.50,15
ITM-10001559,ORD-1000623,PRD-10104,3,47.75,20
ITM-10001560,ORD-1000624,PRD-10105,1,8.00,0
ITM-10001561,ORD-1000624,PRD-10106,2,9.25,5
ITM-10001562,ORD-1000625,PRD-10107,3,10.50,10
ITM-10001563,ORD-1000625,PRD-10108,1,11.75,15
ITM-10001564,ORD-1000625,PRD-10109,2,12.00,20
ITM-10001565,ORD-1000626,PRD-10110,3,13.25,0
ITM-10001566,ORD-1000626,PRD-10111,1,14.50,5
ITM-10001567,ORD-1000627,PRD-10112,2,15.75,10
ITM-10001568,ORD-1000627,PRD-10113,3,16.00,15
ITM-10001569,ORD-1000627,PRD-10114,1,17.25,20
ITM-10001570,ORD-1000628,PRD-10115,2,18.50,0
ITM-10001571,ORD-1000628,PRD-10116,3,19.75,5
ITM-10001572,ORD-1000629,PRD-10117,1,20.00,10
ITM-10001573,ORD-1000629,PRD-10118,2,21.25,15
ITM-10001574,ORD-1000629,PRD-10119,3,22.50,20
ITM-10001575,ORD-1000630,PRD-10120,1,23.75,0
ITM-10001576,ORD-1000630,PRD-10121,2,24.00,5
ITM-10001577,ORD-1000631,PRD-10122,3,25.25,10
ITM-10001578,ORD-1000631,PRD-10123,1,26.50,15
ITM-10001579,ORD-1000631,PRD-10124,2,27.75,20
ITM-10001580,ORD-1000632,PRD-10125,3,28.00,0
ITM-10001581,ORD-1000632,PRD-10126,1,29.25,5
ITM-10001582,ORD-1000633,PRD-10127,2,30.50,10
ITM-10001583,ORD-1000633,PRD-10128,3,31.75,15
ITM-10001584,ORD-1000633,PRD-10129,1,32.00,20
ITM-10001585,ORD-1000634,PRD-10130,2,33.25,0
ITM-10001586,ORD-1000634,PRD-10131,3,34.50,5
ITM-10001587,ORD-1000635,PRD-10132,1,35.75,10
ITM-10001588,ORD-1000635,PRD-10133,2,36.00,15
ITM-10001589,ORD-1000635,PRD-10134,3,37.25,20
ITM-10001590,ORD-1000636,PRD-10135,1,38.50,0
ITM-10001591,ORD-1000636,PRD-10136,2,39.75,5
ITM-10001592,ORD-1000637,PRD-10137,3,40.00,10
ITM-10001593,ORD-1000637,PRD-10138,1,41.25,15
ITM-10001594,ORD-1000637,PRD-10139,2,42.50,20
ITM-10001595,ORD-1000638,PRD-10140,3,43.75,0
ITM-10001596,ORD-1000638,PRD-10141,1,44.00,5
ITM-10001597,ORD-1000639,PRD-10142,2,45.25,10
ITM-10001598,ORD-1000639,PRD-10143,3,46.50,15
ITM-10001599,ORD-1000639,PRD-10144,1,47.75,20
ITM-10001600,ORD-1000640,PRD-10145,2,8.00,0
ITM-10001601,ORD-1000640,PRD-10146,3,9.25,5
ITM-10001602,ORD-1000641,PRD-10147,1,10.50,10
ITM-10001603,ORD-1000641,PRD-10148,2,11.75,15
ITM-10001604,ORD-1000641,PRD-10149,3,12.00,20
ITM-10001605,ORD-1000642,PRD-10150,1,13.25,0
ITM-10001606,ORD-1000642,PRD-10151,2,14.50,5
ITM-10001607,ORD-1000643,PRD-10152,3,15.75,10
ITM-10001608,ORD-1000643,PRD-10153,1,16.00,15
ITM-10001609,ORD-1000643,PRD-10154,2,17.25,20
ITM-10001610,ORD-1000644,PRD-10155,3,18.50,0
ITM-10001611,ORD-1000644,PRD-10156,1,19.75,5
ITM-10001612,ORD-1000645,PRD-10157,2,20.00,10
ITM-10001613,ORD-1000645,PRD-10158,3,21.25,15
ITM-10001614,ORD-1000645,PRD-10159,1,22.50,20
ITM-10001615,ORD-1000646,PRD-10160,2,23.75,0
ITM-10001616,ORD-1000646,PRD-10161,3,24.00,5
ITM-10001617,ORD-1000647,PRD-10162,1,25.25,10
ITM-10001618,ORD-1000647,PRD-10163,2,26.50,15
ITM-10001619,ORD-1000647,PRD-10164,3,27.75,20
ITM-10001620,ORD-1000648,PRD-10165,1,28.00,0
ITM-10001621,ORD-1000648,PRD-10166,2,29.25,5
ITM-10001622,ORD-1000649,PRD-10167,3,30.50,10
ITM-10001623,ORD-1000649,PRD-10168,1,31.75,15
ITM-10001624,ORD-1000649,PRD-10169,2,32.00,20
ITM-10001625,ORD-1000650,PRD-10170,3,33.25,0
ITM-10001626,ORD-1000650,PRD-10171,1,34.50,5
ITM-10001627,ORD-1000651,PRD-10172,2,35.75,10
ITM-10001628,ORD-1000651,PRD-10173,3,36.00,15
ITM-10001629,ORD-1000651,PRD-10174,1,37.25,20
ITM-10001630,ORD-1000652,PRD-10175,2,38.50,0
ITM-10001631,ORD-1000652,PRD-10176,3,39.75,5
ITM-10001632,ORD-1000653,PRD-10177,1,40.00,10
ITM-10001633,ORD-1000653,PRD-10178,2,41.25,15
ITM-10001634,ORD-1000653,PRD-10179,3,42.50,20
ITM-10001635,ORD-1000654,PRD-10180,1,43.75,0
ITM-10001636,ORD-1000654,PRD-10181,2,44.00,5
ITM-10001637,ORD-1000655,PRD-10182,3,45.25,10
ITM-10001638,ORD-1000655,PRD-10183,1,46.50,15
ITM-10001639,ORD-1000655,PRD-10184,2,47.75,20
ITM-10001640,ORD-1000656,PRD-10185,3,8.00,0
ITM-10001641,ORD-1000656,PRD-10186,1,9.25,5
ITM-10001642,ORD-1000657,PRD-10187,2,10.50,10
ITM-10001643,ORD-1000657,PRD-10188,3,11.75,15
ITM-10001644,ORD-1000657,PRD-10189,1,12.00,20
ITM-10001645,ORD-1000658,PRD-10190,2,13.25,0
ITM-10001646,ORD-1000658,PRD-10191,3,14.50,5
ITM-10001647,ORD-1000659,PRD-10192,1,15.75,10
ITM-10001648,ORD-1000659,PRD-10193,2,16.00,15
ITM-10001649,ORD-1000659,PRD-10194,3,17.25,20
ITM-10001650,ORD-1000660,PRD-10195,1,18.50,0
ITM-10001651,ORD-1000660,PRD-10196,2,19.75,5
ITM-10001652,ORD-1000661,PRD-10197,3,20.00,10
ITM-10001653,ORD-1000661,PRD-10198,1,21.25,15
ITM-10001654,ORD-1000661,PRD-10199,2,22.50,20
ITM-10001655,ORD-1000662,PRD-10200,3,23.75,0
ITM-10001656,ORD-1000662,PRD-10201,1,24.00,5
ITM-10001657,ORD-1000663,PRD-10202,2,25.25,10
ITM-10001658,ORD-1000663,PRD-10203,3,26.50,15
ITM-10001659,ORD-1000663,PRD-10204,1,27.75,20
ITM-10001660,ORD-1000664,PRD-10205,2,28.00,0
ITM-10001661,ORD-1000664,PRD-10206,3,29.25,5
ITM-10001662,ORD-1000665,PRD-10207,1,30.50,10
ITM-10001663,ORD-1000665,PRD-10208,2,31.75,15
ITM-10001664,ORD-1000665,PRD-10209,3,32.00,20
ITM-10001665,ORD-1000666,PRD-10025,1,33.25,0
ITM-10001666,ORD-1000666,PRD-10026,2,34.50,5
ITM-10001667,ORD-1000667,PRD-10027,3,35.75,10
ITM-10001668,ORD-1000667,PRD-10028,1,36.00,15
ITM-10001669,ORD-1000667,PRD-10029,2,37.25,20
ITM-10001670,ORD-1000668,PRD-10030,3,38.50,0
ITM-10001671,ORD-1000668,PRD-10031,1,39.75,5
ITM-10001672,ORD-1000669,PRD-10032,2,40.00,10
ITM-10001673,ORD-1000669,PRD-10033,3,41.25,15
ITM-10001674,ORD-1000669,PRD-10034,1,42.50,20
ITM-10001675,ORD-1000670,PRD-10035,2,43.75,0
ITM-10001676,ORD-1000670,PRD-10036,3,44.00,5
ITM-10001677,ORD-1000671,PRD-10037,1,45.25,10
ITM-10001678,ORD-1000671,PRD-10038,2,46.50,15
ITM-10001679,ORD-1000671,PRD-10039,3,47.75,20
ITM-10001680,ORD-1000672,PRD-10040,1,8.00,0
ITM-10001681,ORD-1000672,PRD-10041,2,9.25,5
ITM-10001682,ORD-1000673,PRD-10042,3,10.50,10
ITM-10001683,ORD-1000673,PRD-10043,1,11.75,15
ITM-10001684,ORD-1000673,PRD-10044,2,12.00,20
ITM-10001685,ORD-1000674,PRD-10045,3,13.25,0
ITM-10001686,ORD-1000674,PRD-10046,1,14.50,5
ITM-10001687,ORD-1000675,PRD-10047,2,15.75,10
ITM-10001688,ORD-1000675,PRD-10048,3,16.00,15
ITM-10001689,ORD-1000675,PRD-10049,1,17.25,20
ITM-10001690,ORD-1000676,PRD-10050,2,18.50,0
ITM-10001691,ORD-1000676,PRD-10051,3,19.75,5
ITM-10001692,ORD-1000677,PRD-10052,1,20.00,10
ITM-10001693,ORD-1000677,PRD-10053,2,21.25,15
ITM-10001694,ORD-1000677,PRD-10054,3,22.50,20
ITM-10001695,ORD-1000678,PRD-10055,1,23.75,0
ITM-10001696,ORD-1000678,PRD-10056,2,24.00,5
ITM-10001697,ORD-1000679,PRD-10057,3,25.25,10
ITM-10001698,ORD-1000679,PRD-10058,1,26.50,15
ITM-10001699,ORD-1000679,PRD-10059,2,27.75,20
ITM-10001700,ORD-1000680,PRD-10060,3,28.00,0
ITM-10001701,ORD-1000680,PRD-10061,1,29.25,5
ITM-10001702,ORD-1000681,PRD-10062,2,30.50,10
ITM-10001703,ORD-1000681,PRD-10063,3,31.75,15
ITM-10001704,ORD-1000681,PRD-10064,1,32.00,20
ITM-10001705,ORD-1000682,PRD-10065,2,33.25,0
ITM-10001706,ORD-1000682,PRD-10066,3,34.50,5
ITM-10001707,ORD-1000683,PRD-10067,1,35.75,10
ITM-10001708,ORD-1000683,PRD-10068,2,36.00,15
ITM-10001709,ORD-1000683,PRD-10069,3,37.25,20
ITM-10001710,ORD-1000684,PRD-10070,1,38.50,0
ITM-10001711,ORD-1000684,PRD-10071,2,39.75,5
ITM-10001712,ORD-1000685,PRD-10072,3,40.00,10
ITM-10001713,ORD-1000685,PRD-10073,1,41.25,15
ITM-10001714,ORD-1000685,PRD-10074,2,42.50,20
ITM-10001715,ORD-1000686,PRD-10075,3,43.75,0
ITM-10001716,ORD-1000686,PRD-10076,1,44.00,5
ITM-10001717,ORD-1000687,PRD-10077,2,45.25,10
ITM-10001718,ORD-1000687,PRD-10078,3,46.50,15
ITM-10001719,ORD-1000687,PRD-10079,1,47.75,20
ITM-10001720,ORD-1000688,PRD-10080,2,8.00,0
ITM-10001721,ORD-1000688,PRD-10081,3,9.25,5
ITM-10001722,ORD-1000689,PRD-10082,1,10.50,10
ITM-10001723,ORD-1000689,PRD-10083,2,11.75,15
ITM-10001724,ORD-1000689,PRD-10084,3,12.00,20
ITM-10001725,ORD-1000690,PRD-10085,1,13.25,0
ITM-10001726,ORD-1000690,PRD-10086,2,14.50,5
ITM-10001727,ORD-1000691,PRD-10087,3,15.75,10
ITM-10001728,ORD-1000691,PRD-10088,1,16.00,15
ITM-10001729,ORD-1000691,PRD-10089,2,17.25,20
ITM-10001730,ORD-1000692,PRD-10090,3,18.50,0
ITM-10001731,ORD-1000692,PRD-10091,1,19.75,5
ITM-10001732,ORD-1000693,PRD-10092,2,20.00,10
ITM-10001733,ORD-1000693,PRD-10093,3,21.25,15
ITM-10001734,ORD-1000693,PRD-10094,1,22.50,20
ITM-10001735,ORD-1000694,PRD-10095,2,23.75,0
ITM-10001736,ORD-1000694,PRD-10096,3,24.00,5
ITM-10001737,ORD-1000695,PRD-10097,1,25.25,10
ITM-10001738,ORD-1000695,PRD-10098,2,26.50,15
ITM-10001739,ORD-1000695,PRD-10099,3,27.75,20
ITM-10001740,ORD-1000696,PRD-10100,1,28.00,0
ITM-10001741,ORD-1000696,PRD-10101,2,29.25,5
ITM-10001742,ORD-1000697,PRD-10102,3,30.50,10
ITM-10001743,ORD-1000697,PRD-10103,1,31.75,15
ITM-10001744,ORD-1000697,PRD-10104,2,32.00,20
ITM-10001745,ORD-1000698,PRD-10105,3,33.25,0
ITM-10001746,ORD-1000698,PRD-10106,1,34.50,5
ITM-10001747,ORD-1000699,PRD-10107,2,35.75,10
ITM-10001748,ORD-1000699,PRD-10108,3,36.00,15
ITM-10001749,ORD-1000699,PRD-10109,1,37.25,20
ITM-10001750,ORD-1000700,PRD-10110,2,38.50,0
ITM-10001751,ORD-1000700,PRD-10111,3,39.75,5
ITM-10001752,ORD-1000701,PRD-10112,1,40.00,10
ITM-10001753,ORD-1000701,PRD-10113,2,41.25,15
ITM-10001754,ORD-1000701,PRD-10114,3,42.50,20
ITM-10001755,ORD-1000702,PRD-10115,1,43.75,0
ITM-10001756,ORD-1000702,PRD-10116,2,44.00,5
ITM-10001757,ORD-1000703,PRD-10117,3,45.25,10
ITM-10001758,ORD-1000703,PRD-10118,1,46.50,15
ITM-10001759,ORD-1000703,PRD-10119,2,47.75,20
ITM-10001760,ORD-1000704,PRD-10120,3,8.00,0
ITM-10001761,ORD-1000704,PRD-10121,1,9.25,5
ITM-10001762,ORD-1000705,PRD-10122,2,10.50,10
ITM-10001763,ORD-1000705,PRD-10123,3,11.75,15
ITM-10001764,ORD-1000705,PRD-10124,1,12.00,20
ITM-10001765,ORD-1000706,PRD-10125,2,13.25,0
ITM-10001766,ORD-1000706,PRD-10126,3,14.50,5
ITM-10001767,ORD-1000707,PRD-10127,1,15.75,10
ITM-10001768,ORD-1000707,PRD-10128,2,16.00,15
ITM-10001769,ORD-1000707,PRD-10129,3,17.25,20
ITM-10001770,ORD-1000708,PRD-10130,1,18.50,0
ITM-10001771,ORD-1000708,PRD-10131,2,19.75,5
ITM-10001772,ORD-1000709,PRD-10132,3,20.00,10
ITM-10001773,ORD-1000709,PRD-10133,1,21.25,15
ITM-10001774,ORD-1000709,PRD-10134,2,22.50,20
ITM-10001775,ORD-1000710,PRD-10135,3,23.75,0
ITM-10001776,ORD-1000710,PRD-10136,1,24.00,5
ITM-10001777,ORD-1000711,PRD-10137,2,25.25,10
ITM-10001778,ORD-1000711,PRD-10138,3,26.50,15
ITM-10001779,ORD-1000711,PRD-10139,1,27.75,20
ITM-10001780,ORD-1000712,PRD-10140,2,28.00,0
ITM-10001781,ORD-1000712,PRD-10141,3,29.25,5
ITM-10001782,ORD-1000713,PRD-10142,1,30.50,10
ITM-10001783,ORD-1000713,PRD-10143,2,31.75,15
ITM-10001784,ORD-1000713,PRD-10144,3,32.00,20
ITM-10001785,ORD-1000714,PRD-10145,1,33.25,0
ITM-10001786,ORD-1000714,PRD-10146,2,34.50,5
ITM-10001787,ORD-1000715,PRD-10147,3,35.75,10
ITM-10001788,ORD-1000715,PRD-10148,1,36.00,15
ITM-10001789,ORD-1000715,PRD-10149,2,37.25,20
ITM-10001790,ORD-1000716,PRD-10150,3,38.50,0
ITM-10001791,ORD-1000716,PRD-10151,1,39.75,5
ITM-10001792,ORD-1000717,PRD-10152,2,40.00,10
ITM-10001793,ORD-1000717,PRD-10153,3,41.25,15
ITM-10001794,ORD-1000717,PRD-10154,1,42.50,20
ITM-10001795,ORD-1000718,PRD-10155,2,43.75,0
ITM-10001796,ORD-1000718,PRD-10156,3,44.00,5
ITM-10001797,ORD-1000719,PRD-10157,1,45.25,10
ITM-10001798,ORD-1000719,PRD-10158,2,46.50,15
ITM-10001799,ORD-1000719,PRD-10159,3,47.75,20
ITM-10001800,ORD-1000720,PRD-10160,1,8.00,0
ITM-10001801,ORD-1000720,PRD-10161,2,9.25,5
ITM-10001802,ORD-1000721,PRD-10162,3,10.50,10
ITM-10001803,ORD-1000721,PRD-10163,1,11.75,15
ITM-10001804,ORD-1000721,PRD-10164,2,12.00,20
ITM-10001805,ORD-1000722,PRD-10165,3,13.25,0
ITM-10001806,ORD-1000722,PRD-10166,1,14.50,5
ITM-10001807,ORD-1000723,PRD-10167,2,15.75,10
ITM-10001808,ORD-1000723,PRD-10168,3,16.00,15
ITM-10001809,ORD-1000723,PRD-10169,1,17.25,20
ITM-10001810,ORD-1000724,PRD-10170,2,18.50,0
ITM-10001811,ORD-1000724,PRD-10171,3,19.75,5
ITM-10001812,ORD-1000725,PRD-10172,1,20.00,10
ITM-10001813,ORD-1000725,PRD-10173,2,21.25,15
ITM-10001814,ORD-1000725,PRD-10174,3,22.50,20
ITM-10001815,ORD-1000726,PRD-10175,1,23.75,0
ITM-10001816,ORD-1000726,PRD-10176,2,24.00,5
ITM-10001817,ORD-1000727,PRD-10177,3,25.25,10
ITM-10001818,ORD-1000727,PRD-10178,1,26.50,15
ITM-10001819,ORD-1000727,PRD-10179,2,27.75,20
ITM-10001820,ORD-1000728,PRD-10180,3,28.00,0
ITM-10001821,ORD-1000728,PRD-10181,1,29.25,5
ITM-10001822,ORD-1000729,PRD-10182,2,30.50,10
ITM-10001823,ORD-1000729,PRD-10183,3,31.75,15
ITM-10001824,ORD-1000729,PRD-10184,1,32.00,20
ITM-10001825,ORD-1000730,PRD-10185,2,33.25,0
ITM-10001826,ORD-1000730,PRD-10186,3,34.50,5
ITM-10001827,ORD-1000731,PRD-10187,1,35.75,10
ITM-10001828,ORD-1000731,PRD-10188,2,36.00,15
ITM-10001829,ORD-1000731,PRD-10189,3,37.25,20
ITM-10001830,ORD-1000732,PRD-10190,1,38.50,0
ITM-10001831,ORD-1000732,PRD-10191,2,39.75,5
ITM-10001832,ORD-1000733,PRD-10192,3,40.00,10
ITM-10001833,ORD-1000733,PRD-10193,1,41.25,15
ITM-10001834,ORD-1000733,PRD-10194,2,42.50,20
ITM-10001835,ORD-1000734,PRD-10195,3,43.75,0
ITM-10001836,ORD-1000734,PRD-10196,1,44.00,5
ITM-10001837,ORD-1000735,PRD-10197,2,45.25,10
ITM-10001838,ORD-1000735,PRD-10198,3,46.50,15
ITM-10001839,ORD-1000735,PRD-10199,1,47.75,20
ITM-10001840,ORD-1000736,PRD-10200,2,8.00,0
ITM-10001841,ORD-1000736,PRD-10201,3,9.25,5
ITM-10001842,ORD-1000737,PRD-10202,1,10.50,10
ITM-10001843,ORD-1000737,PRD-10203,2,11.75,15
ITM-10001844,ORD-1000737,PRD-10204,3,12.00,20
ITM-10001845,ORD-1000738,PRD-10205,1,13.25,0
ITM-10001846,ORD-1000738,PRD-10206,2,14.50,5
ITM-10001847,ORD-1000739,PRD-10207,3,15.75,10
ITM-10001848,ORD-1000739,PRD-10208,1,16.00,15
ITM-10001849,ORD-1000739,PRD-10209,2,17.25,20
ITM-10001850,ORD-1000740,PRD-10025,3,18.50,0
ITM-10001851,ORD-1000740,PRD-10026,1,19.75,5
ITM-10001852,ORD-1000741,PRD-10027,2,20.00,10
ITM-10001853,ORD-1000741,PRD-10028,3,21.25,15
ITM-10001854,ORD-1000741,PRD-10029,1,22.50,20
ITM-10001855,ORD-1000742,PRD-10030,2,23.75,0
ITM-10001856,ORD-1000742,PRD-10031,3,24.00,5
ITM-10001857,ORD-1000743,PRD-10032,1,25.25,10
ITM-10001858,ORD-1000743,PRD-10033,2,26.50,15
ITM-10001859,ORD-1000743,PRD-10034,3,27.75,20
ITM-10001860,ORD-1000744,PRD-10035,1,28.00,0
ITM-10001861,ORD-1000744,PRD-10036,2,29.25,5
ITM-10001862,ORD-1000745,PRD-10037,3,30.50,10
ITM-10001863,ORD-1000745,PRD-10038,1,31.75,15
ITM-10001864,ORD-1000745,PRD-10039,2,32.00,20
ITM-10001865,ORD-1000746,PRD-10040,3,33.25,0
ITM-10001866,ORD-1000746,PRD-10041,1,34.50,5
ITM-10001867,ORD-1000747,PRD-10042,2,35.75,10
ITM-10001868,ORD-1000747,PRD-10043,3,36.00,15
ITM-10001869,ORD-1000747,PRD-10044,1,37.25,20
ITM-10001870,ORD-1000748,PRD-10045,2,38.50,0
ITM-10001871,ORD-1000748,PRD-10046,3,39.75,5
ITM-10001872,ORD-1000749,PRD-10047,1,40.00,10
ITM-10001873,ORD-1000749,PRD-10048,2,41.25,15
ITM-10001874,ORD-1000749,PRD-10049,3,42.50,20
ITM-10001875,ORD-1000750,PRD-10050,1,43.75,0
ITM-10001876,ORD-1000750,PRD-10051,2,44.00,5
ITM-10001877,ORD-1000751,PRD-10052,3,45.25,10
ITM-10001878,ORD-1000751,PRD-10053,1,46.50,15
ITM-10001879,ORD-1000751,PRD-10054,2,47.75,20
ITM-10001880,ORD-1000752,PRD-10055,3,8.00,0
ITM-10001881,ORD-1000752,PRD-10056,1,9.25,5
ITM-10001882,ORD-1000753,PRD-10057,2,10.50,10
ITM-10001883,ORD-1000753,PRD-10058,3,11.75,15
ITM-10001884,ORD-1000753,PRD-10059,1,12.00,20
ITM-10001885,ORD-1000754,PRD-10060,2,13.25,0
ITM-10001886,ORD-1000754,PRD-10061,3,14.50,5
ITM-10001887,ORD-1000755,PRD-10062,1,15.75,10
ITM-10001888,ORD-1000755,PRD-10063,2,16.00,15
ITM-10001889,ORD-1000755,PRD-10064,3,17.25,20
ITM-10001890,ORD-1000756,PRD-10065,1,18.50,0
ITM-10001891,ORD-1000756,PRD-10066,2,19.75,5
ITM-10001892,ORD-1000757,PRD-10067,3,20.00,10
ITM-10001893,ORD-1000757,PRD-10068,1,21.25,15
ITM-10001894,ORD-1000757,PRD-10069,2,22.50,20
ITM-10001895,ORD-1000758,PRD-10070,3,23.75,0
ITM-10001896,ORD-1000758,PRD-10071,1,24.00,5
ITM-10001897,ORD-1000759,PRD-10072,2,25.25,10
ITM-10001898,ORD-1000759,PRD-10073,3,26.50,15
ITM-10001899,ORD-1000759,PRD-10074,1,27.75,20
ITM-10001900,ORD-1000760,PRD-10075,2,28.00,0
ITM-10001901,ORD-1000760,PRD-10076,3,29.25,5
ITM-10001902,ORD-1000761,PRD-10077,1,30.50,10
ITM-10001903,ORD-1000761,PRD-10078,2,31.75,15
ITM-10001904,ORD-1000761,PRD-10079,3,32.00,20
ITM-10001905,ORD-1000762,PRD-10080,1,33.25,0
ITM-10001906,ORD-1000762,PRD-10081,2,34.50,5
ITM-10001907,ORD-1000763,PRD-10082,3,35.75,10
ITM-10001908,ORD-1000763,PRD-10083,1,36.00,15
ITM-10001909,ORD-1000763,PRD-10084,2,37.25,20
ITM-10001910,ORD-1000764,PRD-10085,3,38.50,0
ITM-10001911,ORD-1000764,PRD-10086,1,39.75,5
ITM-10001912,ORD-1000765,PRD-10087,2,40.00,10
ITM-10001913,ORD-1000765,PRD-10088,3,41.25,15
ITM-10001914,ORD-1000765,PRD-10089,1,42.50,20
ITM-10001915,ORD-1000766,PRD-10090,2,43.75,0
ITM-10001916,ORD-1000766,PRD-10091,3,44.00,5
ITM-10001917,ORD-1000767,PRD-10092,1,45.25,10
ITM-10001918,ORD-1000767,PRD-10093,2,46.50,15
ITM-10001919,ORD-1000767,PRD-10094,3,47.75,20
ITM-10001920,ORD-1000768,PRD-10095,1,8.00,0
ITM-10001921,ORD-1000768,PRD-10096,2,9.25,5
ITM-10001922,ORD-1000769,PRD-10097,3,10.50,10
ITM-10001923,ORD-1000769,PRD-10098,1,11.75,15
ITM-10001924,ORD-1000769,PRD-10099,2,12.00,20
ITM-10001925,ORD-1000770,PRD-10100,3,13.25,0
ITM-10001926,ORD-1000770,PRD-10101,1,14.50,5
ITM-10001927,ORD-1000771,PRD-10102,2,15.75,10
ITM-10001928,ORD-1000771,PRD-10103,3,16.00,15
ITM-10001929,ORD-1000771,PRD-10104,1,17.25,20
ITM-10001930,ORD-1000772,PRD-10105,2,18.50,0
ITM-10001931,ORD-1000772,PRD-10106,3,19.75,5
ITM-10001932,ORD-1000773,PRD-10107,1,20.00,10
ITM-10001933,ORD-1000773,PRD-10108,2,21.25,15
ITM-10001934,ORD-1000773,PRD-10109,3,22.50,20
ITM-10001935,ORD-1000774,PRD-10110,1,23.75,0
ITM-10001936,ORD-1000774,PRD-10111,2,24.00,5
ITM-10001937,ORD-1000775,PRD-10112,3,25.25,10
ITM-10001938,ORD-1000775,PRD-10113,1,26.50,15
ITM-10001939,ORD-1000775,PRD-10114,2,27.75,20
ITM-10001940,ORD-1000776,PRD-10115,3,28.00,0
ITM-10001941,ORD-1000776,PRD-10116,1,29.25,5
ITM-10001942,ORD-1000777,PRD-10117,2,30.50,10
ITM-10001943,ORD-1000777,PRD-10118,3,31.75,15
ITM-10001944,ORD-1000777,PRD-10119,1,32.00,20
ITM-10001945,ORD-1000778,PRD-10120,2,33.25,0
ITM-10001946,ORD-1000778,PRD-10121,3,34.50,5
ITM-10001947,ORD-1000779,PRD-10122,1,35.75,10
ITM-10001948,ORD-1000779,PRD-10123,2,36.00,15
ITM-10001949,ORD-1000779,PRD-10124,3,37.25,20
ITM-10001950,ORD-1000780,PRD-10125,1,38.50,0
ITM-10001951,ORD-1000780,PRD-10126,2,39.75,5
ITM-10001952,ORD-1000781,PRD-10127,3,40.00,10
ITM-10001953,ORD-1000781,PRD-10128,1,41.25,15
ITM-10001954,ORD-1000781,PRD-10129,2,42.50,20
ITM-10001955,ORD-1000782,PRD-10130,3,43.75,0
ITM-10001956,ORD-1000782,PRD-10131,1,44.00,5
ITM-10001957,ORD-1000783,PRD-10132,2,45.25,10
ITM-10001958,ORD-1000783,PRD-10133,3,46.50,15
ITM-10001959,ORD-1000783,PRD-10134,1,47.75,20
ITM-10001960,ORD-1000784,PRD-10135,2,8.00,0
ITM-10001961,ORD-1000784,PRD-10136,3,9.25,5
ITM-10001962,ORD-1000785,PRD-10137,1,10.50,10
ITM-10001963,ORD-1000785,PRD-10138,2,11.75,15
ITM-10001964,ORD-1000785,PRD-10139,3,12.00,20
ITM-10001965,ORD-1000786,PRD-10140,1,13.25,0
ITM-10001966,ORD-1000786,PRD-10141,2,14.50,5
ITM-10001967,ORD-1000787,PRD-10142,3,15.75,10
ITM-10001968,ORD-1000787,PRD-10143,1,16.00,15
ITM-10001969,ORD-1000787,PRD-10144,2,17.25,20
ITM-10001970,ORD-1000788,PRD-10145,3,18.50,0
ITM-10001971,ORD-1000788,PRD-10146,1,19.75,5
ITM-10001972,ORD-1000789,PRD-10147,2,20.00,10
ITM-10001973,ORD-1000789,PRD-10148,3,21.25,15
ITM-10001974,ORD-1000789,PRD-10149,1,22.50,20
ITM-10001975,ORD-1000790,PRD-10150,2,23.75,0
ITM-10001976,ORD-1000790,PRD-10151,3,24.00,5
ITM-10001977,ORD-1000791,PRD-10152,1,25.25,10
ITM-10001978,ORD-1000791,PRD-10153,2,26.50,15
ITM-10001979,ORD-1000791,PRD-10154,3,27.75,20
ITM-10001980,ORD-1000792,PRD-10155,1,28.00,0
ITM-10001981,ORD-1000792,PRD-10156,2,29.25,5
ITM-10001982,ORD-1000793,PRD-10157,3,30.50,10
ITM-10001983,ORD-1000793,PRD-10158,1,31.75,15
ITM-10001984,ORD-1000793,PRD-10159,2,32.00,20
ITM-10001985,ORD-1000794,PRD-10160,3,33.25,0
ITM-10001986,ORD-1000794,PRD-10161,1,34.50,5
ITM-10001987,ORD-1000795,PRD-10162,2,35.75,10
ITM-10001988,ORD-1000795,PRD-10163,3,36.00,15
ITM-10001989,ORD-1000795,PRD-10164,1,37.25,20
ITM-10001990,ORD-1000796,PRD-10165,2,38.50,0
ITM-10001991,ORD-1000796,PRD-10166,3,39.75,5
ITM-10001992,ORD-1000797,PRD-10167,1,40.00,10
ITM-10001993,ORD-1000797,PRD-10168,2,41.25,15
ITM-10001994,ORD-1000797,PRD-10169,3,42.50,20
ITM-10001995,ORD-1000798,PRD-10170,1,43.75,0
ITM-10001996,ORD-1000798,PRD-10171,2,44.00,5
ITM-10001997,ORD-1000799,PRD-10172,3,45.25,10
ITM-10001998,ORD-1000799,PRD-10173,1,46.50,15
ITM-10001999,ORD-1000799,PRD-10174,2,47.75,20
ITM-10002000,ORD-1000800,PRD-10175,3,8.00,0
ITM-10002001,ORD-1000800,PRD-10176,1,9.25,5
ITM-10002002,ORD-1000801,PRD-10177,2,10.50,10
ITM-10002003,ORD-1000801,PRD-10178,3,11.75,15
ITM-10002004,ORD-1000801,PRD-10179,1,12.00,20
ITM-10002005,ORD-1000802,PRD-10180,2,13.25,0
ITM-10002006,ORD-1000802,PRD-10181,3,14.50,5
ITM-10002007,ORD-1000803,PRD-10182,1,15.75,10
ITM-10002008,ORD-1000803,PRD-10183,2,16.00,15
ITM-10002009,ORD-1000803,PRD-10184,3,17.25,20
ITM-10002010,ORD-1000804,PRD-10185,1,18.50,0
ITM-10002011,ORD-1000804,PRD-10186,2,19.75,5
ITM-10002012,ORD-1000805,PRD-10187,3,20.00,10
ITM-10002013,ORD-1000805,PRD-10188,1,21.25,15
ITM-10002014,ORD-1000805,PRD-10189,2,22.50,20
ITM-10002015,ORD-1000806,PRD-10190,3,23.75,0
ITM-10002016,ORD-1000806,PRD-10191,1,24.00,5
ITM-10002017,ORD-1000807,PRD-10192,2,25.25,10
ITM-10002018,ORD-1000807,PRD-10193,3,26.50,15
ITM-10002019,ORD-1000807,PRD-10194,1,27.75,20
ITM-10002020,ORD-1000808,PRD-10195,2,28.00,0
ITM-10002021,ORD-1000808,PRD-10196,3,29.25,5
ITM-10002022,ORD-1000809,PRD-10197,1,30.50,10
ITM-10002023,ORD-1000809,PRD-10198,2,31.75,15
ITM-10002024,ORD-1000809,PRD-10199,3,32.00,20
ITM-10002025,ORD-1000810,PRD-10200,1,33.25,0
ITM-10002026,ORD-1000810,PRD-10201,2,34.50,5
ITM-10002027,ORD-1000811,PRD-10202,3,35.75,10
ITM-10002028,ORD-1000811,PRD-10203,1,36.00,15
ITM-10002029,ORD-1000811,PRD-10204,2,37.25,20
ITM-10002030,ORD-1000812,PRD-10205,3,38.50,0
ITM-10002031,ORD-1000812,PRD-10206,1,39.75,5
ITM-10002032,ORD-1000813,PRD-10207,2,40.00,10
ITM-10002033,ORD-1000813,PRD-10208,3,41.25,15
ITM-10002034,ORD-1000813,PRD-10209,1,42.50,20
ITM-10002035,ORD-1000814,PRD-10025,2,43.75,0
ITM-10002036,ORD-1000814,PRD-10026,3,44.00,5
ITM-10002037,ORD-1000815,PRD-10027,1,45.25,10
ITM-10002038,ORD-1000815,PRD-10028,2,46.50,15
ITM-10002039,ORD-1000815,PRD-10029,3,47.75,20
ITM-10002040,ORD-1000816,PRD-10030,1,8.00,0
ITM-10002041,ORD-1000816,PRD-10031,2,9.25,5
ITM-10002042,ORD-1000817,PRD-10032,3,10.50,10
ITM-10002043,ORD-1000817,PRD-10033,1,11.75,15
ITM-10002044,ORD-1000817,PRD-10034,2,12.00,20
ITM-10002045,ORD-1000818,PRD-10035,3,13.25,0
ITM-10002046,ORD-1000818,PRD-10036,1,14.50,5
ITM-10002047,ORD-1000819,PRD-10037,2,15.75,10
ITM-10002048,ORD-1000819,PRD-10038,3,16.00,15
ITM-10002049,ORD-1000819,PRD-10039,1,17.25,20
ITM-10002050,ORD-1000820,PRD-10040,2,18.50,0
ITM-10002051,ORD-1000820,PRD-10041,3,19.75,5
ITM-10002052,ORD-1000821,PRD-10042,1,20.00,10
ITM-10002053,ORD-1000821,PRD-10043,2,21.25,15
ITM-10002054,ORD-1000821,PRD-10044,3,22.50,20
ITM-10002055,ORD-1000822,PRD-10045,1,23.75,0
ITM-10002056,ORD-1000822,PRD-10046,2,24.00,5
ITM-10002057,ORD-1000823,PRD-10047,3,25.25,10
ITM-10002058,ORD-1000823,PRD-10048,1,26.50,15
ITM-10002059,ORD-1000823,PRD-10049,2,27.75,20
ITM-10002060,ORD-1000824,PRD-10050,3,28.00,0
ITM-10002061,ORD-1000824,PRD-10051,1,29.25,5
ITM-10002062,ORD-1000825,PRD-10052,2,30.50,10
ITM-10002063,ORD-1000825,PRD-10053,3,31.75,15
ITM-10002064,ORD-1000825,PRD-10054,1,32.00,20
ITM-10002065,ORD-1000826,PRD-10055,2,33.25,0
ITM-10002066,ORD-1000826,PRD-10056,3,34.50,5
ITM-10002067,ORD-1000827,PRD-10057,1,35.75,10
ITM-10002068,ORD-1000827,PRD-10058,2,36.00,15
ITM-10002069,ORD-1000827,PRD-10059,3,37.25,20
ITM-10002070,ORD-1000828,PRD-10060,1,38.50,0
ITM-10002071,ORD-1000828,PRD-10061,2,39.75,5
ITM-10002072,ORD-1000829,PRD-10062,3,40.00,10
ITM-10002073,ORD-1000829,PRD-10063,1,41.25,15
ITM-10002074,ORD-1000829,PRD-10064,2,42.50,20
ITM-10002075,ORD-1000830,PRD-10065,3,43.75,0
ITM-10002076,ORD-1000830,PRD-10066,1,44.00,5
ITM-10002077,ORD-1000831,PRD-10067,2,45.25,10
ITM-10002078,ORD-1000831,PRD-10068,3,46.50,15
ITM-10002079,ORD-1000831,PRD-10069,1,47.75,20
ITM-10002080,ORD-1000832,PRD-10070,2,8.00,0
ITM-10002081,ORD-1000832,PRD-10071,3,9.25,5
ITM-10002082,ORD-1000833,PRD-10072,1,10.50,10
ITM-10002083,ORD-1000833,PRD-10073,2,11.75,15
ITM-10002084,ORD-1000833,PRD-10074,3,12.00,20
ITM-10002085,ORD-1000834,PRD-10075,1,13.25,0
ITM-10002086,ORD-1000834,PRD-10076,2,14.50,5
ITM-10002087,ORD-1000835,PRD-10077,3,15.75,10
ITM-10002088,ORD-1000835,PRD-10078,1,16.00,15
ITM-10002089,ORD-1000835,PRD-10079,2,17.25,20
ITM-10002090,ORD-1000836,PRD-10080,3,18.50,0
ITM-10002091,ORD-1000836,PRD-10081,1,19.75,5
ITM-10002092,ORD-1000837,PRD-10082,2,20.00,10
ITM-10002093,ORD-1000837,PRD-10083,3,21.25,15
ITM-10002094,ORD-1000837,PRD-10084,1,22.50,20
ITM-10002095,ORD-1000838,PRD-10085,2,23.75,0
ITM-10002096,ORD-1000838,PRD-10086,3,24.00,5
ITM-10002097,ORD-1000839,PRD-10087,1,25.25,10
ITM-10002098,ORD-1000839,PRD-10088,2,26.50,15
ITM-10002099,ORD-1000839,PRD-10089,3,27.75,20
ITM-10002100,ORD-1000840,PRD-10090,1,28.00,0
ITM-10002101,ORD-1000840,PRD-10091,2,29.25,5
ITM-10002102,ORD-1000841,PRD-10092,3,30.50,10
ITM-10002103,ORD-1000841,PRD-10093,1,31.75,15
ITM-10002104,ORD-1000841,PRD-10094,2,32.00,20
ITM-10002105,ORD-1000842,PRD-10095,3,33.25,0
ITM-10002106,ORD-1000842,PRD-10096,1,34.50,5
ITM-10002107,ORD-1000843,PRD-10097,2,35.75,10
ITM-10002108,ORD-1000843,PRD-10098,3,36.00,15
ITM-10002109,ORD-1000843,PRD-10099,1,37.25,20
ITM-10002110,ORD-1000844,PRD-10100,2,38.50,0
ITM-10002111,ORD-1000844,PRD-10101,3,39.75,5
ITM-10002112,ORD-1000845,PRD-10102,1,40.00,10
ITM-10002113,ORD-1000845,PRD-10103,2,41.25,15
ITM-10002114,ORD-1000845,PRD-10104,3,42.50,20
ITM-10002115,ORD-1000846,PRD-10105,1,43.75,0
ITM-10002116,ORD-1000846,PRD-10106,2,44.00,5
ITM-10002117,ORD-1000847,PRD-10107,3,45.25,10
ITM-10002118,ORD-1000847,PRD-10108,1,46.50,15
ITM-10002119,ORD-1000847,PRD-10109,2,47.75,20
ITM-10002120,ORD-1000848,PRD-10110,3,8.00,0
ITM-10002121,ORD-1000848,PRD-10111,1,9.25,5
ITM-10002122,ORD-1000849,PRD-10112,2,10.50,10
ITM-10002123,ORD-1000849,PRD-10113,3,11.75,15
ITM-10002124,ORD-1000849,PRD-10114,1,12.00,20
ITM-10002125,ORD-1000850,PRD-10115,2,13.25,0
ITM-10002126,ORD-1000850,PRD-10116,3,14.50,5
ITM-10002127,ORD-1000851,PRD-10117,1,15.75,10
ITM-10002128,ORD-1000851,PRD-10118,2,16.00,15
ITM-10002129,ORD-1000851,PRD-10119,3,17.25,20
ITM-10002130,ORD-1000852,PRD-10120,1,18.50,0
ITM-10002131,ORD-1000852,PRD-10121,2,19.75,5
ITM-10002132,ORD-1000853,PRD-10122,3,20.00,10
ITM-10002133,ORD-1000853,PRD-10123,1,21.25,15
ITM-10002134,ORD-1000853,PRD-10124,2,22.50,20
ITM-10002135,ORD-1000854,PRD-10125,3,23.75,0
ITM-10002136,ORD-1000854,PRD-10126,1,24.00,5
ITM-10002137,ORD-1000855,PRD-10127,2,25.25,10
ITM-10002138,ORD-1000855,PRD-10128,3,26.50,15
ITM-10002139,ORD-1000855,PRD-10129,1,27.75,20
ITM-10002140,ORD-1000856,PRD-10130,2,28.00,0
ITM-10002141,ORD-1000856,PRD-10131,3,29.25,5
ITM-10002142,ORD-1000857,PRD-10132,1,30.50,10
ITM-10002143,ORD-1000857,PRD-10133,2,31.75,15
ITM-10002144,ORD-1000857,PRD-10134,3,32.00,20
ITM-10002145,ORD-1000858,PRD-10135,1,33.25,0
ITM-10002146,ORD-1000858,PRD-10136,2,34.50,5
ITM-10002147,ORD-1000859,PRD-10137,3,35.75,10
ITM-10002148,ORD-1000859,PRD-10138,1,36.00,15
ITM-10002149,ORD-1000859,PRD-10139,2,37.25,20
ITM-10002150,ORD-1000860,PRD-10140,3,38.50,0
ITM-10002151,ORD-1000860,PRD-10141,1,39.75,5
ITM-10002152,ORD-1000861,PRD-10142,2,40.00,10
ITM-10002153,ORD-1000861,PRD-10143,3,41.25,15
ITM-10002154,ORD-1000861,PRD-10144,1,42.50,20
ITM-10002155,ORD-1000862,PRD-10145,2,43.75,0
ITM-10002156,ORD-1000862,PRD-10146,3,44.00,5
ITM-10002157,ORD-1000863,PRD-10147,1,45.25,10
ITM-10002158,ORD-1000863,PRD-10148,2,46.50,15
ITM-10002159,ORD-1000863,PRD-10149,3,47.75,20
ITM-10002160,ORD-1000864,PRD-10150,1,8.00,0
ITM-10002161,ORD-1000864,PRD-10151,2,9.25,5
ITM-10002162,ORD-1000865,PRD-10152,3,10.50,10
ITM-10002163,ORD-1000865,PRD-10153,1,11.75,15
ITM-10002164,ORD-1000865,PRD-10154,2,12.00,20
ITM-10002165,ORD-1000866,PRD-10155,3,13.25,0
ITM-10002166,ORD-1000866,PRD-10156,1,14.50,5
ITM-10002167,ORD-1000867,PRD-10157,2,15.75,10
ITM-10002168,ORD-1000867,PRD-10158,3,16.00,15
ITM-10002169,ORD-1000867,PRD-10159,1,17.25,20
ITM-10002170,ORD-1000868,PRD-10160,2,18.50,0
ITM-10002171,ORD-1000868,PRD-10161,3,19.75,5
ITM-10002172,ORD-1000869,PRD-10162,1,20.00,10
ITM-10002173,ORD-1000869,PRD-10163,2,21.25,15
ITM-10002174,ORD-1000869,PRD-10164,3,22.50,20
ITM-10002175,ORD-1000870,PRD-10165,1,23.75,0
ITM-10002176,ORD-1000870,PRD-10166,2,24.00,5
ITM-10002177,ORD-1000871,PRD-10167,3,25.25,10
ITM-10002178,ORD-1000871,PRD-10168,1,26.50,15
ITM-10002179,ORD-1000871,PRD-10169,2,27.75,20
ITM-10002180,ORD-1000872,PRD-10170,3,28.00,0
ITM-10002181,ORD-1000872,PRD-10171,1,29.25,5
ITM-10002182,ORD-1000873,PRD-10172,2,30.50,10
ITM-10002183,ORD-1000873,PRD-10173,3,31.75,15
ITM-10002184,ORD-1000873,PRD-10174,1,32.00,20
ITM-10002185,ORD-1000874,PRD-10175,2,33.25,0
ITM-10002186,ORD-1000874,PRD-10176,3,34.50,5
ITM-10002187,ORD-1000875,PRD-10177,1,35.75,10
ITM-10002188,ORD-1000875,PRD-10178,2,36.00,15
ITM-10002189,ORD-1000875,PRD-10179,3,37.25,20
ITM-10002190,ORD-1000876,PRD-10180,1,38.50,0
ITM-10002191,ORD-1000876,PRD-10181,2,39.75,5
ITM-10002192,ORD-1000877,PRD-10182,3,40.00,10
ITM-10002193,ORD-1000877,PRD-10183,1,41.25,15
ITM-10002194,ORD-1000877,PRD-10184,2,42.50,20
ITM-10002195,ORD-1000878,PRD-10185,3,43.75,0
ITM-10002196,ORD-1000878,PRD-10186,1,44.00,5
ITM-10002197,ORD-1000879,PRD-10187,2,45.25,10
ITM-10002198,ORD-1000879,PRD-10188,3,46.50,15
ITM-10002199,ORD-1000879,PRD-10189,1,47.75,20
ITM-10002200,ORD-1000880,PRD-10190,2,8.00,0
ITM-10002201,ORD-1000880,PRD-10191,3,9.25,5
ITM-10002202,ORD-1000881,PRD-10192,1,10.50,10
ITM-10002203,ORD-1000881,PRD-10193,2,11.75,15
ITM-10002204,ORD-1000881,PRD-10194,3,12.00,20
ITM-10002205,ORD-1000882,PRD-10195,1,13.25,0
ITM-10002206,ORD-1000882,PRD-10196,2,14.50,5
ITM-10002207,ORD-1000883,PRD-10197,3,15.75,10
ITM-10002208,ORD-1000883,PRD-10198,1,16.00,15
ITM-10002209,ORD-1000883,PRD-10199,2,17.25,20
ITM-10002210,ORD-1000884,PRD-10200,3,18.50,0
ITM-10002211,ORD-1000884,PRD-10201,1,19.75,5
ITM-10002212,ORD-1000885,PRD-10202,2,20.00,10
ITM-10002213,ORD-1000885,PRD-10203,3,21.25,15
ITM-10002214,ORD-1000885,PRD-10204,1,22.50,20
ITM-10002215,ORD-1000886,PRD-10205,2,23.75,0
ITM-10002216,ORD-1000886,PRD-10206,3,24.00,5
ITM-10002217,ORD-1000887,PRD-10207,1,25.25,10
ITM-10002218,ORD-1000887,PRD-10208,2,26.50,15
ITM-10002219,ORD-1000887,PRD-10209,3,27.75,20
ITM-10002220,ORD-1000888,PRD-10025,1,28.00,0
ITM-10002221,ORD-1000888,PRD-10026,2,29.25,5
ITM-10002222,ORD-1000889,PRD-10027,3,30.50,10
ITM-10002223,ORD-1000889,PRD-10028,1,31.75,15
ITM-10002224,ORD-1000889,PRD-10029,2,32.00,20
ITM-10002225,ORD-1000890,PRD-10030,3,33.25,0
ITM-10002226,ORD-1000890,PRD-10031,1,34.50,5
ITM-10002227,ORD-1000891,PRD-10032,2,35.75,10
ITM-10002228,ORD-1000891,PRD-10033,3,36.00,15
ITM-10002229,ORD-1000891,PRD-10034,1,37.25,20
ITM-10002230,ORD-1000892,PRD-10035,2,38.50,0
ITM-10002231,ORD-1000892,PRD-10036,3,39.75,5
ITM-10002232,ORD-1000893,PRD-10037,1,40.00,10
ITM-10002233,ORD-1000893,PRD-10038,2,41.25,15
ITM-10002234,ORD-1000893,PRD-10039,3,42.50,20
ITM-10002235,ORD-1000894,PRD-10040,1,43.75,0
ITM-10002236,ORD-1000894,PRD-10041,2,44.00,5
ITM-10002237,ORD-1000895,PRD-10042,3,45.25,10
ITM-10002238,ORD-1000895,PRD-10043,1,46.50,15
ITM-10002239,ORD-1000895,PRD-10044,2,47.75,20
ITM-10002240,ORD-1000896,PRD-10045,3,8.00,0
ITM-10002241,ORD-1000896,PRD-10046,1,9.25,5
ITM-10002242,ORD-1000897,PRD-10047,2,10.50,10
ITM-10002243,ORD-1000897,PRD-10048,3,11.75,15
ITM-10002244,ORD-1000897,PRD-10049,1,12.00,20
ITM-10002245,ORD-1000898,PRD-10050,2,13.25,0
ITM-10002246,ORD-1000898,PRD-10051,3,14.50,5
ITM-10002247,ORD-1000899,PRD-10052,1,15.75,10
ITM-10002248,ORD-1000899,PRD-10053,2,16.00,15
ITM-10002249,ORD-1000899,PRD-10054,3,17.25,20
ITM-10002250,ORD-1000900,PRD-10055,1,18.50,0
ITM-10002251,ORD-1000900,PRD-10056,2,19.75,5
ITM-10002252,ORD-1000901,PRD-10057,3,20.00,10
ITM-10002253,ORD-1000901,PRD-10058,1,21.25,15
ITM-10002254,ORD-1000901,PRD-10059,2,22.50,20
ITM-10002255,ORD-1000902,PRD-10060,3,23.75,0
ITM-10002256,ORD-1000902,PRD-10061,1,24.00,5
ITM-10002257,ORD-1000903,PRD-10062,2,25.25,10
ITM-10002258,ORD-1000903,PRD-10063,3,26.50,15
ITM-10002259,ORD-1000903,PRD-10064,1,27.75,20
ITM-10002260,ORD-1000904,PRD-10065,2,28.00,0
ITM-10002261,ORD-1000904,PRD-10066,3,29.25,5
ITM-10002262,ORD-1000905,PRD-10067,1,30.50,10
ITM-10002263,ORD-1000905,PRD-10068,2,31.75,15
ITM-10002264,ORD-1000905,PRD-10069,3,32.00,20
ITM-10002265,ORD-1000906,PRD-10070,1,33.25,0
ITM-10002266,ORD-1000906,PRD-10071,2,34.50,5
ITM-10002267,ORD-1000907,PRD-10072,3,35.75,10
ITM-10002268,ORD-1000907,PRD-10073,1,36.00,15
ITM-10002269,ORD-1000907,PRD-10074,2,37.25,20
ITM-10002270,ORD-1000908,PRD-10075,3,38.50,0
ITM-10002271,ORD-1000908,PRD-10076,1,39.75,5
ITM-10002272,ORD-1000909,PRD-10077,2,40.00,10
ITM-10002273,ORD-1000909,PRD-10078,3,41.25,15
ITM-10002274,ORD-1000909,PRD-10079,1,42.50,20
ITM-10002275,ORD-1000910,PRD-10080,2,43.75,0
ITM-10002276,ORD-1000910,PRD-10081,3,44.00,5
ITM-10002277,ORD-1000911,PRD-10082,1,45.25,10
ITM-10002278,ORD-1000911,PRD-10083,2,46.50,15
ITM-10002279,ORD-1000911,PRD-10084,3,47.75,20
ITM-10002280,ORD-1000912,PRD-10085,1,8.00,0
ITM-10002281,ORD-1000912,PRD-10086,2,9.25,5
ITM-10002282,ORD-1000913,PRD-10087,3,10.50,10
ITM-10002283,ORD-1000913,PRD-10088,1,11.75,15
ITM-10002284,ORD-1000913,PRD-10089,2,12.00,20
ITM-10002285,ORD-1000914,PRD-10090,3,13.25,0
ITM-10002286,ORD-1000914,PRD-10091,1,14.50,5
ITM-10002287,ORD-1000915,PRD-10092,2,15.75,10
ITM-10002288,ORD-1000915,PRD-10093,3,16.00,15
ITM-10002289,ORD-1000915,PRD-10094,1,17.25,20
ITM-10002290,ORD-1000916,PRD-10095,2,18.50,0
ITM-10002291,ORD-1000916,PRD-10096,3,19.75,5
ITM-10002292,ORD-1000917,PRD-10097,1,20.00,10
ITM-10002293,ORD-1000917,PRD-10098,2,21.25,15
ITM-10002294,ORD-1000917,PRD-10099,3,22.50,20
ITM-10002295,ORD-1000918,PRD-10100,1,23.75,0
ITM-10002296,ORD-1000918,PRD-10101,2,24.00,5
ITM-10002297,ORD-1000919,PRD-10102,3,25.25,10
ITM-10002298,ORD-1000919,PRD-10103,1,26.50,15
ITM-10002299,ORD-1000919,PRD-10104,2,27.75,20
ITM-10002300,ORD-1000920,PRD-10105,3,28.00,0
ITM-10002301,ORD-1000920,PRD-10106,1,29.25,5
ITM-10002302,ORD-1000921,PRD-10107,2,30.50,10
ITM-10002303,ORD-1000921,PRD-10108,3,31.75,15
ITM-10002304,ORD-1000921,PRD-10109,1,32.00,20
ITM-10002305,ORD-1000922,PRD-10110,2,33.25,0
ITM-10002306,ORD-1000922,PRD-10111,3,34.50,5
ITM-10002307,ORD-1000923,PRD-10112,1,35.75,10
ITM-10002308,ORD-1000923,PRD-10113,2,36.00,15
ITM-10002309,ORD-1000923,PRD-10114,3,37.25,20
ITM-10002310,ORD-1000924,PRD-10115,1,38.50,0
ITM-10002311,ORD-1000924,PRD-10116,2,39.75,5
ITM-10002312,ORD-1000925,PRD-10117,3,40.00,10
ITM-10002313,ORD-1000925,PRD-10118,1,41.25,15
ITM-10002314,ORD-1000925,PRD-10119,2,42.50,20
ITM-10002315,ORD-1000926,PRD-10120,3,43.75,0
ITM-10002316,ORD-1000926,PRD-10121,1,44.00,5
ITM-10002317,ORD-1000927,PRD-10122,2,45.25,10
ITM-10002318,ORD-1000927,PRD-10123,3,46.50,15
ITM-10002319,ORD-1000927,PRD-10124,1,47.75,20
ITM-10002320,ORD-1000928,PRD-10125,2,8.00,0
ITM-10002321,ORD-1000928,PRD-10126,3,9.25,5
ITM-10002322,ORD-1000929,PRD-10127,1,10.50,10
ITM-10002323,ORD-1000929,PRD-10128,2,11.75,15
ITM-10002324,ORD-1000929,PRD-10129,3,12.00,20
ITM-10002325,ORD-1000930,PRD-10130,1,13.25,0
ITM-10002326,ORD-1000930,PRD-10131,2,14.50,5
ITM-10002327,ORD-1000931,PRD-10132,3,15.75,10
ITM-10002328,ORD-1000931,PRD-10133,1,16.00,15
ITM-10002329,ORD-1000931,PRD-10134,2,17.25,20
ITM-10002330,ORD-1000932,PRD-10135,3,18.50,0
ITM-10002331,ORD-1000932,PRD-10136,1,19.75,5
ITM-10002332,ORD-1000933,PRD-10137,2,20.00,10
ITM-10002333,ORD-1000933,PRD-10138,3,21.25,15
ITM-10002334,ORD-1000933,PRD-10139,1,22.50,20
ITM-10002335,ORD-1000934,PRD-10140,2,23.75,0
ITM-10002336,ORD-1000934,PRD-10141,3,24.00,5
ITM-10002337,ORD-1000935,PRD-10142,1,25.25,10
ITM-10002338,ORD-1000935,PRD-10143,2,26.50,15
ITM-10002339,ORD-1000935,PRD-10144,3,27.75,20
ITM-10002340,ORD-1000936,PRD-10145,1,28.00,0
ITM-10002341,ORD-1000936,PRD-10146,2,29.25,5
ITM-10002342,ORD-1000937,PRD-10147,3,30.50,10
ITM-10002343,ORD-1000937,PRD-10148,1,31.75,15
ITM-10002344,ORD-1000937,PRD-10149,2,32.00,20
ITM-10002345,ORD-1000938,PRD-10150,3,33.25,0
ITM-10002346,ORD-1000938,PRD-10151,1,34.50,5
ITM-10002347,ORD-1000939,PRD-10152,2,35.75,10
ITM-10002348,ORD-1000939,PRD-10153,3,36.00,15
ITM-10002349,ORD-1000939,PRD-10154,1,37.25,20
ITM-10002350,ORD-1000940,PRD-10155,2,38.50,0
ITM-10002351,ORD-1000940,PRD-10156,3,39.75,5
ITM-10002352,ORD-1000941,PRD-10157,1,40.00,10
ITM-10002353,ORD-1000941,PRD-10158,2,41.25,15
ITM-10002354,ORD-1000941,PRD-10159,3,42.50,20
ITM-10002355,ORD-1000942,PRD-10160,1,43.75,0
ITM-10002356,ORD-1000942,PRD-10161,2,44.00,5
ITM-10002357,ORD-1000943,PRD-10162,3,45.25,10
ITM-10002358,ORD-1000943,PRD-10163,1,46.50,15
ITM-10002359,ORD-1000943,PRD-10164,2,47.75,20
ITM-10002360,ORD-1000944,PRD-10165,3,8.00,0
ITM-10002361,ORD-1000944,PRD-10166,1,9.25,5
ITM-10002362,ORD-1000945,PRD-10167,2,10.50,10
ITM-10002363,ORD-1000945,PRD-10168,3,11.75,15
ITM-10002364,ORD-1000945,PRD-10169,1,12.00,20
ITM-10002365,ORD-1000946,PRD-10170,2,13.25,0
ITM-10002366,ORD-1000946,PRD-10171,3,14.50,5
ITM-10002367,ORD-1000947,PRD-10172,1,15.75,10
ITM-10002368,ORD-1000947,PRD-10173,2,16.00,15
ITM-10002369,ORD-1000947,PRD-10174,3,17.25,20
ITM-10002370,ORD-1000948,PRD-10175,1,18.50,0
ITM-10002371,ORD-1000948,PRD-10176,2,19.75,5
ITM-10002372,ORD-1000949,PRD-10177,3,20.00,10
ITM-10002373,ORD-1000949,PRD-10178,1,21.25,15
ITM-10002374,ORD-1000949,PRD-10179,2,22.50,20
ITM-10002375,ORD-1000950,PRD-10180,3,23.75,0
ITM-10002376,ORD-1000950,PRD-10181,1,24.00,5
ITM-10002377,ORD-1000951,PRD-10182,2,25.25,10
ITM-10002378,ORD-1000951,PRD-10183,3,26.50,15
ITM-10002379,ORD-1000951,PRD-10184,1,27.75,20
ITM-10002380,ORD-1000952,PRD-10185,2,28.00,0
ITM-10002381,ORD-1000952,PRD-10186,3,29.25,5
ITM-10002382,ORD-1000953,PRD-10187,1,30.50,10
ITM-10002383,ORD-1000953,PRD-10188,2,31.75,15
ITM-10002384,ORD-1000953,PRD-10189,3,32.00,20
ITM-10002385,ORD-1000954,PRD-10190,1,33.25,0
ITM-10002386,ORD-1000954,PRD-10191,2,34.50,5
ITM-10002387,ORD-1000955,PRD-10192,3,35.75,10
ITM-10002388,ORD-1000955,PRD-10193,1,36.00,15
ITM-10002389,ORD-1000955,PRD-10194,2,37.25,20
ITM-10002390,ORD-1000956,PRD-10195,3,38.50,0
ITM-10002391,ORD-1000956,PRD-10196,1,39.75,5
ITM-10002392,ORD-1000957,PRD-10197,2,40.00,10
ITM-10002393,ORD-1000957,PRD-10198,3,41.25,15
ITM-10002394,ORD-1000957,PRD-10199,1,42.50,20
ITM-10002395,ORD-1000958,PRD-10200,2,43.75,0
ITM-10002396,ORD-1000958,PRD-10201,3,44.00,5
ITM-10002397,ORD-1000959,PRD-10202,1,45.25,10
ITM-10002398,ORD-1000959,PRD-10203,2,46.50,15
ITM-10002399,ORD-1000959,PRD-10204,3,47.75,20
ITM-10002400,ORD-1000960,PRD-10205,1,8.00,0
ITM-10002401,ORD-1000960,PRD-10206,2,9.25,5
ITM-10002402,ORD-1000961,PRD-10207,3,10.50,10
ITM-10002403,ORD-1000961,PRD-10208,1,11.75,15
ITM-10002404,ORD-1000961,PRD-10209,2,12.00,20
ITM-10002405,ORD-1000962,PRD-10025,3,13.25,0
ITM-10002406,ORD-1000962,PRD-10026,1,14.50,5
ITM-10002407,ORD-1000963,PRD-10027,2,15.75,10
ITM-10002408,ORD-1000963,PRD-10028,3,16.00,15
ITM-10002409,ORD-1000963,PRD-10029,1,17.25,20
ITM-10002410,ORD-1000964,PRD-10030,2,18.50,0
ITM-10002411,ORD-1000964,PRD-10031,3,19.75,5
ITM-10002412,ORD-1000965,PRD-10032,1,20.00,10
ITM-10002413,ORD-1000965,PRD-10033,2,21.25,15
ITM-10002414,ORD-1000965,PRD-10034,3,22.50,20
ITM-10002415,ORD-1000966,PRD-10035,1,23.75,0
ITM-10002416,ORD-1000966,PRD-10036,2,24.00,5
ITM-10002417,ORD-1000967,PRD-10037,3,25.25,10
ITM-10002418,ORD-1000967,PRD-10038,1,26.50,15
ITM-10002419,ORD-1000967,PRD-10039,2,27.75,20
ITM-10002420,ORD-1000968,PRD-10040,3,28.00,0
ITM-10002421,ORD-1000968,PRD-10041,1,29.25,5
ITM-10002422,ORD-1000969,PRD-10042,2,30.50,10
ITM-10002423,ORD-1000969,PRD-10043,3,31.75,15
ITM-10002424,ORD-1000969,PRD-10044,1,32.00,20
ITM-10002425,ORD-1000970,PRD-10045,2,33.25,0
ITM-10002426,ORD-1000970,PRD-10046,3,34.50,5
ITM-10002427,ORD-1000971,PRD-10047,1,35.75,10
ITM-10002428,ORD-1000971,PRD-10048,2,36.00,15
ITM-10002429,ORD-1000971,PRD-10049,3,37.25,20
ITM-10002430,ORD-1000972,PRD-10050,1,38.50,0
ITM-10002431,ORD-1000972,PRD-10051,2,39.75,5
ITM-10002432,ORD-1000973,PRD-10052,3,40.00,10
ITM-10002433,ORD-1000973,PRD-10053,1,41.25,15
ITM-10002434,ORD-1000973,PRD-10054,2,42.50,20
ITM-10002435,ORD-1000974,PRD-10055,3,43.75,0
ITM-10002436,ORD-1000974,PRD-10056,1,44.00,5
ITM-10002437,ORD-1000975,PRD-10057,2,45.25,10
ITM-10002438,ORD-1000975,PRD-10058,3,46.50,15
ITM-10002439,ORD-1000975,PRD-10059,1,47.75,20
ITM-10002440,ORD-1000976,PRD-10060,2,8.00,0
ITM-10002441,ORD-1000976,PRD-10061,3,9.25,5
ITM-10002442,ORD-1000977,PRD-10062,1,10.50,10
ITM-10002443,ORD-1000977,PRD-10063,2,11.75,15
ITM-10002444,ORD-1000977,PRD-10064,3,12.00,20
ITM-10002445,ORD-1000978,PRD-10065,1,13.25,0
ITM-10002446,ORD-1000978,PRD-10066,2,14.50,5
ITM-10002447,ORD-1000979,PRD-10067,3,15.75,10
ITM-10002448,ORD-1000979,PRD-10068,1,16.00,15
ITM-10002449,ORD-1000979,PRD-10069,2,17.25,20
ITM-10002450,ORD-1000980,PRD-10070,3,18.50,0
ITM-10002451,ORD-1000980,PRD-10071,1,19.75,5
ITM-10002452,ORD-1000981,PRD-10072,2,20.00,10
ITM-10002453,ORD-1000981,PRD-10073,3,21.25,15
ITM-10002454,ORD-1000981,PRD-10074,1,22.50,20
ITM-10002455,ORD-1000982,PRD-10075,2,23.75,0
ITM-10002456,ORD-1000982,PRD-10076,3,24.00,5
ITM-10002457,ORD-1000983,PRD-10077,1,25.25,10
ITM-10002458,ORD-1000983,PRD-10078,2,26.50,15
ITM-10002459,ORD-1000983,PRD-10079,3,27.75,20
ITM-10002460,ORD-1000984,PRD-10080,1,28.00,0
ITM-10002461,ORD-1000984,PRD-10081,2,29.25,5
ITM-10002462,ORD-1000985,PRD-10082,3,30.50,10
ITM-10002463,ORD-1000985,PRD-10083,1,31.75,15
ITM-10002464,ORD-1000985,PRD-10084,2,32.00,20
ITM-10002465,ORD-1000986,PRD-10085,3,33.25,0
ITM-10002466,ORD-1000986,PRD-10086,1,34.50,5
ITM-10002467,ORD-1000987,PRD-10087,2,35.75,10
ITM-10002468,ORD-1000987,PRD-10088,3,36.00,15
ITM-10002469,ORD-1000987,PRD-10089,1,37.25,20
ITM-10002470,ORD-1000988,PRD-10090,2,38.50,0
ITM-10002471,ORD-1000988,PRD-10091,3,39.75,5
ITM-10002472,ORD-1000989,PRD-10092,1,40.00,10
ITM-10002473,ORD-1000989,PRD-10093,2,41.25,15
ITM-10002474,ORD-1000989,PRD-10094,3,42.50,20
ITM-10002475,ORD-1000990,PRD-10095,1,43.75,0
ITM-10002476,ORD-1000990,PRD-10096,2,44.00,5
ITM-10002477,ORD-1000991,PRD-10097,3,45.25,10
ITM-10002478,ORD-1000991,PRD-10098,1,46.50,15
ITM-10002479,ORD-1000991,PRD-10099,2,47.75,20
ITM-10002480,ORD-1000992,PRD-10100,3,8.00,0
ITM-10002481,ORD-1000992,PRD-10101,1,9.25,5
ITM-10002482,ORD-1000993,PRD-10102,2,10.50,10
ITM-10002483,ORD-1000993,PRD-10103,3,11.75,15
ITM-10002484,ORD-1000993,PRD-10104,1,12.00,20
ITM-10002485,ORD-1000994,PRD-10105,2,13.25,0
ITM-10002486,ORD-1000994,PRD-10106,3,14.50,5
ITM-10002487,ORD-1000995,PRD-10107,1,15.75,10
ITM-10002488,ORD-1000995,PRD-10108,2,16.00,15
ITM-10002489,ORD-1000995,PRD-10109,3,17.25,20
ITM-10002490,ORD-1000996,PRD-10110,1,18.50,0
ITM-10002491,ORD-1000996,PRD-10111,2,19.75,5
ITM-10002492,ORD-1000997,PRD-10112,3,20.00,10
ITM-10002493,ORD-1000997,PRD-10113,1,21.25,15
ITM-10002494,ORD-1000997,PRD-10114,2,22.50,20
ITM-10002495,ORD-1000998,PRD-10115,3,23.75,0
ITM-10002496,ORD-1000998,PRD-10116,1,24.00,5
ITM-10002497,ORD-1000999,PRD-10117,2,25.25,10
ITM-10002498,ORD-1000999,PRD-10118,3,26.50,15
ITM-10002499,ORD-1000999,PRD-10119,1,27.75,20
ITM-10002500,ORD-1001000,PRD-10120,2,28.00,0
ITM-10002501,ORD-1001000,PRD-10121,3,29.25,5
ITM-10002502,ORD-1001001,PRD-10122,1,30.50,10
ITM-10002503,ORD-1001001,PRD-10123,2,31.75,15
ITM-10002504,ORD-1001001,PRD-10124,3,32.00,20
ITM-10002505,ORD-1001002,PRD-10125,1,33.25,0
ITM-10002506,ORD-1001002,PRD-10126,2,34.50,5
ITM-10002507,ORD-1001003,PRD-10127,3,35.75,10
ITM-10002508,ORD-1001003,PRD-10128,1,36.00,15
ITM-10002509,ORD-1001003,PRD-10129,2,37.25,20
ITM-10002510,ORD-1001004,PRD-10130,3,38.50,0
ITM-10002511,ORD-1001004,PRD-10131,1,39.75,5
ITM-10002512,ORD-1001005,PRD-10132,2,40.00,10
ITM-10002513,ORD-1001005,PRD-10133,3,41.25,15
ITM-10002514,ORD-1001005,PRD-10134,1,42.50,20
ITM-10002515,ORD-1001006,PRD-10135,2,43.75,0
ITM-10002516,ORD-1001006,PRD-10136,3,44.00,5
ITM-10002517,ORD-1001007,PRD-10137,1,45.25,10
ITM-10002518,ORD-1001007,PRD-10138,2,46.50,15
ITM-10002519,ORD-1001007,PRD-10139,3,47.75,20
ITM-10002520,ORD-1001008,PRD-10140,1,8.00,0
ITM-10002521,ORD-1001008,PRD-10141,2,9.25,5
ITM-10002522,ORD-1001009,PRD-10142,3,10.50,10
ITM-10002523,ORD-1001009,PRD-10143,1,11.75,15
ITM-10002524,ORD-1001009,PRD-10144,2,12.00,20
ITM-10002525,ORD-1001010,PRD-10145,3,13.25,0
ITM-10002526,ORD-1001010,PRD-10146,1,14.50,5
ITM-10002527,ORD-1001011,PRD-10147,2,15.75,10
ITM-10002528,ORD-1001011,PRD-10148,3,16.00,15
ITM-10002529,ORD-1001011,PRD-10149,1,17.25,20
ITM-10002530,ORD-1001012,PRD-10150,2,18.50,0
ITM-10002531,ORD-1001012,PRD-10151,3,19.75,5
ITM-10002532,ORD-1001013,PRD-10152,1,20.00,10
ITM-10002533,ORD-1001013,PRD-10153,2,21.25,15
ITM-10002534,ORD-1001013,PRD-10154,3,22.50,20
ITM-10002535,ORD-1001014,PRD-10155,1,23.75,0
ITM-10002536,ORD-1001014,PRD-10156,2,24.00,5
ITM-10002537,ORD-1001015,PRD-10157,3,25.25,10
ITM-10002538,ORD-1001015,PRD-10158,1,26.50,15
ITM-10002539,ORD-1001015,PRD-10159,2,27.75,20
ITM-10002540,ORD-1001016,PRD-10160,3,28.00,0
ITM-10002541,ORD-1001016,PRD-10161,1,29.25,5
ITM-10002542,ORD-1001017,PRD-10162,2,30.50,10
ITM-10002543,ORD-1001017,PRD-10163,3,31.75,15
ITM-10002544,ORD-1001017,PRD-10164,1,32.00,20
ITM-10002545,ORD-1001018,PRD-10165,2,33.25,0
ITM-10002546,ORD-1001018,PRD-10166,3,34.50,5
ITM-10002547,ORD-1001019,PRD-10167,1,35.75,10
ITM-10002548,ORD-1001019,PRD-10168,2,36.00,15
ITM-10002549,ORD-1001019,PRD-10169,3,37.25,20
ITM-10002550,ORD-1001020,PRD-10170,1,38.50,0
ITM-10002551,ORD-1001020,PRD-10171,2,39.75,5
ITM-10002552,ORD-1001021,PRD-10172,3,40.00,10
ITM-10002553,ORD-1001021,PRD-10173,1,41.25,15
ITM-10002554,ORD-1001021,PRD-10174,2,42.50,20
ITM-10002555,ORD-1001022,PRD-10175,3,43.75,0
ITM-10002556,ORD-1001022,PRD-10176,1,44.00,5
ITM-10002557,ORD-1001023,PRD-10177,2,45.25,10
ITM-10002558,ORD-1001023,PRD-10178,3,46.50,15
ITM-10002559,ORD-1001023,PRD-10179,1,47.75,20
ITM-10002560,ORD-1001024,PRD-10180,2,8.00,0
ITM-10002561,ORD-1001024,PRD-10181,3,9.25,5
ITM-10002562,ORD-1001025,PRD-10182,1,10.50,10
ITM-10002563,ORD-1001025,PRD-10183,2,11.75,15
ITM-10002564,ORD-1001025,PRD-10184,3,12.00,20
ITM-10002565,ORD-1001026,PRD-10185,1,13.25,0
ITM-10002566,ORD-1001026,PRD-10186,2,14.50,5
ITM-10002567,ORD-1001027,PRD-10187,3,15.75,10
ITM-10002568,ORD-1001027,PRD-10188,1,16.00,15
ITM-10002569,ORD-1001027,PRD-10189,2,17.25,20
ITM-10002570,ORD-1001028,PRD-10190,3,18.50,0
ITM-10002571,ORD-1001028,PRD-10191,1,19.75,5
ITM-10002572,ORD-1001029,PRD-10192,2,20.00,10
ITM-10002573,ORD-1001029,PRD-10193,3,21.25,15
ITM-10002574,ORD-1001029,PRD-10194,1,22.50,20
ITM-10002575,ORD-1001030,PRD-10195,2,23.75,0
ITM-10002576,ORD-1001030,PRD-10196,3,24.00,5
ITM-10002577,ORD-1001031,PRD-10197,1,25.25,10
ITM-10002578,ORD-1001031,PRD-10198,2,26.50,15
ITM-10002579,ORD-1001031,PRD-10199,3,27.75,20
ITM-10002580,ORD-1001032,PRD-10200,1,28.00,0
ITM-10002581,ORD-1001032,PRD-10201,2,29.25,5
ITM-10002582,ORD-1001033,PRD-10202,3,30.50,10
ITM-10002583,ORD-1001033,PRD-10203,1,31.75,15
ITM-10002584,ORD-1001033,PRD-10204,2,32.00,20
ITM-10002585,ORD-1001034,PRD-10205,3,33.25,0
ITM-10002586,ORD-1001034,PRD-10206,1,34.50,5
ITM-10002587,ORD-1001035,PRD-10207,2,35.75,10
ITM-10002588,ORD-1001035,PRD-10208,3,36.00,15
ITM-10002589,ORD-1001035,PRD-10209,1,37.25,20
ITM-10002590,ORD-1001036,PRD-10025,2,38.50,0
ITM-10002591,ORD-1001036,PRD-10026,3,39.75,5
ITM-10002592,ORD-1001037,PRD-10027,1,40.00,10
ITM-10002593,ORD-1001037,PRD-10028,2,41.25,15
ITM-10002594,ORD-1001037,PRD-10029,3,42.50,20
ITM-10002595,ORD-1001038,PRD-10030,1,43.75,0
ITM-10002596,ORD-1001038,PRD-10031,2,44.00,5
ITM-10002597,ORD-1001039,PRD-10032,3,45.25,10
ITM-10002598,ORD-1001039,PRD-10033,1,46.50,15
ITM-10002599,ORD-1001039,PRD-10034,2,47.75,20
ITM-10002600,ORD-1001040,PRD-10035,3,8.00,0
ITM-10002601,ORD-1001040,PRD-10036,1,9.25,5
ITM-10002602,ORD-1001041,PRD-10037,2,10.50,10
ITM-10002603,ORD-1001041,PRD-10038,3,11.75,15
ITM-10002604,ORD-1001041,PRD-10039,1,12.00,20
ITM-10002605,ORD-1001042,PRD-10040,2,13.25,0
ITM-10002606,ORD-1001042,PRD-10041,3,14.50,5
ITM-10002607,ORD-1001043,PRD-10042,1,15.75,10
ITM-10002608,ORD-1001043,PRD-10043,2,16.00,15
ITM-10002609,ORD-1001043,PRD-10044,3,17.25,20
ITM-10002610,ORD-1001044,PRD-10045,1,18.50,0
ITM-10002611,ORD-1001044,PRD-10046,2,19.75,5
ITM-10002612,ORD-1001045,PRD-10047,3,20.00,10
ITM-10002613,ORD-1001045,PRD-10048,1,21.25,15
ITM-10002614,ORD-1001045,PRD-10049,2,22.50,20
ITM-10002615,ORD-1001046,PRD-10050,3,23.75,0
ITM-10002616,ORD-1001046,PRD-10051,1,24.00,5
ITM-10002617,ORD-1001047,PRD-10052,2,25.25,10
ITM-10002618,ORD-1001047,PRD-10053,3,26.50,15
ITM-10002619,ORD-1001047,PRD-10054,1,27.75,20
ITM-10002620,ORD-1001048,PRD-10055,2,28.00,0
ITM-10002621,ORD-1001048,PRD-10056,3,29.25,5
ITM-10002622,ORD-1001049,PRD-10057,1,30.50,10
ITM-10002623,ORD-1001049,PRD-10058,2,31.75,15
ITM-10002624,ORD-1001049,PRD-10059,3,32.00,20
ITM-10002625,ORD-1001050,PRD-10060,1,33.25,0
ITM-10002626,ORD-1001050,PRD-10061,2,34.50,5
ITM-10002627,ORD-1001051,PRD-10062,3,35.75,10
ITM-10002628,ORD-1001051,PRD-10063,1,36.00,15
ITM-10002629,ORD-1001051,PRD-10064,2,37.25,20
ITM-10002630,ORD-1001052,PRD-10065,3,38.50,0
ITM-10002631,ORD-1001052,PRD-10066,1,39.75,5
ITM-10002632,ORD-1001053,PRD-10067,2,40.00,10
ITM-10002633,ORD-1001053,PRD-10068,3,41.25,15
ITM-10002634,ORD-1001053,PRD-10069,1,42.50,20
ITM-10002635,ORD-1001054,PRD-10070,2,43.75,0
ITM-10002636,ORD-1001054,PRD-10071,3,44.00,5
ITM-10002637,ORD-1001055,PRD-10072,1,45.25,10
ITM-10002638,ORD-1001055,PRD-10073,2,46.50,15
ITM-10002639,ORD-1001055,PRD-10074,3,47.75,20
ITM-10002640,ORD-1001056,PRD-10075,1,8.00,0
ITM-10002641,ORD-1001056,PRD-10076,2,9.25,5
ITM-10002642,ORD-1001057,PRD-10077,3,10.50,10
ITM-10002643,ORD-1001057,PRD-10078,1,11.75,15
ITM-10002644,ORD-1001057,PRD-10079,2,12.00,20
ITM-10002645,ORD-1001058,PRD-10080,3,13.25,0
ITM-10002646,ORD-1001058,PRD-10081,1,14.50,5
ITM-10002647,ORD-1001059,PRD-10082,2,15.75,10
ITM-10002648,ORD-1001059,PRD-10083,3,16.00,15
ITM-10002649,ORD-1001059,PRD-10084,1,17.25,20
ITM-10002650,ORD-1001060,PRD-10085,2,18.50,0
ITM-10002651,ORD-1001060,PRD-10086,3,19.75,5
ITM-10002652,ORD-1001061,PRD-10087,1,20.00,10
ITM-10002653,ORD-1001061,PRD-10088,2,21.25,15
ITM-10002654,ORD-1001061,PRD-10089,3,22.50,20
ITM-10002655,ORD-1001062,PRD-10090,1,23.75,0
ITM-10002656,ORD-1001062,PRD-10091,2,24.00,5
ITM-10002657,ORD-1001063,PRD-10092,3,25.25,10
ITM-10002658,ORD-1001063,PRD-10093,1,26.50,15
ITM-10002659,ORD-1001063,PRD-10094,2,27.75,20
ITM-10002660,ORD-1001064,PRD-10095,3,28.00,0
ITM-10002661,ORD-1001064,PRD-10096,1,29.25,5
ITM-10002662,ORD-1001065,PRD-10097,2,30.50,10
ITM-10002663,ORD-1001065,PRD-10098,3,31.75,15
ITM-10002664,ORD-1001065,PRD-10099,1,32.00,20
ITM-10002665,ORD-1001066,PRD-10100,2,33.25,0
ITM-10002666,ORD-1001066,PRD-10101,3,34.50,5
ITM-10002667,ORD-1001067,PRD-10102,1,35.75,10
ITM-10002668,ORD-1001067,PRD-10103,2,36.00,15
ITM-10002669,ORD-1001067,PRD-10104,3,37.25,20
ITM-10002670,ORD-1001068,PRD-10105,1,38.50,0
ITM-10002671,ORD-1001068,PRD-10106,2,39.75,5
ITM-10002672,ORD-1001069,PRD-10107,3,40.00,10
ITM-10002673,ORD-1001069,PRD-10108,1,41.25,15
ITM-10002674,ORD-1001069,PRD-10109,2,42.50,20
ITM-10002675,ORD-1001070,PRD-10110,3,43.75,0
ITM-10002676,ORD-1001070,PRD-10111,1,44.00,5
ITM-10002677,ORD-1001071,PRD-10112,2,45.25,10
ITM-10002678,ORD-1001071,PRD-10113,3,46.50,15
ITM-10002679,ORD-1001071,PRD-10114,1,47.75,20
ITM-10002680,ORD-1001072,PRD-10115,2,8.00,0
ITM-10002681,ORD-1001072,PRD-10116,3,9.25,5
ITM-10002682,ORD-1001073,PRD-10117,1,10.50,10
ITM-10002683,ORD-1001073,PRD-10118,2,11.75,15
ITM-10002684,ORD-1001073,PRD-10119,3,12.00,20
ITM-10002685,ORD-1001074,PRD-10120,1,13.25,0
ITM-10002686,ORD-1001074,PRD-10121,2,14.50,5
ITM-10002687,ORD-1001075,PRD-10122,3,15.75,10
ITM-10002688,ORD-1001075,PRD-10123,1,16.00,15
ITM-10002689,ORD-1001075,PRD-10124,2,17.25,20
ITM-10002690,ORD-1001076,PRD-10125,3,18.50,0
ITM-10002691,ORD-1001076,PRD-10126,1,19.75,5
ITM-10002692,ORD-1001077,PRD-10127,2,20.00,10
ITM-10002693,ORD-1001077,PRD-10128,3,21.25,15
ITM-10002694,ORD-1001077,PRD-10129,1,22.50,20
ITM-10002695,ORD-1001078,PRD-10130,2,23.75,0
ITM-10002696,ORD-1001078,PRD-10131,3,24.00,5
ITM-10002697,ORD-1001079,PRD-10132,1,25.25,10
ITM-10002698,ORD-1001079,PRD-10133,2,26.50,15
ITM-10002699,ORD-1001079,PRD-10134,3,27.75,20
ITM-10002700,ORD-1001080,PRD-10135,1,28.00,0
ITM-10002701,ORD-1001080,PRD-10136,2,29.25,5
ITM-10002702,ORD-1001081,PRD-10137,3,30.50,10
ITM-10002703,ORD-1001081,PRD-10138,1,31.75,15
ITM-10002704,ORD-1001081,PRD-10139,2,32.00,20
ITM-10002705,ORD-1001082,PRD-10140,3,33.25,0
ITM-10002706,ORD-1001082,PRD-10141,1,34.50,5
ITM-10002707,ORD-1001083,PRD-10142,2,35.75,10
ITM-10002708,ORD-1001083,PRD-10143,3,36.00,15
ITM-10002709,ORD-1001083,PRD-10144,1,37.25,20
ITM-10002710,ORD-1001084,PRD-10145,2,38.50,0
ITM-10002711,ORD-1001084,PRD-10146,3,39.75,5
ITM-10002712,ORD-1001085,PRD-10147,1,40.00,10
ITM-10002713,ORD-1001085,PRD-10148,2,41.25,15
ITM-10002714,ORD-1001085,PRD-10149,3,42.50,20
ITM-10002715,ORD-1001086,PRD-10150,1,43.75,0
ITM-10002716,ORD-1001086,PRD-10151,2,44.00,5
ITM-10002717,ORD-1001087,PRD-10152,3,45.25,10
ITM-10002718,ORD-1001087,PRD-10153,1,46.50,15
ITM-10002719,ORD-1001087,PRD-10154,2,47.75,20
ITM-10002720,ORD-1001088,PRD-10155,3,8.00,0
ITM-10002721,ORD-1001088,PRD-10156,1,9.25,5
ITM-10002722,ORD-1001089,PRD-10157,2,10.50,10
ITM-10002723,ORD-1001089,PRD-10158,3,11.75,15
ITM-10002724,ORD-1001089,PRD-10159,1,12.00,20
ITM-10002725,ORD-1001090,PRD-10160,2,13.25,0
ITM-10002726,ORD-1001090,PRD-10161,3,14.50,5
ITM-10002727,ORD-1001091,PRD-10162,1,15.75,10
ITM-10002728,ORD-1001091,PRD-10163,2,16.00,15
ITM-10002729,ORD-1001091,PRD-10164,3,17.25,20
ITM-10002730,ORD-1001092,PRD-10165,1,18.50,0
ITM-10002731,ORD-1001092,PRD-10166,2,19.75,5
ITM-10002732,ORD-1001093,PRD-10167,3,20.00,10
ITM-10002733,ORD-1001093,PRD-10168,1,21.25,15
ITM-10002734,ORD-1001093,PRD-10169,2,22.50,20
ITM-10002735,ORD-1001094,PRD-10170,3,23.75,0
ITM-10002736,ORD-1001094,PRD-10171,1,24.00,5
ITM-10002737,ORD-1001095,PRD-10172,2,25.25,10
ITM-10002738,ORD-1001095,PRD-10173,3,26.50,15
ITM-10002739,ORD-1001095,PRD-10174,1,27.75,20
ITM-10002740,ORD-1001096,PRD-10175,2,28.00,0
ITM-10002741,ORD-1001096,PRD-10176,3,29.25,5
ITM-10002742,ORD-1001097,PRD-10177,1,30.50,10
ITM-10002743,ORD-1001097,PRD-10178,2,31.75,15
ITM-10002744,ORD-1001097,PRD-10179,3,32.00,20
ITM-10002745,ORD-1001098,PRD-10180,1,33.25,0
ITM-10002746,ORD-1001098,PRD-10181,2,34.50,5
ITM-10002747,ORD-1001099,PRD-10182,3,35.75,10
ITM-10002748,ORD-1001099,PRD-10183,1,36.00,15
ITM-10002749,ORD-1001099,PRD-10184,2,37.25,20
ITM-10002750,ORD-1001100,PRD-10185,3,38.50,0
ITM-10002751,ORD-1001100,PRD-10186,1,39.75,5
ITM-10002752,ORD-1001101,PRD-10187,2,40.00,10
ITM-10002753,ORD-1001101,PRD-10188,3,41.25,15
ITM-10002754,ORD-1001101,PRD-10189,1,42.50,20
ITM-10002755,ORD-1001102,PRD-10190,2,43.75,0
ITM-10002756,ORD-1001102,PRD-10191,3,44.00,5
ITM-10002757,ORD-1001103,PRD-10192,1,45.25,10
ITM-10002758,ORD-1001103,PRD-10193,2,46.50,15
ITM-10002759,ORD-1001103,PRD-10194,3,47.75,20
ITM-10002760,ORD-1001104,PRD-10195,1,8.00,0
ITM-10002761,ORD-1001104,PRD-10196,2,9.25,5
ITM-10002762,ORD-1001105,PRD-10197,3,10.50,10
ITM-10002763,ORD-1001105,PRD-10198,1,11.75,15
ITM-10002764,ORD-1001105,PRD-10199,2,12.00,20
ITM-10002765,ORD-1001106,PRD-10200,3,13.25,0
ITM-10002766,ORD-1001106,PRD-10201,1,14.50,5
ITM-10002767,ORD-1001107,PRD-10202,2,15.75,10
ITM-10002768,ORD-1001107,PRD-10203,3,16.00,15
ITM-10002769,ORD-1001107,PRD-10204,1,17.25,20
ITM-10002770,ORD-1001108,PRD-10205,2,18.50,0
ITM-10002771,ORD-1001108,PRD-10206,3,19.75,5
ITM-10002772,ORD-1001109,PRD-10207,1,20.00,10
ITM-10002773,ORD-1001109,PRD-10208,2,21.25,15
ITM-10002774,ORD-1001109,PRD-10209,3,22.50,20
ITM-10002775,ORD-1001110,PRD-10025,1,23.75,0
ITM-10002776,ORD-1001110,PRD-10026,2,24.00,5
ITM-10002777,ORD-1001111,PRD-10027,3,25.25,10
ITM-10002778,ORD-1001111,PRD-10028,1,26.50,15
ITM-10002779,ORD-1001111,PRD-10029,2,27.75,20
ITM-10002780,ORD-1001112,PRD-10030,3,28.00,0
ITM-10002781,ORD-1001112,PRD-10031,1,29.25,5
ITM-10002782,ORD-1001113,PRD-10032,2,30.50,10
ITM-10002783,ORD-1001113,PRD-10033,3,31.75,15
ITM-10002784,ORD-1001113,PRD-10034,1,32.00,20
ITM-10002785,ORD-1001114,PRD-10035,2,33.25,0
ITM-10002786,ORD-1001114,PRD-10036,3,34.50,5
ITM-10002787,ORD-1001115,PRD-10037,1,35.75,10
ITM-10002788,ORD-1001115,PRD-10038,2,36.00,15
ITM-10002789,ORD-1001115,PRD-10039,3,37.25,20
ITM-10002790,ORD-1001116,PRD-10040,1,38.50,0
ITM-10002791,ORD-1001116,PRD-10041,2,39.75,5
ITM-10002792,ORD-1001117,PRD-10042,3,40.00,10
ITM-10002793,ORD-1001117,PRD-10043,1,41.25,15
ITM-10002794,ORD-1001117,PRD-10044,2,42.50,20
ITM-10002795,ORD-1001118,PRD-10045,3,43.75,0
ITM-10002796,ORD-1001118,PRD-10046,1,44.00,5
ITM-10002797,ORD-1001119,PRD-10047,2,45.25,10
ITM-10002798,ORD-1001119,PRD-10048,3,46.50,15
ITM-10002799,ORD-1001119,PRD-10049,1,47.75,20
ITM-10002800,ORD-1001120,PRD-10050,2,8.00,0
ITM-10002801,ORD-1001120,PRD-10051,3,9.25,5
ITM-10002802,ORD-1001121,PRD-10052,1,10.50,10
ITM-10002803,ORD-1001121,PRD-10053,2,11.75,15
ITM-10002804,ORD-1001121,PRD-10054,3,12.00,20
ITM-10002805,ORD-1001122,PRD-10055,1,13.25,0
ITM-10002806,ORD-1001122,PRD-10056,2,14.50,5
ITM-10002807,ORD-1001123,PRD-10057,3,15.75,10
ITM-10002808,ORD-1001123,PRD-10058,1,16.00,15
ITM-10002809,ORD-1001123,PRD-10059,2,17.25,20
ITM-10002810,ORD-1001124,PRD-10060,3,18.50,0
ITM-10002811,ORD-1001124,PRD-10061,1,19.75,5
ITM-10002812,ORD-1001125,PRD-10062,2,20.00,10
ITM-10002813,ORD-1001125,PRD-10063,3,21.25,15
ITM-10002814,ORD-1001125,PRD-10064,1,22.50,20
ITM-10002815,ORD-1001126,PRD-10065,2,23.75,0
ITM-10002816,ORD-1001126,PRD-10066,3,24.00,5
ITM-10002817,ORD-1001127,PRD-10067,1,25.25,10
ITM-10002818,ORD-1001127,PRD-10068,2,26.50,15
ITM-10002819,ORD-1001127,PRD-10069,3,27.75,20
ITM-10002820,ORD-1001128,PRD-10070,1,28.00,0
ITM-10002821,ORD-1001128,PRD-10071,2,29.25,5
ITM-10002822,ORD-1001129,PRD-10072,3,30.50,10
ITM-10002823,ORD-1001129,PRD-10073,1,31.75,15
ITM-10002824,ORD-1001129,PRD-10074,2,32.00,20
ITM-10002825,ORD-1001130,PRD-10075,3,33.25,0
ITM-10002826,ORD-1001130,PRD-10076,1,34.50,5
ITM-10002827,ORD-1001131,PRD-10077,2,35.75,10
ITM-10002828,ORD-1001131,PRD-10078,3,36.00,15
ITM-10002829,ORD-1001131,PRD-10079,1,37.25,20
ITM-10002830,ORD-1001132,PRD-10080,2,38.50,0
ITM-10002831,ORD-1001132,PRD-10081,3,39.75,5
ITM-10002832,ORD-1001133,PRD-10082,1,40.00,10
ITM-10002833,ORD-1001133,PRD-10083,2,41.25,15
ITM-10002834,ORD-1001133,PRD-10084,3,42.50,20
ITM-10002835,ORD-1001134,PRD-10085,1,43.75,0
ITM-10002836,ORD-1001134,PRD-10086,2,44.00,5
ITM-10002837,ORD-1001135,PRD-10087,3,45.25,10
ITM-10002838,ORD-1001135,PRD-10088,1,46.50,15
ITM-10002839,ORD-1001135,PRD-10089,2,47.75,20
ITM-10002840,ORD-1001136,PRD-10090,3,8.00,0
ITM-10002841,ORD-1001136,PRD-10091,1,9.25,5
ITM-10002842,ORD-1001137,PRD-10092,2,10.50,10
ITM-10002843,ORD-1001137,PRD-10093,3,11.75,15
ITM-10002844,ORD-1001137,PRD-10094,1,12.00,20
ITM-10002845,ORD-1001138,PRD-10095,2,13.25,0
ITM-10002846,ORD-1001138,PRD-10096,3,14.50,5
ITM-10002847,ORD-1001139,PRD-10097,1,15.75,10
ITM-10002848,ORD-1001139,PRD-10098,2,16.00,15
ITM-10002849,ORD-1001139,PRD-10099,3,17.25,20
ITM-10002850,ORD-1001140,PRD-10100,1,18.50,0
ITM-10002851,ORD-1001140,PRD-10101,2,19.75,5
ITM-10002852,ORD-1001141,PRD-10102,3,20.00,10
ITM-10002853,ORD-1001141,PRD-10103,1,21.25,15
ITM-10002854,ORD-1001141,PRD-10104,2,22.50,20
ITM-10002855,ORD-1001142,PRD-10105,3,23.75,0
ITM-10002856,ORD-1001142,PRD-10106,1,24.00,5
ITM-10002857,ORD-1001143,PRD-10107,2,25.25,10
ITM-10002858,ORD-1001143,PRD-10108,3,26.50,15
ITM-10002859,ORD-1001143,PRD-10109,1,27.75,20
ITM-10002860,ORD-1001144,PRD-10110,2,28.00,0
ITM-10002861,ORD-1001144,PRD-10111,3,29.25,5
ITM-10002862,ORD-1001145,PRD-10112,1,30.50,10
ITM-10002863,ORD-1001145,PRD-10113,2,31.75,15
ITM-10002864,ORD-1001145,PRD-10114,3,32.00,20
ITM-10002865,ORD-1001146,PRD-10115,1,33.25,0
ITM-10002866,ORD-1001146,PRD-10116,2,34.50,5
ITM-10002867,ORD-1001147,PRD-10117,3,35.75,10
ITM-10002868,ORD-1001147,PRD-10118,1,36.00,15
ITM-10002869,ORD-1001147,PRD-10119,2,37.25,20
ITM-10002870,ORD-1001148,PRD-10120,3,38.50,0
ITM-10002871,ORD-1001148,PRD-10121,1,39.75,5
ITM-10002872,ORD-1001149,PRD-10122,2,40.00,10
ITM-10002873,ORD-1001149,PRD-10123,3,41.25,15
ITM-10002874,ORD-1001149,PRD-10124,1,42.50,20
ITM-10002875,ORD-1001150,PRD-10125,2,43.75,0
ITM-10002876,ORD-1001150,PRD-10126,3,44.00,5
ITM-10002877,ORD-1001151,PRD-10127,1,45.25,10
ITM-10002878,ORD-1001151,PRD-10128,2,46.50,15
ITM-10002879,ORD-1001151,PRD-10129,3,47.75,20
ITM-10002880,ORD-1001152,PRD-10130,1,8.00,0
ITM-10002881,ORD-1001152,PRD-10131,2,9.25,5
ITM-10002882,ORD-1001153,PRD-10132,3,10.50,10
ITM-10002883,ORD-1001153,PRD-10133,1,11.75,15
ITM-10002884,ORD-1001153,PRD-10134,2,12.00,20
ITM-10002885,ORD-1001154,PRD-10135,3,13.25,0
ITM-10002886,ORD-1001154,PRD-10136,1,14.50,5
ITM-10002887,ORD-1001155,PRD-10137,2,15.75,10
ITM-10002888,ORD-1001155,PRD-10138,3,16.00,15
ITM-10002889,ORD-1001155,PRD-10139,1,17.25,20
ITM-10002890,ORD-1001156,PRD-10140,2,18.50,0
ITM-10002891,ORD-1001156,PRD-10141,3,19.75,5
ITM-10002892,ORD-1001157,PRD-10142,1,20.00,10
ITM-10002893,ORD-1001157,PRD-10143,2,21.25,15
ITM-10002894,ORD-1001157,PRD-10144,3,22.50,20
ITM-10002895,ORD-1001158,PRD-10145,1,23.75,0
ITM-10002896,ORD-1001158,PRD-10146,2,24.00,5
ITM-10002897,ORD-1001159,PRD-10147,3,25.25,10
ITM-10002898,ORD-1001159,PRD-10148,1,26.50,15
ITM-10002899,ORD-1001159,PRD-10149,2,27.75,20
ITM-10002900,ORD-1001160,PRD-10150,3,28.00,0
ITM-10002901,ORD-1001160,PRD-10151,1,29.25,5
ITM-10002902,ORD-1001161,PRD-10152,2,30.50,10
ITM-10002903,ORD-1001161,PRD-10153,3,31.75,15
ITM-10002904,ORD-1001161,PRD-10154,1,32.00,20
ITM-10002905,ORD-1001162,PRD-10155,2,33.25,0
ITM-10002906,ORD-1001162,PRD-10156,3,34.50,5
ITM-10002907,ORD-1001163,PRD-10157,1,35.75,10
ITM-10002908,ORD-1001163,PRD-10158,2,36.00,15
ITM-10002909,ORD-1001163,PRD-10159,3,37.25,20
ITM-10002910,ORD-1001164,PRD-10160,1,38.50,0
ITM-10002911,ORD-1001164,PRD-10161,2,39.75,5
ITM-10002912,ORD-1001165,PRD-10162,3,40.00,10
ITM-10002913,ORD-1001165,PRD-10163,1,41.25,15
ITM-10002914,ORD-1001165,PRD-10164,2,42.50,20
ITM-10002915,ORD-1001166,PRD-10165,3,43.75,0
ITM-10002916,ORD-1001166,PRD-10166,1,44.00,5
ITM-10002917,ORD-1001167,PRD-10167,2,45.25,10
ITM-10002918,ORD-1001167,PRD-10168,3,46.50,15
ITM-10002919,ORD-1001167,PRD-10169,1,47.75,20
ITM-10002920,ORD-1001168,PRD-10170,2,8.00,0
ITM-10002921,ORD-1001168,PRD-10171,3,9.25,5
ITM-10002922,ORD-1001169,PRD-10172,1,10.50,10
ITM-10002923,ORD-1001169,PRD-10173,2,11.75,15
ITM-10002924,ORD-1001169,PRD-10174,3,12.00,20
ITM-10002925,ORD-1001170,PRD-10175,1,13.25,0
ITM-10002926,ORD-1001170,PRD-10176,2,14.50,5
ITM-10002927,ORD-1001171,PRD-10177,3,15.75,10
ITM-10002928,ORD-1001171,PRD-10178,1,16.00,15
ITM-10002929,ORD-1001171,PRD-10179,2,17.25,20
ITM-10002930,ORD-1001172,PRD-10180,3,18.50,0
ITM-10002931,ORD-1001172,PRD-10181,1,19.75,5
ITM-10002932,ORD-1001173,PRD-10182,2,20.00,10
ITM-10002933,ORD-1001173,PRD-10183,3,21.25,15
ITM-10002934,ORD-1001173,PRD-10184,1,22.50,20
ITM-10002935,ORD-1001174,PRD-10185,2,23.75,0
ITM-10002936,ORD-1001174,PRD-10186,3,24.00,5
ITM-10002937,ORD-1001175,PRD-10187,1,25.25,10
ITM-10002938,ORD-1001175,PRD-10188,2,26.50,15
ITM-10002939,ORD-1001175,PRD-10189,3,27.75,20
ITM-10002940,ORD-1001176,PRD-10190,1,28.00,0
ITM-10002941,ORD-1001176,PRD-10191,2,29.25,5
ITM-10002942,ORD-1001177,PRD-10192,3,30.50,10
ITM-10002943,ORD-1001177,PRD-10193,1,31.75,15
ITM-10002944,ORD-1001177,PRD-10194,2,32.00,20
ITM-10002945,ORD-1001178,PRD-10195,3,33.25,0
ITM-10002946,ORD-1001178,PRD-10196,1,34.50,5
ITM-10002947,ORD-1001179,PRD-10197,2,35.75,10
ITM-10002948,ORD-1001179,PRD-10198,3,36.00,15
ITM-10002949,ORD-1001179,PRD-10199,1,37.25,20
ITM-10002950,ORD-1001180,PRD-10200,2,38.50,0
ITM-10002951,ORD-1001180,PRD-10201,3,39.75,5
ITM-10002952,ORD-1001181,PRD-10202,1,40.00,10
ITM-10002953,ORD-1001181,PRD-10203,2,41.25,15
ITM-10002954,ORD-1001181,PRD-10204,3,42.50,20
ITM-10002955,ORD-1001182,PRD-10205,1,43.75,0
ITM-10002956,ORD-1001182,PRD-10206,2,44.00,5
ITM-10002957,ORD-1001183,PRD-10207,3,45.25,10
ITM-10002958,ORD-1001183,PRD-10208,1,46.50,15
ITM-10002959,ORD-1001183,PRD-10209,2,47.75,20
ITM-10002960,ORD-1001184,PRD-10025,3,8.00,0
ITM-10002961,ORD-1001184,PRD-10026,1,9.25,5
ITM-10002962,ORD-1001185,PRD-10027,2,10.50,10
ITM-10002963,ORD-1001185,PRD-10028,3,11.75,15
ITM-10002964,ORD-1001185,PRD-10029,1,12.00,20
ITM-10002965,ORD-1001186,PRD-10030,2,13.25,0
ITM-10002966,ORD-1001186,PRD-10031,3,14.50,5
ITM-10002967,ORD-1001187,PRD-10032,1,15.75,10
ITM-10002968,ORD-1001187,PRD-10033,2,16.00,15
ITM-10002969,ORD-1001187,PRD-10034,3,17.25,20
ITM-10002970,ORD-1001188,PRD-10035,1,18.50,0
ITM-10002971,ORD-1001188,PRD-10036,2,19.75,5
ITM-10002972,ORD-1001189,PRD-10037,3,20.00,10
ITM-10002973,ORD-1001189,PRD-10038,1,21.25,15
ITM-10002974,ORD-1001189,PRD-10039,2,22.50,20
ITM-10002975,ORD-1001190,PRD-10040,3,23.75,0
ITM-10002976,ORD-1001190,PRD-10041,1,24.00,5
ITM-10002977,ORD-1001191,PRD-10042,2,25.25,10
ITM-10002978,ORD-1001191,PRD-10043,3,26.50,15
ITM-10002979,ORD-1001191,PRD-10044,1,27.75,20
ITM-10002980,ORD-1001192,PRD-10045,2,28.00,0
ITM-10002981,ORD-1001192,PRD-10046,3,29.25,5
ITM-10002982,ORD-1001193,PRD-10047,1,30.50,10
ITM-10002983,ORD-1001193,PRD-10048,2,31.75,15
ITM-10002984,ORD-1001193,PRD-10049,3,32.00,20
ITM-10002985,ORD-1001194,PRD-10050,1,33.25,0
ITM-10002986,ORD-1001194,PRD-10051,2,34.50,5
ITM-10002987,ORD-1001195,PRD-10052,3,35.75,10
ITM-10002988,ORD-1001195,PRD-10053,1,36.00,15
ITM-10002989,ORD-1001195,PRD-10054,2,37.25,20
ITM-10002990,ORD-1001196,PRD-10055,3,38.50,0
ITM-10002991,ORD-1001196,PRD-10056,1,39.75,5
ITM-10002992,ORD-1001197,PRD-10057,2,40.00,10
ITM-10002993,ORD-1001197,PRD-10058,3,41.25,15
ITM-10002994,ORD-1001197,PRD-10059,1,42.50,20
ITM-10002995,ORD-1001198,PRD-10060,2,43.75,0
ITM-10002996,ORD-1001198,PRD-10061,3,44.00,5
ITM-10002997,ORD-1001199,PRD-10062,1,45.25,10
ITM-10002998,ORD-1001199,PRD-10063,2,46.50,15
ITM-10002999,ORD-1001199,PRD-10064,3,47.75,20
ITM-10003000,ORD-1001200,PRD-10065,1,8.00,0
ITM-10003001,ORD-1001200,PRD-10066,2,9.25,5
ITM-10003002,ORD-1001201,PRD-10067,3,10.50,10
ITM-10003003,ORD-1001201,PRD-10068,1,11.75,15
ITM-10003004,ORD-1001201,PRD-10069,2,12.00,20
ITM-10003005,ORD-1001202,PRD-10070,3,13.25,0
ITM-10003006,ORD-1001202,PRD-10071,1,14.50,5
ITM-10003007,ORD-1001203,PRD-10072,2,15.75,10
ITM-10003008,ORD-1001203,PRD-10073,3,16.00,15
ITM-10003009,ORD-1001203,PRD-10074,1,17.25,20
ITM-10003010,ORD-1001204,PRD-10075,2,18.50,0
ITM-10003011,ORD-1001204,PRD-10076,3,19.75,5
ITM-10003012,ORD-1001205,PRD-10077,1,20.00,10
ITM-10003013,ORD-1001205,PRD-10078,2,21.25,15
ITM-10003014,ORD-1001205,PRD-10079,3,22.50,20
ITM-10003015,ORD-1001206,PRD-10080,1,23.75,0
ITM-10003016,ORD-1001206,PRD-10081,2,24.00,5
ITM-10003017,ORD-1001207,PRD-10082,3,25.25,10
ITM-10003018,ORD-1001207,PRD-10083,1,26.50,15
ITM-10003019,ORD-1001207,PRD-10084,2,27.75,20
ITM-10003020,ORD-1001208,PRD-10085,3,28.00,0
ITM-10003021,ORD-1001208,PRD-10086,1,29.25,5
ITM-10003022,ORD-1001209,PRD-10087,2,30.50,10
ITM-10003023,ORD-1001209,PRD-10088,3,31.75,15
ITM-10003024,ORD-1001209,PRD-10089,1,32.00,20
ITM-10003025,ORD-1001210,PRD-10090,2,33.25,0
ITM-10003026,ORD-1001210,PRD-10091,3,34.50,5
ITM-10003027,ORD-1001211,PRD-10092,1,35.75,10
ITM-10003028,ORD-1001211,PRD-10093,2,36.00,15
ITM-10003029,ORD-1001211,PRD-10094,3,37.25,20
ITM-10003030,ORD-1001212,PRD-10095,1,38.50,0
ITM-10003031,ORD-1001212,PRD-10096,2,39.75,5
ITM-10003032,ORD-1001213,PRD-10097,3,40.00,10
ITM-10003033,ORD-1001213,PRD-10098,1,41.25,15
ITM-10003034,ORD-1001213,PRD-10099,2,42.50,20
ITM-10003035,ORD-1001214,PRD-10100,3,43.75,0
ITM-10003036,ORD-1001214,PRD-10101,1,44.00,5
ITM-10003037,ORD-1001215,PRD-10102,2,45.25,10
ITM-10003038,ORD-1001215,PRD-10103,3,46.50,15
ITM-10003039,ORD-1001215,PRD-10104,1,47.75,20
ITM-10003040,ORD-1001216,PRD-10105,2,8.00,0
ITM-10003041,ORD-1001216,PRD-10106,3,9.25,5
ITM-10003042,ORD-1001217,PRD-10107,1,10.50,10
ITM-10003043,ORD-1001217,PRD-10108,2,11.75,15
ITM-10003044,ORD-1001217,PRD-10109,3,12.00,20
ITM-10003045,ORD-1001218,PRD-10110,1,13.25,0
ITM-10003046,ORD-1001218,PRD-10111,2,14.50,5
ITM-10003047,ORD-1001219,PRD-10112,3,15.75,10
ITM-10003048,ORD-1001219,PRD-10113,1,16.00,15
ITM-10003049,ORD-1001219,PRD-10114,2,17.25,20
ITM-10003050,ORD-1001220,PRD-10115,3,18.50,0
ITM-10003051,ORD-1001220,PRD-10116,1,19.75,5
ITM-10003052,ORD-1001221,PRD-10117,2,20.00,10
ITM-10003053,ORD-1001221,PRD-10118,3,21.25,15
ITM-10003054,ORD-1001221,PRD-10119,1,22.50,20
ITM-10003055,ORD-1001222,PRD-10120,2,23.75,0
ITM-10003056,ORD-1001222,PRD-10121,3,24.00,5
ITM-10003057,ORD-1001223,PRD-10122,1,25.25,10
ITM-10003058,ORD-1001223,PRD-10123,2,26.50,15
ITM-10003059,ORD-1001223,PRD-10124,3,27.75,20
ITM-10003060,ORD-1001224,PRD-10125,1,28.00,0
ITM-10003061,ORD-1001224,PRD-10126,2,29.25,5
ITM-10003062,ORD-1001225,PRD-10127,3,30.50,10
ITM-10003063,ORD-1001225,PRD-10128,1,31.75,15
ITM-10003064,ORD-1001225,PRD-10129,2,32.00,20
ITM-10003065,ORD-1001226,PRD-10130,3,33.25,0
ITM-10003066,ORD-1001226,PRD-10131,1,34.50,5
ITM-10003067,ORD-1001227,PRD-10132,2,35.75,10
ITM-10003068,ORD-1001227,PRD-10133,3,36.00,15
ITM-10003069,ORD-1001227,PRD-10134,1,37.25,20
ITM-10003070,ORD-1001228,PRD-10135,2,38.50,0
ITM-10003071,ORD-1001228,PRD-10136,3,39.75,5
ITM-10003072,ORD-1001229,PRD-10137,1,40.00,10
ITM-10003073,ORD-1001229,PRD-10138,2,41.25,15
ITM-10003074,ORD-1001229,PRD-10139,3,42.50,20
ITM-10003075,ORD-1001230,PRD-10140,1,43.75,0
ITM-10003076,ORD-1001230,PRD-10141,2,44.00,5
ITM-10003077,ORD-1001231,PRD-10142,3,45.25,10
ITM-10003078,ORD-1001231,PRD-10143,1,46.50,15
ITM-10003079,ORD-1001231,PRD-10144,2,47.75,20
ITM-10003080,ORD-1001232,PRD-10145,3,8.00,0
ITM-10003081,ORD-1001232,PRD-10146,1,9.25,5
ITM-10003082,ORD-1001233,PRD-10147,2,10.50,10
ITM-10003083,ORD-1001233,PRD-10148,3,11.75,15
ITM-10003084,ORD-1001233,PRD-10149,1,12.00,20
ITM-10003085,ORD-1001234,PRD-10150,2,13.25,0
ITM-10003086,ORD-1001234,PRD-10151,3,14.50,5
ITM-10003087,ORD-1001235,PRD-10152,1,15.75,10
ITM-10003088,ORD-1001235,PRD-10153,2,16.00,15
ITM-10003089,ORD-1001235,PRD-10154,3,17.25,20
ITM-10003090,ORD-1001236,PRD-10155,1,18.50,0
ITM-10003091,ORD-1001236,PRD-10156,2,19.75,5
ITM-10003092,ORD-1001237,PRD-10157,3,20.00,10
ITM-10003093,ORD-1001237,PRD-10158,1,21.25,15
ITM-10003094,ORD-1001237,PRD-10159,2,22.50,20
ITM-10003095,ORD-1001238,PRD-10160,3,23.75,0
ITM-10003096,ORD-1001238,PRD-10161,1,24.00,5
ITM-10003097,ORD-1001239,PRD-10162,2,25.25,10
ITM-10003098,ORD-1001239,PRD-10163,3,26.50,15
ITM-10003099,ORD-1001239,PRD-10164,1,27.75,20
ITM-10003100,ORD-1001240,PRD-10165,2,28.00,0
ITM-10003101,ORD-1001240,PRD-10166,3,29.25,5
ITM-10003102,ORD-1001241,PRD-10167,1,30.50,10
ITM-10003103,ORD-1001241,PRD-10168,2,31.75,15
ITM-10003104,ORD-1001241,PRD-10169,3,32.00,20
ITM-10003105,ORD-1001242,PRD-10170,1,33.25,0
ITM-10003106,ORD-1001242,PRD-10171,2,34.50,5
ITM-10003107,ORD-1001243,PRD-10172,3,35.75,10
ITM-10003108,ORD-1001243,PRD-10173,1,36.00,15
ITM-10003109,ORD-1001243,PRD-10174,2,37.25,20
ITM-10003110,ORD-1001244,PRD-10175,3,38.50,0
ITM-10003111,ORD-1001244,PRD-10176,1,39.75,5
ITM-10003112,ORD-1001245,PRD-10177,2,40.00,10
ITM-10003113,ORD-1001245,PRD-10178,3,41.25,15
ITM-10003114,ORD-1001245,PRD-10179,1,42.50,20
ITM-10003115,ORD-1001246,PRD-10180,2,43.75,0
ITM-10003116,ORD-1001246,PRD-10181,3,44.00,5
ITM-10003117,ORD-1001247,PRD-10182,1,45.25,10
ITM-10003118,ORD-1001247,PRD-10183,2,46.50,15
ITM-10003119,ORD-1001247,PRD-10184,3,47.75,20
ITM-10003120,ORD-1001248,PRD-10185,1,8.00,0
ITM-10003121,ORD-1001248,PRD-10186,2,9.25,5
ITM-10003122,ORD-1001249,PRD-10187,3,10.50,10
ITM-10003123,ORD-1001249,PRD-10188,1,11.75,15
ITM-10003124,ORD-1001249,PRD-10189,2,12.00,20
ITM-10003125,ORD-1001250,PRD-10190,3,13.25,0
ITM-10003126,ORD-1001250,PRD-10191,1,14.50,5
ITM-10003127,ORD-1001251,PRD-10192,2,15.75,10
ITM-10003128,ORD-1001251,PRD-10193,3,16.00,15
ITM-10003129,ORD-1001251,PRD-10194,1,17.25,20
ITM-10003130,ORD-1001252,PRD-10195,2,18.50,0
ITM-10003131,ORD-1001252,PRD-10196,3,19.75,5
ITM-10003132,ORD-1001253,PRD-10197,1,20.00,10
ITM-10003133,ORD-1001253,PRD-10198,2,21.25,15
ITM-10003134,ORD-1001253,PRD-10199,3,22.50,20
ITM-10003135,ORD-1001254,PRD-10200,1,23.75,0
ITM-10003136,ORD-1001254,PRD-10201,2,24.00,5
ITM-10003137,ORD-1001255,PRD-10202,3,25.25,10
ITM-10003138,ORD-1001255,PRD-10203,1,26.50,15
ITM-10003139,ORD-1001255,PRD-10204,2,27.75,20
ITM-10003140,ORD-1001256,PRD-10205,3,28.00,0
ITM-10003141,ORD-1001256,PRD-10206,1,29.25,5
ITM-10003142,ORD-1001257,PRD-10207,2,30.50,10
ITM-10003143,ORD-1001257,PRD-10208,3,31.75,15
ITM-10003144,ORD-1001257,PRD-10209,1,32.00,20
ITM-10003145,ORD-1001258,PRD-10025,2,33.25,0
ITM-10003146,ORD-1001258,PRD-10026,3,34.50,5
ITM-10003147,ORD-1001259,PRD-10027,1,35.75,10
ITM-10003148,ORD-1001259,PRD-10028,2,36.00,15
ITM-10003149,ORD-1001259,PRD-10029,3,37.25,20
ITM-10003150,ORD-1001260,PRD-10030,1,38.50,0
ITM-10003151,ORD-1001260,PRD-10031,2,39.75,5
ITM-10003152,ORD-1001261,PRD-10032,3,40.00,10
ITM-10003153,ORD-1001261,PRD-10033,1,41.25,15
ITM-10003154,ORD-1001261,PRD-10034,2,42.50,20
ITM-10003155,ORD-1001262,PRD-10035,3,43.75,0
ITM-10003156,ORD-1001262,PRD-10036,1,44.00,5
ITM-10003157,ORD-1001263,PRD-10037,2,45.25,10
ITM-10003158,ORD-1001263,PRD-10038,3,46.50,15
ITM-10003159,ORD-1001263,PRD-10039,1,47.75,20
ITM-10003160,ORD-1001264,PRD-10040,2,8.00,0
ITM-10003161,ORD-1001264,PRD-10041,3,9.25,5
ITM-10003162,ORD-1001265,PRD-10042,1,10.50,10
ITM-10003163,ORD-1001265,PRD-10043,2,11.75,15
ITM-10003164,ORD-1001265,PRD-10044,3,12.00,20
ITM-10003165,ORD-1001266,PRD-10045,1,13.25,0
ITM-10003166,ORD-1001266,PRD-10046,2,14.50,5
ITM-10003167,ORD-1001267,PRD-10047,3,15.75,10
ITM-10003168,ORD-1001267,PRD-10048,1,16.00,15
ITM-10003169,ORD-1001267,PRD-10049,2,17.25,20
ITM-10003170,ORD-1001268,PRD-10050,3,18.50,0
ITM-10003171,ORD-1001268,PRD-10051,1,19.75,5
ITM-10003172,ORD-1001269,PRD-10052,2,20.00,10
ITM-10003173,ORD-1001269,PRD-10053,3,21.25,15
ITM-10003174,ORD-1001269,PRD-10054,1,22.50,20
ITM-10003175,ORD-1001270,PRD-10055,2,23.75,0
ITM-10003176,ORD-1001270,PRD-10056,3,24.00,5
ITM-10003177,ORD-1001271,PRD-10057,1,25.25,10
ITM-10003178,ORD-1001271,PRD-10058,2,26.50,15
ITM-10003179,ORD-1001271,PRD-10059,3,27.75,20
ITM-10003180,ORD-1001272,PRD-10060,1,28.00,0
ITM-10003181,ORD-1001272,PRD-10061,2,29.25,5
ITM-10003182,ORD-1001273,PRD-10062,3,30.50,10
ITM-10003183,ORD-1001273,PRD-10063,1,31.75,15
ITM-10003184,ORD-1001273,PRD-10064,2,32.00,20
ITM-10003185,ORD-1001274,PRD-10065,3,33.25,0
ITM-10003186,ORD-1001274,PRD-10066,1,34.50,5
ITM-10003187,ORD-1001275,PRD-10067,2,35.75,10
ITM-10003188,ORD-1001275,PRD-10068,3,36.00,15
ITM-10003189,ORD-1001275,PRD-10069,1,37.25,20
ITM-10003190,ORD-1001276,PRD-10070,2,38.50,0
ITM-10003191,ORD-1001276,PRD-10071,3,39.75,5
ITM-10003192,ORD-1001277,PRD-10072,1,40.00,10
ITM-10003193,ORD-1001277,PRD-10073,2,41.25,15
ITM-10003194,ORD-1001277,PRD-10074,3,42.50,20
ITM-10003195,ORD-1001278,PRD-10075,1,43.75,0
ITM-10003196,ORD-1001278,PRD-10076,2,44.00,5
ITM-10003197,ORD-1001279,PRD-10077,3,45.25,10
ITM-10003198,ORD-1001279,PRD-10078,1,46.50,15
ITM-10003199,ORD-1001279,PRD-10079,2,47.75,20
ITM-10003200,ORD-1001280,PRD-10080,3,8.00,0
ITM-10003201,ORD-1001280,PRD-10081,1,9.25,5
ITM-10003202,ORD-1001281,PRD-10082,2,10.50,10
ITM-10003203,ORD-1001281,PRD-10083,3,11.75,15
ITM-10003204,ORD-1001281,PRD-10084,1,12.00,20
ITM-10003205,ORD-1001282,PRD-10085,2,13.25,0
ITM-10003206,ORD-1001282,PRD-10086,3,14.50,5
ITM-10003207,ORD-1001283,PRD-10087,1,15.75,10
ITM-10003208,ORD-1001283,PRD-10088,2,16.00,15
ITM-10003209,ORD-1001283,PRD-10089,3,17.25,20
ITM-10003210,ORD-1001284,PRD-10090,1,18.50,0
ITM-10003211,ORD-1001284,PRD-10091,2,19.75,5
ITM-10003212,ORD-1001285,PRD-10092,3,20.00,10
ITM-10003213,ORD-1001285,PRD-10093,1,21.25,15
ITM-10003214,ORD-1001285,PRD-10094,2,22.50,20
ITM-10003215,ORD-1001286,PRD-10095,3,23.75,0
ITM-10003216,ORD-1001286,PRD-10096,1,24.00,5
ITM-10003217,ORD-1001287,PRD-10097,2,25.25,10
ITM-10003218,ORD-1001287,PRD-10098,3,26.50,15
ITM-10003219,ORD-1001287,PRD-10099,1,27.75,20
ITM-10003220,ORD-1001288,PRD-10100,2,28.00,0
ITM-10003221,ORD-1001288,PRD-10101,3,29.25,5
ITM-10003222,ORD-1001289,PRD-10102,1,30.50,10
ITM-10003223,ORD-1001289,PRD-10103,2,31.75,15
ITM-10003224,ORD-1001289,PRD-10104,3,32.00,20
ITM-10003225,ORD-1001290,PRD-10105,1,33.25,0
ITM-10003226,ORD-1001290,PRD-10106,2,34.50,5
ITM-10003227,ORD-1001291,PRD-10107,3,35.75,10
ITM-10003228,ORD-1001291,PRD-10108,1,36.00,15
ITM-10003229,ORD-1001291,PRD-10109,2,37.25,20
ITM-10003230,ORD-1001292,PRD-10110,3,38.50,0
ITM-10003231,ORD-1001292,PRD-10111,1,39.75,5
ITM-10003232,ORD-1001293,PRD-10112,2,40.00,10
ITM-10003233,ORD-1001293,PRD-10113,3,41.25,15
ITM-10003234,ORD-1001293,PRD-10114,1,42.50,20
ITM-10003235,ORD-1001294,PRD-10115,2,43.75,0
ITM-10003236,ORD-1001294,PRD-10116,3,44.00,5
ITM-10003237,ORD-1001295,PRD-10117,1,45.25,10
ITM-10003238,ORD-1001295,PRD-10118,2,46.50,15
ITM-10003239,ORD-1001295,PRD-10119,3,47.75,20
ITM-10003240,ORD-1001296,PRD-10120,1,8.00,0
ITM-10003241,ORD-1001296,PRD-10121,2,9.25,5
ITM-10003242,ORD-1001297,PRD-10122,3,10.50,10
ITM-10003243,ORD-1001297,PRD-10123,1,11.75,15
ITM-10003244,ORD-1001297,PRD-10124,2,12.00,20
ITM-10003245,ORD-1001298,PRD-10125,3,13.25,0
ITM-10003246,ORD-1001298,PRD-10126,1,14.50,5
ITM-10003247,ORD-1001299,PRD-10127,2,15.75,10
ITM-10003248,ORD-1001299,PRD-10128,3,16.00,15
ITM-10003249,ORD-1001299,PRD-10129,1,17.25,20
ITM-10003250,ORD-1001300,PRD-10130,2,18.50,0
ITM-10003251,ORD-1001300,PRD-10131,3,19.75,5
ITM-10003252,ORD-1001301,PRD-10132,1,20.00,10
ITM-10003253,ORD-1001301,PRD-10133,2,21.25,15
ITM-10003254,ORD-1001301,PRD-10134,3,22.50,20
ITM-10003255,ORD-1001302,PRD-10135,1,23.75,0
ITM-10003256,ORD-1001302,PRD-10136,2,24.00,5
ITM-10003257,ORD-1001303,PRD-10137,3,25.25,10
ITM-10003258,ORD-1001303,PRD-10138,1,26.50,15
ITM-10003259,ORD-1001303,PRD-10139,2,27.75,20
ITM-10003260,ORD-1001304,PRD-10140,3,28.00,0
ITM-10003261,ORD-1001304,PRD-10141,1,29.25,5
ITM-10003262,ORD-1001305,PRD-10142,2,30.50,10
ITM-10003263,ORD-1001305,PRD-10143,3,31.75,15
ITM-10003264,ORD-1001305,PRD-10144,1,32.00,20
ITM-10003265,ORD-1001306,PRD-10145,2,33.25,0
ITM-10003266,ORD-1001306,PRD-10146,3,34.50,5
ITM-10003267,ORD-1001307,PRD-10147,1,35.75,10
ITM-10003268,ORD-1001307,PRD-10148,2,36.00,15
ITM-10003269,ORD-1001307,PRD-10149,3,37.25,20
ITM-10003270,ORD-1001308,PRD-10150,1,38.50,0
ITM-10003271,ORD-1001308,PRD-10151,2,39.75,5
ITM-10003272,ORD-1001309,PRD-10152,3,40.00,10
ITM-10003273,ORD-1001309,PRD-10153,1,41.25,15
ITM-10003274,ORD-1001309,PRD-10154,2,42.50,20
ITM-10003275,ORD-1001310,PRD-10155,3,43.75,0
ITM-10003276,ORD-1001310,PRD-10156,1,44.00,5
ITM-10003277,ORD-1001311,PRD-10157,2,45.25,10
ITM-10003278,ORD-1001311,PRD-10158,3,46.50,15
ITM-10003279,ORD-1001311,PRD-10159,1,47.75,20
ITM-10003280,ORD-1001312,PRD-10160,2,8.00,0
ITM-10003281,ORD-1001312,PRD-10161,3,9.25,5
ITM-10003282,ORD-1001313,PRD-10162,1,10.50,10
ITM-10003283,ORD-1001313,PRD-10163,2,11.75,15
ITM-10003284,ORD-1001313,PRD-10164,3,12.00,20
ITM-10003285,ORD-1001314,PRD-10165,1,13.25,0
ITM-10003286,ORD-1001314,PRD-10166,2,14.50,5
ITM-10003287,ORD-1001315,PRD-10167,3,15.75,10
ITM-10003288,ORD-1001315,PRD-10168,1,16.00,15
ITM-10003289,ORD-1001315,PRD-10169,2,17.25,20
ITM-10003290,ORD-1001316,PRD-10170,3,18.50,0
ITM-10003291,ORD-1001316,PRD-10171,1,19.75,5
ITM-10003292,ORD-1001317,PRD-10172,2,20.00,10
ITM-10003293,ORD-1001317,PRD-10173,3,21.25,15
ITM-10003294,ORD-1001317,PRD-10174,1,22.50,20
ITM-10003295,ORD-1001318,PRD-10175,2,23.75,0
ITM-10003296,ORD-1001318,PRD-10176,3,24.00,5
ITM-10003297,ORD-1001319,PRD-10177,1,25.25,10
ITM-10003298,ORD-1001319,PRD-10178,2,26.50,15
ITM-10003299,ORD-1001319,PRD-10179,3,27.75,20
ITM-10003300,ORD-1001320,PRD-10180,1,28.00,0
ITM-10003301,ORD-1001320,PRD-10181,2,29.25,5
ITM-10003302,ORD-1001321,PRD-10182,3,30.50,10
ITM-10003303,ORD-1001321,PRD-10183,1,31.75,15
ITM-10003304,ORD-1001321,PRD-10184,2,32.00,20
ITM-10003305,ORD-1001322,PRD-10185,3,33.25,0
ITM-10003306,ORD-1001322,PRD-10186,1,34.50,5
ITM-10003307,ORD-1001323,PRD-10187,2,35.75,10
ITM-10003308,ORD-1001323,PRD-10188,3,36.00,15
ITM-10003309,ORD-1001323,PRD-10189,1,37.25,20
ITM-10003310,ORD-1001324,PRD-10190,2,38.50,0
ITM-10003311,ORD-1001324,PRD-10191,3,39.75,5
ITM-10003312,ORD-1001325,PRD-10192,1,40.00,10
ITM-10003313,ORD-1001325,PRD-10193,2,41.25,15
ITM-10003314,ORD-1001325,PRD-10194,3,42.50,20
ITM-10003315,ORD-1001326,PRD-10195,1,43.75,0
ITM-10003316,ORD-1001326,PRD-10196,2,44.00,5
ITM-10003317,ORD-1001327,PRD-10197,3,45.25,10
ITM-10003318,ORD-1001327,PRD-10198,1,46.50,15
ITM-10003319,ORD-1001327,PRD-10199,2,47.75,20
ITM-10003320,ORD-1001328,PRD-10200,3,8.00,0
ITM-10003321,ORD-1001328,PRD-10201,1,9.25,5
ITM-10003322,ORD-1001329,PRD-10202,2,10.50,10
ITM-10003323,ORD-1001329,PRD-10203,3,11.75,15
ITM-10003324,ORD-1001329,PRD-10204,1,12.00,20
ITM-10003325,ORD-1001330,PRD-10205,2,13.25,0
ITM-10003326,ORD-1001330,PRD-10206,3,14.50,5
ITM-10003327,ORD-1001331,PRD-10207,1,15.75,10
ITM-10003328,ORD-1001331,PRD-10208,2,16.00,15
ITM-10003329,ORD-1001331,PRD-10209,3,17.25,20
ITM-10003330,ORD-1001332,PRD-10025,1,18.50,0
ITM-10003331,ORD-1001332,PRD-10026,2,19.75,5
ITM-10003332,ORD-1001333,PRD-10027,3,20.00,10
ITM-10003333,ORD-1001333,PRD-10028,1,21.25,15
ITM-10003334,ORD-1001333,PRD-10029,2,22.50,20
ITM-10003335,ORD-1001334,PRD-10030,3,23.75,0
ITM-10003336,ORD-1001334,PRD-10031,1,24.00,5
ITM-10003337,ORD-1001335,PRD-10032,2,25.25,10
ITM-10003338,ORD-1001335,PRD-10033,3,26.50,15
ITM-10003339,ORD-1001335,PRD-10034,1,27.75,20
ITM-10003340,ORD-1001336,PRD-10035,2,28.00,0
ITM-10003341,ORD-1001336,PRD-10036,3,29.25,5
ITM-10003342,ORD-1001337,PRD-10037,1,30.50,10
ITM-10003343,ORD-1001337,PRD-10038,2,31.75,15
ITM-10003344,ORD-1001337,PRD-10039,3,32.00,20
ITM-10003345,ORD-1001338,PRD-10040,1,33.25,0
ITM-10003346,ORD-1001338,PRD-10041,2,34.50,5
ITM-10003347,ORD-1001339,PRD-10042,3,35.75,10
ITM-10003348,ORD-1001339,PRD-10043,1,36.00,15
ITM-10003349,ORD-1001339,PRD-10044,2,37.25,20
ITM-10003350,ORD-1001340,PRD-10045,3,38.50,0
ITM-10003351,ORD-1001340,PRD-10046,1,39.75,5
ITM-10003352,ORD-1001341,PRD-10047,2,40.00,10
ITM-10003353,ORD-1001341,PRD-10048,3,41.25,15
ITM-10003354,ORD-1001341,PRD-10049,1,42.50,20
ITM-10003355,ORD-1001342,PRD-10050,2,43.75,0
ITM-10003356,ORD-1001342,PRD-10051,3,44.00,5
ITM-10003357,ORD-1001343,PRD-10052,1,45.25,10
ITM-10003358,ORD-1001343,PRD-10053,2,46.50,15
ITM-10003359,ORD-1001343,PRD-10054,3,47.75,20
ITM-10003360,ORD-1001344,PRD-10055,1,8.00,0
ITM-10003361,ORD-1001344,PRD-10056,2,9.25,5
ITM-10003362,ORD-1001345,PRD-10057,3,10.50,10
ITM-10003363,ORD-1001345,PRD-10058,1,11.75,15
ITM-10003364,ORD-1001345,PRD-10059,2,12.00,20
ITM-10003365,ORD-1001346,PRD-10060,3,13.25,0
ITM-10003366,ORD-1001346,PRD-10061,1,14.50,5
ITM-10003367,ORD-1001347,PRD-10062,2,15.75,10
ITM-10003368,ORD-1001347,PRD-10063,3,16.00,15
ITM-10003369,ORD-1001347,PRD-10064,1,17.25,20
ITM-10003370,ORD-1001348,PRD-10065,2,18.50,0
ITM-10003371,ORD-1001348,PRD-10066,3,19.75,5
ITM-10003372,ORD-1001349,PRD-10067,1,20.00,10
ITM-10003373,ORD-1001349,PRD-10068,2,21.25,15
ITM-10003374,ORD-1001349,PRD-10069,3,22.50,20
ITM-10003375,ORD-1001350,PRD-10070,1,23.75,0
ITM-10003376,ORD-1001350,PRD-10071,2,24.00,5
ITM-10003377,ORD-1001351,PRD-10072,3,25.25,10
ITM-10003378,ORD-1001351,PRD-10073,1,26.50,15
ITM-10003379,ORD-1001351,PRD-10074,2,27.75,20
ITM-10003380,ORD-1001352,PRD-10075,3,28.00,0
ITM-10003381,ORD-1001352,PRD-10076,1,29.25,5
ITM-10003382,ORD-1001353,PRD-10077,2,30.50,10
ITM-10003383,ORD-1001353,PRD-10078,3,31.75,15
ITM-10003384,ORD-1001353,PRD-10079,1,32.00,20
ITM-10003385,ORD-1001354,PRD-10080,2,33.25,0
ITM-10003386,ORD-1001354,PRD-10081,3,34.50,5
ITM-10003387,ORD-1001355,PRD-10082,1,35.75,10
ITM-10003388,ORD-1001355,PRD-10083,2,36.00,15
ITM-10003389,ORD-1001355,PRD-10084,3,37.25,20
ITM-10003390,ORD-1001356,PRD-10085,1,38.50,0
ITM-10003391,ORD-1001356,PRD-10086,2,39.75,5
ITM-10003392,ORD-1001357,PRD-10087,3,40.00,10
ITM-10003393,ORD-1001357,PRD-10088,1,41.25,15
ITM-10003394,ORD-1001357,PRD-10089,2,42.50,20
ITM-10003395,ORD-1001358,PRD-10090,3,43.75,0
ITM-10003396,ORD-1001358,PRD-10091,1,44.00,5
ITM-10003397,ORD-1001359,PRD-10092,2,45.25,10
ITM-10003398,ORD-1001359,PRD-10093,3,46.50,15
ITM-10003399,ORD-1001359,PRD-10094,1,47.75,20
ITM-10003400,ORD-1001360,PRD-10095,2,8.00,0
ITM-10003401,ORD-1001360,PRD-10096,3,9.25,5
ITM-10003402,ORD-1001361,PRD-10097,1,10.50,10
ITM-10003403,ORD-1001361,PRD-10098,2,11.75,15
ITM-10003404,ORD-1001361,PRD-10099,3,12.00,20
ITM-10003405,ORD-1001362,PRD-10100,1,13.25,0
ITM-10003406,ORD-1001362,PRD-10101,2,14.50,5
ITM-10003407,ORD-1001363,PRD-10102,3,15.75,10
ITM-10003408,ORD-1001363,PRD-10103,1,16.00,15
ITM-10003409,ORD-1001363,PRD-10104,2,17.25,20
ITM-10003410,ORD-1001364,PRD-10105,3,18.50,0
ITM-10003411,ORD-1001364,PRD-10106,1,19.75,5
ITM-10003412,ORD-1001365,PRD-10107,2,20.00,10
ITM-10003413,ORD-1001365,PRD-10108,3,21.25,15
ITM-10003414,ORD-1001365,PRD-10109,1,22.50,20
ITM-10003415,ORD-1001366,PRD-10110,2,23.75,0
ITM-10003416,ORD-1001366,PRD-10111,3,24.00,5
ITM-10003417,ORD-1001367,PRD-10112,1,25.25,10
ITM-10003418,ORD-1001367,PRD-10113,2,26.50,15
ITM-10003419,ORD-1001367,PRD-10114,3,27.75,20
ITM-10003420,ORD-1001368,PRD-10115,1,28.00,0
ITM-10003421,ORD-1001368,PRD-10116,2,29.25,5
ITM-10003422,ORD-1001369,PRD-10117,3,30.50,10
ITM-10003423,ORD-1001369,PRD-10118,1,31.75,15
ITM-10003424,ORD-1001369,PRD-10119,2,32.00,20
ITM-10003425,ORD-1001370,PRD-10120,3,33.25,0
ITM-10003426,ORD-1001370,PRD-10121,1,34.50,5
ITM-10003427,ORD-1001371,PRD-10122,2,35.75,10
ITM-10003428,ORD-1001371,PRD-10123,3,36.00,15
ITM-10003429,ORD-1001371,PRD-10124,1,37.25,20
ITM-10003430,ORD-1001372,PRD-10125,2,38.50,0
ITM-10003431,ORD-1001372,PRD-10126,3,39.75,5
ITM-10003432,ORD-1001373,PRD-10127,1,40.00,10
ITM-10003433,ORD-1001373,PRD-10128,2,41.25,15
ITM-10003434,ORD-1001373,PRD-10129,3,42.50,20
ITM-10003435,ORD-1001374,PRD-10130,1,43.75,0
ITM-10003436,ORD-1001374,PRD-10131,2,44.00,5
ITM-10003437,ORD-1001375,PRD-10132,3,45.25,10
ITM-10003438,ORD-1001375,PRD-10133,1,46.50,15
ITM-10003439,ORD-1001375,PRD-10134,2,47.75,20
ITM-10003440,ORD-1001376,PRD-10135,3,8.00,0
ITM-10003441,ORD-1001376,PRD-10136,1,9.25,5
ITM-10003442,ORD-1001377,PRD-10137,2,10.50,10
ITM-10003443,ORD-1001377,PRD-10138,3,11.75,15
ITM-10003444,ORD-1001377,PRD-10139,1,12.00,20
ITM-10003445,ORD-1001378,PRD-10140,2,13.25,0
ITM-10003446,ORD-1001378,PRD-10141,3,14.50,5
ITM-10003447,ORD-1001379,PRD-10142,1,15.75,10
ITM-10003448,ORD-1001379,PRD-10143,2,16.00,15
ITM-10003449,ORD-1001379,PRD-10144,3,17.25,20
ITM-10003450,ORD-1001380,PRD-10145,1,18.50,0
ITM-10003451,ORD-1001380,PRD-10146,2,19.75,5
ITM-10003452,ORD-1001381,PRD-10147,3,20.00,10
ITM-10003453,ORD-1001381,PRD-10148,1,21.25,15
ITM-10003454,ORD-1001381,PRD-10149,2,22.50,20
ITM-10003455,ORD-1001382,PRD-10150,3,23.75,0
ITM-10003456,ORD-1001382,PRD-10151,1,24.00,5
ITM-10003457,ORD-1001383,PRD-10152,2,25.25,10
ITM-10003458,ORD-1001383,PRD-10153,3,26.50,15
ITM-10003459,ORD-1001383,PRD-10154,1,27.75,20
ITM-10003460,ORD-1001384,PRD-10155,2,28.00,0
ITM-10003461,ORD-1001384,PRD-10156,3,29.25,5
ITM-10003462,ORD-1001385,PRD-10157,1,30.50,10
ITM-10003463,ORD-1001385,PRD-10158,2,31.75,15
ITM-10003464,ORD-1001385,PRD-10159,3,32.00,20
ITM-10003465,ORD-1001386,PRD-10160,1,33.25,0
ITM-10003466,ORD-1001386,PRD-10161,2,34.50,5
ITM-10003467,ORD-1001387,PRD-10162,3,35.75,10
ITM-10003468,ORD-1001387,PRD-10163,1,36.00,15
ITM-10003469,ORD-1001387,PRD-10164,2,37.25,20
ITM-10003470,ORD-1001388,PRD-10165,3,38.50,0
ITM-10003471,ORD-1001388,PRD-10166,1,39.75,5
ITM-10003472,ORD-1001389,PRD-10167,2,40.00,10
ITM-10003473,ORD-1001389,PRD-10168,3,41.25,15
ITM-10003474,ORD-1001389,PRD-10169,1,42.50,20
ITM-10003475,ORD-1001390,PRD-10170,2,43.75,0
ITM-10003476,ORD-1001390,PRD-10171,3,44.00,5
ITM-10003477,ORD-1001391,PRD-10172,1,45.25,10
ITM-10003478,ORD-1001391,PRD-10173,2,46.50,15
ITM-10003479,ORD-1001391,PRD-10174,3,47.75,20
ITM-10003480,ORD-1001392,PRD-10175,1,8.00,0
ITM-10003481,ORD-1001392,PRD-10176,2,9.25,5
ITM-10003482,ORD-1001393,PRD-10177,3,10.50,10
ITM-10003483,ORD-1001393,PRD-10178,1,11.75,15
ITM-10003484,ORD-1001393,PRD-10179,2,12.00,20
ITM-10003485,ORD-1001394,PRD-10180,3,13.25,0
ITM-10003486,ORD-1001394,PRD-10181,1,14.50,5
ITM-10003487,ORD-1001395,PRD-10182,2,15.75,10
ITM-10003488,ORD-1001395,PRD-10183,3,16.00,15
ITM-10003489,ORD-1001395,PRD-10184,1,17.25,20
ITM-10003490,ORD-1001396,PRD-10185,2,18.50,0
ITM-10003491,ORD-1001396,PRD-10186,3,19.75,5
ITM-10003492,ORD-1001397,PRD-10187,1,20.00,10
ITM-10003493,ORD-1001397,PRD-10188,2,21.25,15
ITM-10003494,ORD-1001397,PRD-10189,3,22.50,20
ITM-10003495,ORD-1001398,PRD-10190,1,23.75,0
ITM-10003496,ORD-1001398,PRD-10191,2,24.00,5
ITM-10003497,ORD-1001399,PRD-10192,3,25.25,10
ITM-10003498,ORD-1001399,PRD-10193,1,26.50,15
ITM-10003499,ORD-1001399,PRD-10194,2,27.75,20
ITM-10003500,ORD-1001400,PRD-10195,3,28.00,0
ITM-10003501,ORD-1001400,PRD-10196,1,29.25,5
ITM-10003502,ORD-1001401,PRD-10197,2,30.50,10
ITM-10003503,ORD-1001401,PRD-10198,3,31.75,15
ITM-10003504,ORD-1001401,PRD-10199,1,32.00,20
ITM-10003505,ORD-1001402,PRD-10200,2,33.25,0
ITM-10003506,ORD-1001402,PRD-10201,3,34.50,5
ITM-10003507,ORD-1001403,PRD-10202,1,35.75,10
ITM-10003508,ORD-1001403,PRD-10203,2,36.00,15
ITM-10003509,ORD-1001403,PRD-10204,3,37.25,20
ITM-10003510,ORD-1001404,PRD-10205,1,38.50,0
ITM-10003511,ORD-1001404,PRD-10206,2,39.75,5
ITM-10003512,ORD-1001405,PRD-10207,3,40.00,10
ITM-10003513,ORD-1001405,PRD-10208,1,41.25,15
ITM-10003514,ORD-1001405,PRD-10209,2,42.50,20
ITM-10003515,ORD-1001406,PRD-10025,3,43.75,0
ITM-10003516,ORD-1001406,PRD-10026,1,44.00,5
ITM-10003517,ORD-1001407,PRD-10027,2,45.25,10
ITM-10003518,ORD-1001407,PRD-10028,3,46.50,15
ITM-10003519,ORD-1001407,PRD-10029,1,47.75,20
ITM-10003520,ORD-1001408,PRD-10030,2,8.00,0
ITM-10003521,ORD-1001408,PRD-10031,3,9.25,5
ITM-10003522,ORD-1001409,PRD-10032,1,10.50,10
ITM-10003523,ORD-1001409,PRD-10033,2,11.75,15
ITM-10003524,ORD-1001409,PRD-10034,3,12.00,20
ITM-10003525,ORD-1001410,PRD-10035,1,13.25,0
ITM-10003526,ORD-1001410,PRD-10036,2,14.50,5
ITM-10003527,ORD-1001411,PRD-10037,3,15.75,10
ITM-10003528,ORD-1001411,PRD-10038,1,16.00,15
ITM-10003529,ORD-1001411,PRD-10039,2,17.25,20
ITM-10003530,ORD-1001412,PRD-10040,3,18.50,0
ITM-10003531,ORD-1001412,PRD-10041,1,19.75,5
ITM-10003532,ORD-1001413,PRD-10042,2,20.00,10
ITM-10003533,ORD-1001413,PRD-10043,3,21.25,15
ITM-10003534,ORD-1001413,PRD-10044,1,22.50,20
ITM-10003535,ORD-1001414,PRD-10045,2,23.75,0
ITM-10003536,ORD-1001414,PRD-10046,3,24.00,5
ITM-10003537,ORD-1001415,PRD-10047,1,25.25,10
ITM-10003538,ORD-1001415,PRD-10048,2,26.50,15
ITM-10003539,ORD-1001415,PRD-10049,3,27.75,20
ITM-10003540,ORD-1001416,PRD-10050,1,28.00,0
ITM-10003541,ORD-1001416,PRD-10051,2,29.25,5
ITM-10003542,ORD-1001417,PRD-10052,3,30.50,10
ITM-10003543,ORD-1001417,PRD-10053,1,31.75,15
ITM-10003544,ORD-1001417,PRD-10054,2,32.00,20
ITM-10003545,ORD-1001418,PRD-10055,3,33.25,0
ITM-10003546,ORD-1001418,PRD-10056,1,34.50,5
ITM-10003547,ORD-1001419,PRD-10057,2,35.75,10
ITM-10003548,ORD-1001419,PRD-10058,3,36.00,15
ITM-10003549,ORD-1001419,PRD-10059,1,37.25,20
ITM-10003550,ORD-1001420,PRD-10060,2,38.50,0
ITM-10003551,ORD-1001420,PRD-10061,3,39.75,5
ITM-10003552,ORD-1001421,PRD-10062,1,40.00,10
ITM-10003553,ORD-1001421,PRD-10063,2,41.25,15
ITM-10003554,ORD-1001421,PRD-10064,3,42.50,20
ITM-10003555,ORD-1001422,PRD-10065,1,43.75,0
ITM-10003556,ORD-1001422,PRD-10066,2,44.00,5
ITM-10003557,ORD-1001423,PRD-10067,3,45.25,10
ITM-10003558,ORD-1001423,PRD-10068,1,46.50,15
ITM-10003559,ORD-1001423,PRD-10069,2,47.75,20
ITM-10003560,ORD-1001424,PRD-10070,3,8.00,0
ITM-10003561,ORD-1001424,PRD-10071,1,9.25,5
ITM-10003562,ORD-1001425,PRD-10072,2,10.50,10
ITM-10003563,ORD-1001425,PRD-10073,3,11.75,15
ITM-10003564,ORD-1001425,PRD-10074,1,12.00,20
ITM-10003565,ORD-1001426,PRD-10075,2,13.25,0
ITM-10003566,ORD-1001426,PRD-10076,3,14.50,5
ITM-10003567,ORD-1001427,PRD-10077,1,15.75,10
ITM-10003568,ORD-1001427,PRD-10078,2,16.00,15
ITM-10003569,ORD-1001427,PRD-10079,3,17.25,20
ITM-10003570,ORD-1001428,PRD-10080,1,18.50,0
ITM-10003571,ORD-1001428,PRD-10081,2,19.75,5
ITM-10003572,ORD-1001429,PRD-10082,3,20.00,10
ITM-10003573,ORD-1001429,PRD-10083,1,21.25,15
ITM-10003574,ORD-1001429,PRD-10084,2,22.50,20
ITM-10003575,ORD-1001430,PRD-10085,3,23.75,0
ITM-10003576,ORD-1001430,PRD-10086,1,24.00,5
ITM-10003577,ORD-1001431,PRD-10087,2,25.25,10
ITM-10003578,ORD-1001431,PRD-10088,3,26.50,15
ITM-10003579,ORD-1001431,PRD-10089,1,27.75,20
ITM-10003580,ORD-1001432,PRD-10090,2,28.00,0
ITM-10003581,ORD-1001432,PRD-10091,3,29.25,5
ITM-10003582,ORD-1001433,PRD-10092,1,30.50,10
ITM-10003583,ORD-1001433,PRD-10093,2,31.75,15
ITM-10003584,ORD-1001433,PRD-10094,3,32.00,20
ITM-10003585,ORD-1001434,PRD-10095,1,33.25,0
ITM-10003586,ORD-1001434,PRD-10096,2,34.50,5
ITM-10003587,ORD-1001435,PRD-10097,3,35.75,10
ITM-10003588,ORD-1001435,PRD-10098,1,36.00,15
ITM-10003589,ORD-1001435,PRD-10099,2,37.25,20
ITM-10003590,ORD-1001436,PRD-10100,3,38.50,0
ITM-10003591,ORD-1001436,PRD-10101,1,39.75,5
ITM-10003592,ORD-1001437,PRD-10102,2,40.00,10
ITM-10003593,ORD-1001437,PRD-10103,3,41.25,15
ITM-10003594,ORD-1001437,PRD-10104,1,42.50,20
ITM-10003595,ORD-1001438,PRD-10105,2,43.75,0
ITM-10003596,ORD-1001438,PRD-10106,3,44.00,5
ITM-10003597,ORD-1001439,PRD-10107,1,45.25,10
ITM-10003598,ORD-1001439,PRD-10108,2,46.50,15
ITM-10003599,ORD-1001439,PRD-10109,3,47.75,20
ITM-10003600,ORD-1001440,PRD-10110,1,8.00,0
ITM-10003601,ORD-1001440,PRD-10111,2,9.25,5
ITM-10003602,ORD-1001441,PRD-10112,3,10.50,10
ITM-10003603,ORD-1001441,PRD-10113,1,11.75,15
ITM-10003604,ORD-1001441,PRD-10114,2,12.00,20
ITM-10003605,ORD-1001442,PRD-10115,3,13.25,0
ITM-10003606,ORD-1001442,PRD-10116,1,14.50,5
ITM-10003607,ORD-1001443,PRD-10117,2,15.75,10
ITM-10003608,ORD-1001443,PRD-10118,3,16.00,15
ITM-10003609,ORD-1001443,PRD-10119,1,17.25,20
ITM-10003610,ORD-1001444,PRD-10120,2,18.50,0
ITM-10003611,ORD-1001444,PRD-10121,3,19.75,5
ITM-10003612,ORD-1001445,PRD-10122,1,20.00,10
ITM-10003613,ORD-1001445,PRD-10123,2,21.25,15
ITM-10003614,ORD-1001445,PRD-10124,3,22.50,20
ITM-10003615,ORD-1001446,PRD-10125,1,23.75,0
ITM-10003616,ORD-1001446,PRD-10126,2,24.00,5
ITM-10003617,ORD-1001447,PRD-10127,3,25.25,10
ITM-10003618,ORD-1001447,PRD-10128,1,26.50,15
ITM-10003619,ORD-1001447,PRD-10129,2,27.75,20
ITM-10003620,ORD-1001448,PRD-10130,3,28.00,0
ITM-10003621,ORD-1001448,PRD-10131,1,29.25,5
ITM-10003622,ORD-1001449,PRD-10132,2,30.50,10
ITM-10003623,ORD-1001449,PRD-10133,3,31.75,15
ITM-10003624,ORD-1001449,PRD-10134,1,32.00,20
ITM-10003625,ORD-1001450,PRD-10135,2,33.25,0
ITM-10003626,ORD-1001450,PRD-10136,3,34.50,5
ITM-10003627,ORD-1001451,PRD-10137,1,35.75,10
ITM-10003628,ORD-1001451,PRD-10138,2,36.00,15
ITM-10003629,ORD-1001451,PRD-10139,3,37.25,20
ITM-10003630,ORD-1001452,PRD-10140,1,38.50,0
ITM-10003631,ORD-1001452,PRD-10141,2,39.75,5
ITM-10003632,ORD-1001453,PRD-10142,3,40.00,10
ITM-10003633,ORD-1001453,PRD-10143,1,41.25,15
ITM-10003634,ORD-1001453,PRD-10144,2,42.50,20
ITM-10003635,ORD-1001454,PRD-10145,3,43.75,0
ITM-10003636,ORD-1001454,PRD-10146,1,44.00,5
ITM-10003637,ORD-1001455,PRD-10147,2,45.25,10
ITM-10003638,ORD-1001455,PRD-10148,3,46.50,15
ITM-10003639,ORD-1001455,PRD-10149,1,47.75,20
ITM-10003640,ORD-1001456,PRD-10150,2,8.00,0
ITM-10003641,ORD-1001456,PRD-10151,3,9.25,5
ITM-10003642,ORD-1001457,PRD-10152,1,10.50,10
ITM-10003643,ORD-1001457,PRD-10153,2,11.75,15
ITM-10003644,ORD-1001457,PRD-10154,3,12.00,20
ITM-10003645,ORD-1001458,PRD-10155,1,13.25,0
ITM-10003646,ORD-1001458,PRD-10156,2,14.50,5
ITM-10003647,ORD-1001459,PRD-10157,3,15.75,10
ITM-10003648,ORD-1001459,PRD-10158,1,16.00,15
ITM-10003649,ORD-1001459,PRD-10159,2,17.25,20
ITM-10003650,ORD-1001460,PRD-10160,3,18.50,0
ITM-10003651,ORD-1001460,PRD-10161,1,19.75,5
ITM-10003652,ORD-1001461,PRD-10162,2,20.00,10
ITM-10003653,ORD-1001461,PRD-10163,3,21.25,15
ITM-10003654,ORD-1001461,PRD-10164,1,22.50,20
ITM-10003655,ORD-1001462,PRD-10165,2,23.75,0
ITM-10003656,ORD-1001462,PRD-10166,3,24.00,5
ITM-10003657,ORD-1001463,PRD-10167,1,25.25,10
ITM-10003658,ORD-1001463,PRD-10168,2,26.50,15
ITM-10003659,ORD-1001463,PRD-10169,3,27.75,20
ITM-10003660,ORD-1001464,PRD-10170,1,28.00,0
ITM-10003661,ORD-1001464,PRD-10171,2,29.25,5
ITM-10003662,ORD-1001465,PRD-10172,3,30.50,10
ITM-10003663,ORD-1001465,PRD-10173,1,31.75,15
ITM-10003664,ORD-1001465,PRD-10174,2,32.00,20
ITM-10003665,ORD-1001466,PRD-10175,3,33.25,0
ITM-10003666,ORD-1001466,PRD-10176,1,34.50,5
ITM-10003667,ORD-1001467,PRD-10177,2,35.75,10
ITM-10003668,ORD-1001467,PRD-10178,3,36.00,15
ITM-10003669,ORD-1001467,PRD-10179,1,37.25,20
ITM-10003670,ORD-1001468,PRD-10180,2,38.50,0
ITM-10003671,ORD-1001468,PRD-10181,3,39.75,5
ITM-10003672,ORD-1001469,PRD-10182,1,40.00,10
ITM-10003673,ORD-1001469,PRD-10183,2,41.25,15
ITM-10003674,ORD-1001469,PRD-10184,3,42.50,20
ITM-10003675,ORD-1001470,PRD-10185,1,43.75,0
ITM-10003676,ORD-1001470,PRD-10186,2,44.00,5
ITM-10003677,ORD-1001471,PRD-10187,3,45.25,10
ITM-10003678,ORD-1001471,PRD-10188,1,46.50,15
ITM-10003679,ORD-1001471,PRD-10189,2,47.75,20
ITM-10003680,ORD-1001472,PRD-10190,3,8.00,0
ITM-10003681,ORD-1001472,PRD-10191,1,9.25,5
ITM-10003682,ORD-1001473,PRD-10192,2,10.50,10
ITM-10003683,ORD-1001473,PRD-10193,3,11.75,15
ITM-10003684,ORD-1001473,PRD-10194,1,12.00,20
ITM-10003685,ORD-1001474,PRD-10195,2,13.25,0
ITM-10003686,ORD-1001474,PRD-10196,3,14.50,5
ITM-10003687,ORD-1001475,PRD-10197,1,15.75,10
ITM-10003688,ORD-1001475,PRD-10198,2,16.00,15
ITM-10003689,ORD-1001475,PRD-10199,3,17.25,20
ITM-10003690,ORD-1001476,PRD-10200,1,18.50,0
ITM-10003691,ORD-1001476,PRD-10201,2,19.75,5
ITM-10003692,ORD-1001477,PRD-10202,3,20.00,10
ITM-10003693,ORD-1001477,PRD-10203,1,21.25,15
ITM-10003694,ORD-1001477,PRD-10204,2,22.50,20
ITM-10003695,ORD-1001478,PRD-10205,3,23.75,0
ITM-10003696,ORD-1001478,PRD-10206,1,24.00,5
ITM-10003697,ORD-1001479,PRD-10207,2,25.25,10
ITM-10003698,ORD-1001479,PRD-10208,3,26.50,15
ITM-10003699,ORD-1001479,PRD-10209,1,27.75,20
ITM-10003700,ORD-1001480,PRD-10025,2,28.00,0
ITM-10003701,ORD-1001480,PRD-10026,3,29.25,5
ITM-10003702,ORD-1001481,PRD-10027,1,30.50,10
ITM-10003703,ORD-1001481,PRD-10028,2,31.75,15
ITM-10003704,ORD-1001481,PRD-10029,3,32.00,20
ITM-10003705,ORD-1001482,PRD-10030,1,33.25,0
ITM-10003706,ORD-1001482,PRD-10031,2,34.50,5
ITM-10003707,ORD-1001483,PRD-10032,3,35.75,10
ITM-10003708,ORD-1001483,PRD-10033,1,36.00,15
ITM-10003709,ORD-1001483,PRD-10034,2,37.25,20
ITM-10003710,ORD-1001484,PRD-10035,3,38.50,0
ITM-10003711,ORD-1001484,PRD-10036,1,39.75,5
ITM-10003712,ORD-1001485,PRD-10037,2,40.00,10
ITM-10003713,ORD-1001485,PRD-10038,3,41.25,15
ITM-10003714,ORD-1001485,PRD-10039,1,42.50,20
ITM-10003715,ORD-1001486,PRD-10040,2,43.75,0
ITM-10003716,ORD-1001486,PRD-10041,3,44.00,5
ITM-10003717,ORD-1001487,PRD-10042,1,45.25,10
ITM-10003718,ORD-1001487,PRD-10043,2,46.50,15
ITM-10003719,ORD-1001487,PRD-10044,3,47.75,20
ITM-10003720,ORD-1001488,PRD-10045,1,8.00,0
ITM-10003721,ORD-1001488,PRD-10046,2,9.25,5
ITM-10003722,ORD-1001489,PRD-10047,3,10.50,10
ITM-10003723,ORD-1001489,PRD-10048,1,11.75,15
ITM-10003724,ORD-1001489,PRD-10049,2,12.00,20
ITM-10003725,ORD-1001490,PRD-10050,3,13.25,0
ITM-10003726,ORD-1001490,PRD-10051,1,14.50,5
ITM-10003727,ORD-1001491,PRD-10052,2,15.75,10
ITM-10003728,ORD-1001491,PRD-10053,3,16.00,15
ITM-10003729,ORD-1001491,PRD-10054,1,17.25,20
ITM-10003730,ORD-1001492,PRD-10055,2,18.50,0
ITM-10003731,ORD-1001492,PRD-10056,3,19.75,5
ITM-10003732,ORD-1001493,PRD-10057,1,20.00,10
ITM-10003733,ORD-1001493,PRD-10058,2,21.25,15
ITM-10003734,ORD-1001493,PRD-10059,3,22.50,20
ITM-10003735,ORD-1001494,PRD-10060,1,23.75,0
ITM-10003736,ORD-1001494,PRD-10061,2,24.00,5
ITM-10003737,ORD-1001495,PRD-10062,3,25.25,10
ITM-10003738,ORD-1001495,PRD-10063,1,26.50,15
ITM-10003739,ORD-1001495,PRD-10064,2,27.75,20
ITM-10003740,ORD-1001496,PRD-10065,3,28.00,0
ITM-10003741,ORD-1001496,PRD-10066,1,29.25,5
ITM-10003742,ORD-1001497,PRD-10067,2,30.50,10
ITM-10003743,ORD-1001497,PRD-10068,3,31.75,15
ITM-10003744,ORD-1001497,PRD-10069,1,32.00,20
ITM-10003745,ORD-1001498,PRD-10070,2,33.25,0
ITM-10003746,ORD-1001498,PRD-10071,3,34.50,5
ITM-10003747,ORD-1001499,PRD-10072,1,35.75,10
ITM-10003748,ORD-1001499,PRD-10073,2,36.00,15
ITM-10003749,ORD-1001499,PRD-10074,3,37.25,20
ITM-10003750,ORD-1001500,PRD-10075,1,38.50,0
ITM-10003751,ORD-1001500,PRD-10076,2,39.75,5
ITM-10003752,ORD-1001501,PRD-10077,3,40.00,10
ITM-10003753,ORD-1001501,PRD-10078,1,41.25,15
ITM-10003754,ORD-1001501,PRD-10079,2,42.50,20
ITM-10003755,ORD-1001502,PRD-10080,3,43.75,0
ITM-10003756,ORD-1001502,PRD-10081,1,44.00,5
ITM-10003757,ORD-1001503,PRD-10082,2,45.25,10
ITM-10003758,ORD-1001503,PRD-10083,3,46.50,15
ITM-10003759,ORD-1001503,PRD-10084,1,47.75,20
ITM-10003760,ORD-1001504,PRD-10085,2,8.00,0
ITM-10003761,ORD-1001504,PRD-10086,3,9.25,5
ITM-10003762,ORD-1001505,PRD-10087,1,10.50,10
ITM-10003763,ORD-1001505,PRD-10088,2,11.75,15
ITM-10003764,ORD-1001505,PRD-10089,3,12.00,20
ITM-10003765,ORD-1001506,PRD-10090,1,13.25,0
ITM-10003766,ORD-1001506,PRD-10091,2,14.50,5
ITM-10003767,ORD-1001507,PRD-10092,3,15.75,10
ITM-10003768,ORD-1001507,PRD-10093,1,16.00,15
ITM-10003769,ORD-1001507,PRD-10094,2,17.25,20
ITM-10003770,ORD-1001508,PRD-10095,3,18.50,0
ITM-10003771,ORD-1001508,PRD-10096,1,19.75,5
ITM-10003772,ORD-1001509,PRD-10097,2,20.00,10
ITM-10003773,ORD-1001509,PRD-10098,3,21.25,15
ITM-10003774,ORD-1001509,PRD-10099,1,22.50,20
ITM-10003775,ORD-1001510,PRD-10100,2,23.75,0
ITM-10003776,ORD-1001510,PRD-10101,3,24.00,5
ITM-10003777,ORD-1001511,PRD-10102,1,25.25,10
ITM-10003778,ORD-1001511,PRD-10103,2,26.50,15
ITM-10003779,ORD-1001511,PRD-10104,3,27.75,20
ITM-10003780,ORD-1001512,PRD-10105,1,28.00,0
ITM-10003781,ORD-1001512,PRD-10106,2,29.25,5
ITM-10003782,ORD-1001513,PRD-10107,3,30.50,10
ITM-10003783,ORD-1001513,PRD-10108,1,31.75,15
ITM-10003784,ORD-1001513,PRD-10109,2,32.00,20
ITM-10003785,ORD-1001514,PRD-10110,3,33.25,0
ITM-10003786,ORD-1001514,PRD-10111,1,34.50,5
ITM-10003787,ORD-1001515,PRD-10112,2,35.75,10
ITM-10003788,ORD-1001515,PRD-10113,3,36.00,15
ITM-10003789,ORD-1001515,PRD-10114,1,37.25,20
ITM-10003790,ORD-1001516,PRD-10115,2,38.50,0
ITM-10003791,ORD-1001516,PRD-10116,3,39.75,5
ITM-10003792,ORD-1001517,PRD-10117,1,40.00,10
ITM-10003793,ORD-1001517,PRD-10118,2,41.25,15
ITM-10003794,ORD-1001517,PRD-10119,3,42.50,20
ITM-10003795,ORD-1001518,PRD-10120,1,43.75,0
ITM-10003796,ORD-1001518,PRD-10121,2,44.00,5
ITM-10003797,ORD-1001519,PRD-10122,3,45.25,10
ITM-10003798,ORD-1001519,PRD-10123,1,46.50,15
ITM-10003799,ORD-1001519,PRD-10124,2,47.75,20
ITM-10003800,ORD-1001520,PRD-10125,3,8.00,0
ITM-10003801,ORD-1001520,PRD-10126,1,9.25,5
ITM-10003802,ORD-1001521,PRD-10127,2,10.50,10
ITM-10003803,ORD-1001521,PRD-10128,3,11.75,15
ITM-10003804,ORD-1001521,PRD-10129,1,12.00,20
ITM-10003805,ORD-1001522,PRD-10130,2,13.25,0
ITM-10003806,ORD-1001522,PRD-10131,3,14.50,5
ITM-10003807,ORD-1001523,PRD-10132,1,15.75,10
ITM-10003808,ORD-1001523,PRD-10133,2,16.00,15
ITM-10003809,ORD-1001523,PRD-10134,3,17.25,20
ITM-10003810,ORD-1001524,PRD-10135,1,18.50,0
ITM-10003811,ORD-1001524,PRD-10136,2,19.75,5
ITM-10003812,ORD-1001525,PRD-10137,3,20.00,10
ITM-10003813,ORD-1001525,PRD-10138,1,21.25,15
ITM-10003814,ORD-1001525,PRD-10139,2,22.50,20
ITM-10003815,ORD-1001526,PRD-10140,3,23.75,0
ITM-10003816,ORD-1001526,PRD-10141,1,24.00,5
ITM-10003817,ORD-1001527,PRD-10142,2,25.25,10
ITM-10003818,ORD-1001527,PRD-10143,3,26.50,15
ITM-10003819,ORD-1001527,PRD-10144,1,27.75,20
ITM-10003820,ORD-1001528,PRD-10145,2,28.00,0
ITM-10003821,ORD-1001528,PRD-10146,3,29.25,5
ITM-10003822,ORD-1001529,PRD-10147,1,30.50,10
ITM-10003823,ORD-1001529,PRD-10148,2,31.75,15
ITM-10003824,ORD-1001529,PRD-10149,3,32.00,20
ITM-10003825,ORD-1001530,PRD-10150,1,33.25,0
ITM-10003826,ORD-1001530,PRD-10151,2,34.50,5
ITM-10003827,ORD-1001531,PRD-10152,3,35.75,10
ITM-10003828,ORD-1001531,PRD-10153,1,36.00,15
ITM-10003829,ORD-1001531,PRD-10154,2,37.25,20
ITM-10003830,ORD-1001532,PRD-10155,3,38.50,0
ITM-10003831,ORD-1001532,PRD-10156,1,39.75,5
ITM-10003832,ORD-1001533,PRD-10157,2,40.00,10
ITM-10003833,ORD-1001533,PRD-10158,3,41.25,15
ITM-10003834,ORD-1001533,PRD-10159,1,42.50,20
ITM-10003835,ORD-1001534,PRD-10160,2,43.75,0
ITM-10003836,ORD-1001534,PRD-10161,3,44.00,5
ITM-10003837,ORD-1001535,PRD-10162,1,45.25,10
ITM-10003838,ORD-1001535,PRD-10163,2,46.50,15
ITM-10003839,ORD-1001535,PRD-10164,3,47.75,20
ITM-10003840,ORD-1001536,PRD-10165,1,8.00,0
ITM-10003841,ORD-1001536,PRD-10166,2,9.25,5
ITM-10003842,ORD-1001537,PRD-10167,3,10.50,10
ITM-10003843,ORD-1001537,PRD-10168,1,11.75,15
ITM-10003844,ORD-1001537,PRD-10169,2,12.00,20
ITM-10003845,ORD-1001538,PRD-10170,3,13.25,0
ITM-10003846,ORD-1001538,PRD-10171,1,14.50,5
ITM-10003847,ORD-1001539,PRD-10172,2,15.75,10
ITM-10003848,ORD-1001539,PRD-10173,3,16.00,15
ITM-10003849,ORD-1001539,PRD-10174,1,17.25,20
ITM-10003850,ORD-1001540,PRD-10175,2,18.50,0
ITM-10003851,ORD-1001540,PRD-10176,3,19.75,5
ITM-10003852,ORD-1001541,PRD-10177,1,20.00,10
ITM-10003853,ORD-1001541,PRD-10178,2,21.25,15
ITM-10003854,ORD-1001541,PRD-10179,3,22.50,20
ITM-10003855,ORD-1001542,PRD-10180,1,23.75,0
ITM-10003856,ORD-1001542,PRD-10181,2,24.00,5
ITM-10003857,ORD-1001543,PRD-10182,3,25.25,10
ITM-10003858,ORD-1001543,PRD-10183,1,26.50,15
ITM-10003859,ORD-1001543,PRD-10184,2,27.75,20
ITM-10003860,ORD-1001544,PRD-10185,3,28.00,0
ITM-10003861,ORD-1001544,PRD-10186,1,29.25,5
ITM-10003862,ORD-1001545,PRD-10187,2,30.50,10
ITM-10003863,ORD-1001545,PRD-10188,3,31.75,15
ITM-10003864,ORD-1001545,PRD-10189,1,32.00,20
ITM-10003865,ORD-1001546,PRD-10190,2,33.25,0
ITM-10003866,ORD-1001546,PRD-10191,3,34.50,5
ITM-10003867,ORD-1001547,PRD-10192,1,35.75,10
ITM-10003868,ORD-1001547,PRD-10193,2,36.00,15
ITM-10003869,ORD-1001547,PRD-10194,3,37.25,20
ITM-10003870,ORD-1001548,PRD-10195,1,38.50,0
ITM-10003871,ORD-1001548,PRD-10196,2,39.75,5
ITM-10003872,ORD-1001549,PRD-10197,3,40.00,10
ITM-10003873,ORD-1001549,PRD-10198,1,41.25,15
ITM-10003874,ORD-1001549,PRD-10199,2,42.50,20
ITM-10003875,ORD-1001550,PRD-10200,3,43.75,0
ITM-10003876,ORD-1001550,PRD-10201,1,44.00,5
ITM-10003877,ORD-1001551,PRD-10202,2,45.25,10
ITM-10003878,ORD-1001551,PRD-10203,3,46.50,15
ITM-10003879,ORD-1001551,PRD-10204,1,47.75,20
ITM-10003880,ORD-1001552,PRD-10205,2,8.00,0
ITM-10003881,ORD-1001552,PRD-10206,3,9.25,5
ITM-10003882,ORD-1001553,PRD-10207,1,10.50,10
ITM-10003883,ORD-1001553,PRD-10208,2,11.75,15
ITM-10003884,ORD-1001553,PRD-10209,3,12.00,20
ITM-10003885,ORD-1001554,PRD-10025,1,13.25,0
ITM-10003886,ORD-1001554,PRD-10026,2,14.50,5
ITM-10003887,ORD-1001555,PRD-10027,3,15.75,10
ITM-10003888,ORD-1001555,PRD-10028,1,16.00,15
ITM-10003889,ORD-1001555,PRD-10029,2,17.25,20
ITM-10003890,ORD-1001556,PRD-10030,3,18.50,0
ITM-10003891,ORD-1001556,PRD-10031,1,19.75,5
ITM-10003892,ORD-1001557,PRD-10032,2,20.00,10
ITM-10003893,ORD-1001557,PRD-10033,3,21.25,15
ITM-10003894,ORD-1001557,PRD-10034,1,22.50,20
ITM-10003895,ORD-1001558,PRD-10035,2,23.75,0
ITM-10003896,ORD-1001558,PRD-10036,3,24.00,5
ITM-10003897,ORD-1001559,PRD-10037,1,25.25,10
ITM-10003898,ORD-1001559,PRD-10038,2,26.50,15
ITM-10003899,ORD-1001559,PRD-10039,3,27.75,20
ITM-10003900,ORD-1001560,PRD-10040,1,28.00,0
ITM-10003901,ORD-1001560,PRD-10041,2,29.25,5
ITM-10003902,ORD-1001561,PRD-10042,3,30.50,10
ITM-10003903,ORD-1001561,PRD-10043,1,31.75,15
ITM-10003904,ORD-1001561,PRD-10044,2,32.00,20
ITM-10003905,ORD-1001562,PRD-10045,3,33.25,0
ITM-10003906,ORD-1001562,PRD-10046,1,34.50,5
ITM-10003907,ORD-1001563,PRD-10047,2,35.75,10
ITM-10003908,ORD-1001563,PRD-10048,3,36.00,15
ITM-10003909,ORD-1001563,PRD-10049,1,37.25,20
ITM-10003910,ORD-1001564,PRD-10050,2,38.50,0
ITM-10003911,ORD-1001564,PRD-10051,3,39.75,5
ITM-10003912,ORD-1001565,PRD-10052,1,40.00,10
ITM-10003913,ORD-1001565,PRD-10053,2,41.25,15
ITM-10003914,ORD-1001565,PRD-10054,3,42.50,20
ITM-10003915,ORD-1001566,PRD-10055,1,43.75,0
ITM-10003916,ORD-1001566,PRD-10056,2,44.00,5
ITM-10003917,ORD-1001567,PRD-10057,3,45.25,10
ITM-10003918,ORD-1001567,PRD-10058,1,46.50,15
ITM-10003919,ORD-1001567,PRD-10059,2,47.75,20
ITM-10003920,ORD-1001568,PRD-10060,3,8.00,0
ITM-10003921,ORD-1001568,PRD-10061,1,9.25,5
ITM-10003922,ORD-1001569,PRD-10062,2,10.50,10
ITM-10003923,ORD-1001569,PRD-10063,3,11.75,15
ITM-10003924,ORD-1001569,PRD-10064,1,12.00,20
ITM-10003925,ORD-1001570,PRD-10065,2,13.25,0
ITM-10003926,ORD-1001570,PRD-10066,3,14.50,5
ITM-10003927,ORD-1001571,PRD-10067,1,15.75,10
ITM-10003928,ORD-1001571,PRD-10068,2,16.00,15
ITM-10003929,ORD-1001571,PRD-10069,3,17.25,20
ITM-10003930,ORD-1001572,PRD-10070,1,18.50,0
ITM-10003931,ORD-1001572,PRD-10071,2,19.75,5
ITM-10003932,ORD-1001573,PRD-10072,3,20.00,10
ITM-10003933,ORD-1001573,PRD-10073,1,21.25,15
ITM-10003934,ORD-1001573,PRD-10074,2,22.50,20
ITM-10003935,ORD-1001574,PRD-10075,3,23.75,0
ITM-10003936,ORD-1001574,PRD-10076,1,24.00,5
ITM-10003937,ORD-1001575,PRD-10077,2,25.25,10
ITM-10003938,ORD-1001575,PRD-10078,3,26.50,15
ITM-10003939,ORD-1001575,PRD-10079,1,27.75,20
ITM-10003940,ORD-1001576,PRD-10080,2,28.00,0
ITM-10003941,ORD-1001576,PRD-10081,3,29.25,5
ITM-10003942,ORD-1001577,PRD-10082,1,30.50,10
ITM-10003943,ORD-1001577,PRD-10083,2,31.75,15
ITM-10003944,ORD-1001577,PRD-10084,3,32.00,20
ITM-10003945,ORD-1001578,PRD-10085,1,33.25,0
ITM-10003946,ORD-1001578,PRD-10086,2,34.50,5
ITM-10003947,ORD-1001579,PRD-10087,3,35.75,10
ITM-10003948,ORD-1001579,PRD-10088,1,36.00,15
ITM-10003949,ORD-1001579,PRD-10089,2,37.25,20
ITM-10003950,ORD-1001580,PRD-10090,3,38.50,0
ITM-10003951,ORD-1001580,PRD-10091,1,39.75,5
ITM-10003952,ORD-1001581,PRD-10092,2,40.00,10
ITM-10003953,ORD-1001581,PRD-10093,3,41.25,15
ITM-10003954,ORD-1001581,PRD-10094,1,42.50,20
ITM-10003955,ORD-1001582,PRD-10095,2,43.75,0
ITM-10003956,ORD-1001582,PRD-10096,3,44.00,5
ITM-10003957,ORD-1001583,PRD-10097,1,45.25,10
ITM-10003958,ORD-1001583,PRD-10098,2,46.50,15
ITM-10003959,ORD-1001583,PRD-10099,3,47.75,20
ITM-10003960,ORD-1001584,PRD-10100,1,8.00,0
ITM-10003961,ORD-1001584,PRD-10101,2,9.25,5
ITM-10003962,ORD-1001585,PRD-10102,3,10.50,10
ITM-10003963,ORD-1001585,PRD-10103,1,11.75,15
ITM-10003964,ORD-1001585,PRD-10104,2,12.00,20
ITM-10003965,ORD-1001586,PRD-10105,3,13.25,0
ITM-10003966,ORD-1001586,PRD-10106,1,14.50,5
ITM-10003967,ORD-1001587,PRD-10107,2,15.75,10
ITM-10003968,ORD-1001587,PRD-10108,3,16.00,15
ITM-10003969,ORD-1001587,PRD-10109,1,17.25,20
ITM-10003970,ORD-1001588,PRD-10110,2,18.50,0
ITM-10003971,ORD-1001588,PRD-10111,3,19.75,5
ITM-10003972,ORD-1001589,PRD-10112,1,20.00,10
ITM-10003973,ORD-1001589,PRD-10113,2,21.25,15
ITM-10003974,ORD-1001589,PRD-10114,3,22.50,20
ITM-10003975,ORD-1001590,PRD-10115,1,23.75,0
ITM-10003976,ORD-1001590,PRD-10116,2,24.00,5
ITM-10003977,ORD-1001591,PRD-10117,3,25.25,10
ITM-10003978,ORD-1001591,PRD-10118,1,26.50,15
ITM-10003979,ORD-1001591,PRD-10119,2,27.75,20
ITM-10003980,ORD-1001592,PRD-10120,3,28.00,0
ITM-10003981,ORD-1001592,PRD-10121,1,29.25,5
ITM-10003982,ORD-1001593,PRD-10122,2,30.50,10
ITM-10003983,ORD-1001593,PRD-10123,3,31.75,15
ITM-10003984,ORD-1001593,PRD-10124,1,32.00,20
ITM-10003985,ORD-1001594,PRD-10125,2,33.25,0
ITM-10003986,ORD-1001594,PRD-10126,3,34.50,5
ITM-10003987,ORD-1001595,PRD-10127,1,35.75,10
ITM-10003988,ORD-1001595,PRD-10128,2,36.00,15
ITM-10003989,ORD-1001595,PRD-10129,3,37.25,20
ITM-10003990,ORD-1001596,PRD-10130,1,38.50,0
ITM-10003991,ORD-1001596,PRD-10131,2,39.75,5
ITM-10003992,ORD-1001597,PRD-10132,3,40.00,10
ITM-10003993,ORD-1001597,PRD-10133,1,41.25,15
ITM-10003994,ORD-1001597,PRD-10134,2,42.50,20
ITM-10003995,ORD-1001598,PRD-10135,3,43.75,0
ITM-10003996,ORD-1001598,PRD-10136,1,44.00,5
ITM-10003997,ORD-1001599,PRD-10137,2,45.25,10
ITM-10003998,ORD-1001599,PRD-10138,3,46.50,15
ITM-10003999,ORD-1001599,PRD-10139,1,47.75,20
ITM-10004000,ORD-1001600,PRD-10140,2,8.00,0
ITM-10004001,ORD-1001600,PRD-10141,3,9.25,5
ITM-10004002,ORD-1001601,PRD-10142,1,10.50,10
ITM-10004003,ORD-1001601,PRD-10143,2,11.75,15
ITM-10004004,ORD-1001601,PRD-10144,3,12.00,20
ITM-10004005,ORD-1001602,PRD-10145,1,13.25,0
ITM-10004006,ORD-1001602,PRD-10146,2,14.50,5
ITM-10004007,ORD-1001603,PRD-10147,3,15.75,10
ITM-10004008,ORD-1001603,PRD-10148,1,16.00,15
ITM-10004009,ORD-1001603,PRD-10149,2,17.25,20
ITM-10004010,ORD-1001604,PRD-10150,3,18.50,0
ITM-10004011,ORD-1001604,PRD-10151,1,19.75,5
ITM-10004012,ORD-1001605,PRD-10152,2,20.00,10
ITM-10004013,ORD-1001605,PRD-10153,3,21.25,15
ITM-10004014,ORD-1001605,PRD-10154,1,22.50,20
ITM-10004015,ORD-1001606,PRD-10155,2,23.75,0
ITM-10004016,ORD-1001606,PRD-10156,3,24.00,5
ITM-10004017,ORD-1001607,PRD-10157,1,25.25,10
ITM-10004018,ORD-1001607,PRD-10158,2,26.50,15
ITM-10004019,ORD-1001607,PRD-10159,3,27.75,20
ITM-10004020,ORD-1001608,PRD-10160,1,28.00,0
ITM-10004021,ORD-1001608,PRD-10161,2,29.25,5
ITM-10004022,ORD-1001609,PRD-10162,3,30.50,10
ITM-10004023,ORD-1001609,PRD-10163,1,31.75,15
ITM-10004024,ORD-1001609,PRD-10164,2,32.00,20
ITM-10004025,ORD-1001610,PRD-10165,3,33.25,0
ITM-10004026,ORD-1001610,PRD-10166,1,34.50,5
ITM-10004027,ORD-1001611,PRD-10167,2,35.75,10
ITM-10004028,ORD-1001611,PRD-10168,3,36.00,15
ITM-10004029,ORD-1001611,PRD-10169,1,37.25,20
ITM-10004030,ORD-1001612,PRD-10170,2,38.50,0
ITM-10004031,ORD-1001612,PRD-10171,3,39.75,5
ITM-10004032,ORD-1001613,PRD-10172,1,40.00,10
ITM-10004033,ORD-1001613,PRD-10173,2,41.25,15
ITM-10004034,ORD-1001613,PRD-10174,3,42.50,20
ITM-10004035,ORD-1001614,PRD-10175,1,43.75,0
ITM-10004036,ORD-1001614,PRD-10176,2,44.00,5
ITM-10004037,ORD-1001615,PRD-10177,3,45.25,10
ITM-10004038,ORD-1001615,PRD-10178,1,46.50,15
ITM-10004039,ORD-1001615,PRD-10179,2,47.75,20
ITM-10004040,ORD-1001616,PRD-10180,3,8.00,0
ITM-10004041,ORD-1001616,PRD-10181,1,9.25,5
ITM-10004042,ORD-1001617,PRD-10182,2,10.50,10
ITM-10004043,ORD-1001617,PRD-10183,3,11.75,15
ITM-10004044,ORD-1001617,PRD-10184,1,12.00,20
ITM-10004045,ORD-1001618,PRD-10185,2,13.25,0
ITM-10004046,ORD-1001618,PRD-10186,3,14.50,5
ITM-10004047,ORD-1001619,PRD-10187,1,15.75,10
ITM-10004048,ORD-1001619,PRD-10188,2,16.00,15
ITM-10004049,ORD-1001619,PRD-10189,3,17.25,20
ITM-10004050,ORD-1001620,PRD-10190,1,18.50,0
ITM-10004051,ORD-1001620,PRD-10191,2,19.75,5
ITM-10004052,ORD-1001621,PRD-10192,3,20.00,10
ITM-10004053,ORD-1001621,PRD-10193,1,21.25,15
ITM-10004054,ORD-1001621,PRD-10194,2,22.50,20
ITM-10004055,ORD-1001622,PRD-10195,3,23.75,0
ITM-10004056,ORD-1001622,PRD-10196,1,24.00,5
ITM-10004057,ORD-1001623,PRD-10197,2,25.25,10
ITM-10004058,ORD-1001623,PRD-10198,3,26.50,15
ITM-10004059,ORD-1001623,PRD-10199,1,27.75,20
ITM-10004060,ORD-1001624,PRD-10200,2,28.00,0
ITM-10004061,ORD-1001624,PRD-10201,3,29.25,5
ITM-10004062,ORD-1001625,PRD-10202,1,30.50,10
ITM-10004063,ORD-1001625,PRD-10203,2,31.75,15
ITM-10004064,ORD-1001625,PRD-10204,3,32.00,20
ITM-10004065,ORD-1001626,PRD-10205,1,33.25,0
ITM-10004066,ORD-1001626,PRD-10206,2,34.50,5
ITM-10004067,ORD-1001627,PRD-10207,3,35.75,10
ITM-10004068,ORD-1001627,PRD-10208,1,36.00,15
ITM-10004069,ORD-1001627,PRD-10209,2,37.25,20
ITM-10004070,ORD-1001628,PRD-10025,3,38.50,0
ITM-10004071,ORD-1001628,PRD-10026,1,39.75,5
ITM-10004072,ORD-1001629,PRD-10027,2,40.00,10
ITM-10004073,ORD-1001629,PRD-10028,3,41.25,15
ITM-10004074,ORD-1001629,PRD-10029,1,42.50,20
ITM-10004075,ORD-1001630,PRD-10030,2,43.75,0
ITM-10004076,ORD-1001630,PRD-10031,3,44.00,5
ITM-10004077,ORD-1001631,PRD-10032,1,45.25,10
ITM-10004078,ORD-1001631,PRD-10033,2,46.50,15
ITM-10004079,ORD-1001631,PRD-10034,3,47.75,20
ITM-10004080,ORD-1001632,PRD-10035,1,8.00,0
ITM-10004081,ORD-1001632,PRD-10036,2,9.25,5
ITM-10004082,ORD-1001633,PRD-10037,3,10.50,10
ITM-10004083,ORD-1001633,PRD-10038,1,11.75,15
ITM-10004084,ORD-1001633,PRD-10039,2,12.00,20
ITM-10004085,ORD-1001634,PRD-10040,3,13.25,0
ITM-10004086,ORD-1001634,PRD-10041,1,14.50,5
ITM-10004087,ORD-1001635,PRD-10042,2,15.75,10
ITM-10004088,ORD-1001635,PRD-10043,3,16.00,15
ITM-10004089,ORD-1001635,PRD-10044,1,17.25,20
ITM-10004090,ORD-1001636,PRD-10045,2,18.50,0
ITM-10004091,ORD-1001636,PRD-10046,3,19.75,5
ITM-10004092,ORD-1001637,PRD-10047,1,20.00,10
ITM-10004093,ORD-1001637,PRD-10048,2,21.25,15
ITM-10004094,ORD-1001637,PRD-10049,3,22.50,20
ITM-10004095,ORD-1001638,PRD-10050,1,23.75,0
ITM-10004096,ORD-1001638,PRD-10051,2,24.00,5
ITM-10004097,ORD-1001639,PRD-10052,3,25.25,10
ITM-10004098,ORD-1001639,PRD-10053,1,26.50,15
ITM-10004099,ORD-1001639,PRD-10054,2,27.75,20
ITM-10004100,ORD-1001640,PRD-10055,3,28.00,0
ITM-10004101,ORD-1001640,PRD-10056,1,29.25,5
ITM-10004102,ORD-1001641,PRD-10057,2,30.50,10
ITM-10004103,ORD-1001641,PRD-10058,3,31.75,15
ITM-10004104,ORD-1001641,PRD-10059,1,32.00,20
ITM-10004105,ORD-1001642,PRD-10060,2,33.25,0
ITM-10004106,ORD-1001642,PRD-10061,3,34.50,5
ITM-10004107,ORD-1001643,PRD-10062,1,35.75,10
ITM-10004108,ORD-1001643,PRD-10063,2,36.00,15
ITM-10004109,ORD-1001643,PRD-10064,3,37.25,20
ITM-10004110,ORD-1001644,PRD-10065,1,38.50,0
ITM-10004111,ORD-1001644,PRD-10066,2,39.75,5
ITM-10004112,ORD-1001645,PRD-10067,3,40.00,10
ITM-10004113,ORD-1001645,PRD-10068,1,41.25,15
ITM-10004114,ORD-1001645,PRD-10069,2,42.50,20
ITM-10004115,ORD-1001646,PRD-10070,3,43.75,0
ITM-10004116,ORD-1001646,PRD-10071,1,44.00,5
ITM-10004117,ORD-1001647,PRD-10072,2,45.25,10
ITM-10004118,ORD-1001647,PRD-10073,3,46.50,15
ITM-10004119,ORD-1001647,PRD-10074,1,47.75,20
ITM-10004120,ORD-1001648,PRD-10075,2,8.00,0
ITM-10004121,ORD-1001648,PRD-10076,3,9.25,5
ITM-10004122,ORD-1001649,PRD-10077,1,10.50,10
ITM-10004123,ORD-1001649,PRD-10078,2,11.75,15
ITM-10004124,ORD-1001649,PRD-10079,3,12.00,20
ITM-10004125,ORD-1001650,PRD-10080,1,13.25,0
ITM-10004126,ORD-1001650,PRD-10081,2,14.50,5
ITM-10004127,ORD-1001651,PRD-10082,3,15.75,10
ITM-10004128,ORD-1001651,PRD-10083,1,16.00,15
ITM-10004129,ORD-1001651,PRD-10084,2,17.25,20
ITM-10004130,ORD-1001652,PRD-10085,3,18.50,0
ITM-10004131,ORD-1001652,PRD-10086,1,19.75,5
ITM-10004132,ORD-1001653,PRD-10087,2,20.00,10
ITM-10004133,ORD-1001653,PRD-10088,3,21.25,15
ITM-10004134,ORD-1001653,PRD-10089,1,22.50,20
ITM-10004135,ORD-1001654,PRD-10090,2,23.75,0
ITM-10004136,ORD-1001654,PRD-10091,3,24.00,5
ITM-10004137,ORD-1001655,PRD-10092,1,25.25,10
ITM-10004138,ORD-1001655,PRD-10093,2,26.50,15
ITM-10004139,ORD-1001655,PRD-10094,3,27.75,20
ITM-10004140,ORD-1001656,PRD-10095,1,28.00,0
ITM-10004141,ORD-1001656,PRD-10096,2,29.25,5
ITM-10004142,ORD-1001657,PRD-10097,3,30.50,10
ITM-10004143,ORD-1001657,PRD-10098,1,31.75,15
ITM-10004144,ORD-1001657,PRD-10099,2,32.00,20
ITM-10004145,ORD-1001658,PRD-10100,3,33.25,0
ITM-10004146,ORD-1001658,PRD-10101,1,34.50,5
ITM-10004147,ORD-1001659,PRD-10102,2,35.75,10
ITM-10004148,ORD-1001659,PRD-10103,3,36.00,15
ITM-10004149,ORD-1001659,PRD-10104,1,37.25,20
ITM-10004150,ORD-1001660,PRD-10105,2,38.50,0
ITM-10004151,ORD-1001660,PRD-10106,3,39.75,5
ITM-10004152,ORD-1001661,PRD-10107,1,40.00,10
ITM-10004153,ORD-1001661,PRD-10108,2,41.25,15
ITM-10004154,ORD-1001661,PRD-10109,3,42.50,20
ITM-10004155,ORD-1001662,PRD-10110,1,43.75,0
ITM-10004156,ORD-1001662,PRD-10111,2,44.00,5
ITM-10004157,ORD-1001663,PRD-10112,3,45.25,10
ITM-10004158,ORD-1001663,PRD-10113,1,46.50,15
ITM-10004159,ORD-1001663,PRD-10114,2,47.75,20
ITM-10004160,ORD-1001664,PRD-10115,3,8.00,0
ITM-10004161,ORD-1001664,PRD-10116,1,9.25,5
ITM-10004162,ORD-1001665,PRD-10117,2,10.50,10
ITM-10004163,ORD-1001665,PRD-10118,3,11.75,15
ITM-10004164,ORD-1001665,PRD-10119,1,12.00,20
ITM-10004165,ORD-1001666,PRD-10120,2,13.25,0
ITM-10004166,ORD-1001666,PRD-10121,3,14.50,5
ITM-10004167,ORD-1001667,PRD-10122,1,15.75,10
ITM-10004168,ORD-1001667,PRD-10123,2,16.00,15
ITM-10004169,ORD-1001667,PRD-10124,3,17.25,20
ITM-10004170,ORD-1001668,PRD-10125,1,18.50,0
ITM-10004171,ORD-1001668,PRD-10126,2,19.75,5
ITM-10004172,ORD-1001669,PRD-10127,3,20.00,10
ITM-10004173,ORD-1001669,PRD-10128,1,21.25,15
ITM-10004174,ORD-1001669,PRD-10129,2,22.50,20
ITM-10004175,ORD-1001670,PRD-10130,3,23.75,0
ITM-10004176,ORD-1001670,PRD-10131,1,24.00,5
ITM-10004177,ORD-1001671,PRD-10132,2,25.25,10
ITM-10004178,ORD-1001671,PRD-10133,3,26.50,15
ITM-10004179,ORD-1001671,PRD-10134,1,27.75,20
ITM-10004180,ORD-1001672,PRD-10135,2,28.00,0
ITM-10004181,ORD-1001672,PRD-10136,3,29.25,5
ITM-10004182,ORD-1001673,PRD-10137,1,30.50,10
ITM-10004183,ORD-1001673,PRD-10138,2,31.75,15
ITM-10004184,ORD-1001673,PRD-10139,3,32.00,20
ITM-10004185,ORD-1001674,PRD-10140,1,33.25,0
ITM-10004186,ORD-1001674,PRD-10141,2,34.50,5
ITM-10004187,ORD-1001675,PRD-10142,3,35.75,10
ITM-10004188,ORD-1001675,PRD-10143,1,36.00,15
ITM-10004189,ORD-1001675,PRD-10144,2,37.25,20
ITM-10004190,ORD-1001676,PRD-10145,3,38.50,0
ITM-10004191,ORD-1001676,PRD-10146,1,39.75,5
ITM-10004192,ORD-1001677,PRD-10147,2,40.00,10
ITM-10004193,ORD-1001677,PRD-10148,3,41.25,15
ITM-10004194,ORD-1001677,PRD-10149,1,42.50,20
ITM-10004195,ORD-1001678,PRD-10150,2,43.75,0
ITM-10004196,ORD-1001678,PRD-10151,3,44.00,5
ITM-10004197,ORD-1001679,PRD-10152,1,45.25,10
ITM-10004198,ORD-1001679,PRD-10153,2,46.50,15
ITM-10004199,ORD-1001679,PRD-10154,3,47.75,20
ITM-10004200,ORD-1001680,PRD-10155,1,8.00,0
ITM-10004201,ORD-1001680,PRD-10156,2,9.25,5
ITM-10004202,ORD-1001681,PRD-10157,3,10.50,10
ITM-10004203,ORD-1001681,PRD-10158,1,11.75,15
ITM-10004204,ORD-1001681,PRD-10159,2,12.00,20
ITM-10004205,ORD-1001682,PRD-10160,3,13.25,0
ITM-10004206,ORD-1001682,PRD-10161,1,14.50,5
ITM-10004207,ORD-1001683,PRD-10162,2,15.75,10
ITM-10004208,ORD-1001683,PRD-10163,3,16.00,15
ITM-10004209,ORD-1001683,PRD-10164,1,17.25,20
ITM-10004210,ORD-1001684,PRD-10165,2,18.50,0
ITM-10004211,ORD-1001684,PRD-10166,3,19.75,5
ITM-10004212,ORD-1001685,PRD-10167,1,20.00,10
ITM-10004213,ORD-1001685,PRD-10168,2,21.25,15
ITM-10004214,ORD-1001685,PRD-10169,3,22.50,20
ITM-10004215,ORD-1001686,PRD-10170,1,23.75,0
ITM-10004216,ORD-1001686,PRD-10171,2,24.00,5
ITM-10004217,ORD-1001687,PRD-10172,3,25.25,10
ITM-10004218,ORD-1001687,PRD-10173,1,26.50,15
ITM-10004219,ORD-1001687,PRD-10174,2,27.75,20
ITM-10004220,ORD-1001688,PRD-10175,3,28.00,0
ITM-10004221,ORD-1001688,PRD-10176,1,29.25,5
ITM-10004222,ORD-1001689,PRD-10177,2,30.50,10
ITM-10004223,ORD-1001689,PRD-10178,3,31.75,15
ITM-10004224,ORD-1001689,PRD-10179,1,32.00,20
ITM-10004225,ORD-1001690,PRD-10180,2,33.25,0
ITM-10004226,ORD-1001690,PRD-10181,3,34.50,5
ITM-10004227,ORD-1001691,PRD-10182,1,35.75,10
ITM-10004228,ORD-1001691,PRD-10183,2,36.00,15
ITM-10004229,ORD-1001691,PRD-10184,3,37.25,20
ITM-10004230,ORD-1001692,PRD-10185,1,38.50,0
ITM-10004231,ORD-1001692,PRD-10186,2,39.75,5
ITM-10004232,ORD-1001693,PRD-10187,3,40.00,10
ITM-10004233,ORD-1001693,PRD-10188,1,41.25,15
ITM-10004234,ORD-1001693,PRD-10189,2,42.50,20
ITM-10004235,ORD-1001694,PRD-10190,3,43.75,0
ITM-10004236,ORD-1001694,PRD-10191,1,44.00,5
ITM-10004237,ORD-1001695,PRD-10192,2,45.25,10
ITM-10004238,ORD-1001695,PRD-10193,3,46.50,15
ITM-10004239,ORD-1001695,PRD-10194,1,47.75,20
ITM-10004240,ORD-1001696,PRD-10195,2,8.00,0
ITM-10004241,ORD-1001696,PRD-10196,3,9.25,5
ITM-10004242,ORD-1001697,PRD-10197,1,10.50,10
ITM-10004243,ORD-1001697,PRD-10198,2,11.75,15
ITM-10004244,ORD-1001697,PRD-10199,3,12.00,20
ITM-10004245,ORD-1001698,PRD-10200,1,13.25,0
ITM-10004246,ORD-1001698,PRD-10201,2,14.50,5
ITM-10004247,ORD-1001699,PRD-10202,3,15.75,10
ITM-10004248,ORD-1001699,PRD-10203,1,16.00,15
ITM-10004249,ORD-1001699,PRD-10204,2,17.25,20
ITM-10004250,ORD-1001700,PRD-10205,3,18.50,0
ITM-10004251,ORD-1001700,PRD-10206,1,19.75,5
ITM-10004252,ORD-1001701,PRD-10207,2,20.00,10
ITM-10004253,ORD-1001701,PRD-10208,3,21.25,15
ITM-10004254,ORD-1001701,PRD-10209,1,22.50,20
ITM-10004255,ORD-1001702,PRD-10025,2,23.75,0
ITM-10004256,ORD-1001702,PRD-10026,3,24.00,5
ITM-10004257,ORD-1001703,PRD-10027,1,25.25,10
ITM-10004258,ORD-1001703,PRD-10028,2,26.50,15
ITM-10004259,ORD-1001703,PRD-10029,3,27.75,20
ITM-10004260,ORD-1001704,PRD-10030,1,28.00,0
ITM-10004261,ORD-1001704,PRD-10031,2,29.25,5
ITM-10004262,ORD-1001705,PRD-10032,3,30.50,10
ITM-10004263,ORD-1001705,PRD-10033,1,31.75,15
ITM-10004264,ORD-1001705,PRD-10034,2,32.00,20
ITM-10004265,ORD-1001706,PRD-10035,3,33.25,0
ITM-10004266,ORD-1001706,PRD-10036,1,34.50,5
ITM-10004267,ORD-1001707,PRD-10037,2,35.75,10
ITM-10004268,ORD-1001707,PRD-10038,3,36.00,15
ITM-10004269,ORD-1001707,PRD-10039,1,37.25,20
ITM-10004270,ORD-1001708,PRD-10040,2,38.50,0
ITM-10004271,ORD-1001708,PRD-10041,3,39.75,5
ITM-10004272,ORD-1001709,PRD-10042,1,40.00,10
ITM-10004273,ORD-1001709,PRD-10043,2,41.25,15
ITM-10004274,ORD-1001709,PRD-10044,3,42.50,20
ITM-10004275,ORD-1001710,PRD-10045,1,43.75,0
ITM-10004276,ORD-1001710,PRD-10046,2,44.00,5
ITM-10004277,ORD-1001711,PRD-10047,3,45.25,10
ITM-10004278,ORD-1001711,PRD-10048,1,46.50,15
ITM-10004279,ORD-1001711,PRD-10049,2,47.75,20
ITM-10004280,ORD-1001712,PRD-10050,3,8.00,0
ITM-10004281,ORD-1001712,PRD-10051,1,9.25,5
ITM-10004282,ORD-1001713,PRD-10052,2,10.50,10
ITM-10004283,ORD-1001713,PRD-10053,3,11.75,15
ITM-10004284,ORD-1001713,PRD-10054,1,12.00,20
ITM-10004285,ORD-1001714,PRD-10055,2,13.25,0
ITM-10004286,ORD-1001714,PRD-10056,3,14.50,5
ITM-10004287,ORD-1001715,PRD-10057,1,15.75,10
ITM-10004288,ORD-1001715,PRD-10058,2,16.00,15
ITM-10004289,ORD-1001715,PRD-10059,3,17.25,20
ITM-10004290,ORD-1001716,PRD-10060,1,18.50,0
ITM-10004291,ORD-1001716,PRD-10061,2,19.75,5
ITM-10004292,ORD-1001717,PRD-10062,3,20.00,10
ITM-10004293,ORD-1001717,PRD-10063,1,21.25,15
ITM-10004294,ORD-1001717,PRD-10064,2,22.50,20
ITM-10004295,ORD-1001718,PRD-10065,3,23.75,0
ITM-10004296,ORD-1001718,PRD-10066,1,24.00,5
ITM-10004297,ORD-1001719,PRD-10067,2,25.25,10
ITM-10004298,ORD-1001719,PRD-10068,3,26.50,15
ITM-10004299,ORD-1001719,PRD-10069,1,27.75,20
ITM-10004300,ORD-1001720,PRD-10070,2,28.00,0
ITM-10004301,ORD-1001720,PRD-10071,3,29.25,5
ITM-10004302,ORD-1001721,PRD-10072,1,30.50,10
ITM-10004303,ORD-1001721,PRD-10073,2,31.75,15
ITM-10004304,ORD-1001721,PRD-10074,3,32.00,20
ITM-10004305,ORD-1001722,PRD-10075,1,33.25,0
ITM-10004306,ORD-1001722,PRD-10076,2,34.50,5
ITM-10004307,ORD-1001723,PRD-10077,3,35.75,10
ITM-10004308,ORD-1001723,PRD-10078,1,36.00,15
ITM-10004309,ORD-1001723,PRD-10079,2,37.25,20
ITM-10004310,ORD-1001724,PRD-10080,3,38.50,0
ITM-10004311,ORD-1001724,PRD-10081,1,39.75,5
ITM-10004312,ORD-1001725,PRD-10082,2,40.00,10
ITM-10004313,ORD-1001725,PRD-10083,3,41.25,15
ITM-10004314,ORD-1001725,PRD-10084,1,42.50,20
ITM-10004315,ORD-1001726,PRD-10085,2,43.75,0
ITM-10004316,ORD-1001726,PRD-10086,3,44.00,5
ITM-10004317,ORD-1001727,PRD-10087,1,45.25,10
ITM-10004318,ORD-1001727,PRD-10088,2,46.50,15
ITM-10004319,ORD-1001727,PRD-10089,3,47.75,20
ITM-10004320,ORD-1001728,PRD-10090,1,8.00,0
ITM-10004321,ORD-1001728,PRD-10091,2,9.25,5
ITM-10004322,ORD-1001729,PRD-10092,3,10.50,10
ITM-10004323,ORD-1001729,PRD-10093,1,11.75,15
ITM-10004324,ORD-1001729,PRD-10094,2,12.00,20
ITM-10004325,ORD-1001730,PRD-10095,3,13.25,0
ITM-10004326,ORD-1001730,PRD-10096,1,14.50,5
ITM-10004327,ORD-1001731,PRD-10097,2,15.75,10
ITM-10004328,ORD-1001731,PRD-10098,3,16.00,15
ITM-10004329,ORD-1001731,PRD-10099,1,17.25,20
ITM-10004330,ORD-1001732,PRD-10100,2,18.50,0
ITM-10004331,ORD-1001732,PRD-10101,3,19.75,5
ITM-10004332,ORD-1001733,PRD-10102,1,20.00,10
ITM-10004333,ORD-1001733,PRD-10103,2,21.25,15
ITM-10004334,ORD-1001733,PRD-10104,3,22.50,20
ITM-10004335,ORD-1001734,PRD-10105,1,23.75,0
ITM-10004336,ORD-1001734,PRD-10106,2,24.00,5
ITM-10004337,ORD-1001735,PRD-10107,3,25.25,10
ITM-10004338,ORD-1001735,PRD-10108,1,26.50,15
ITM-10004339,ORD-1001735,PRD-10109,2,27.75,20
ITM-10004340,ORD-1001736,PRD-10110,3,28.00,0
ITM-10004341,ORD-1001736,PRD-10111,1,29.25,5
ITM-10004342,ORD-1001737,PRD-10112,2,30.50,10
ITM-10004343,ORD-1001737,PRD-10113,3,31.75,15
ITM-10004344,ORD-1001737,PRD-10114,1,32.00,20
ITM-10004345,ORD-1001738,PRD-10115,2,33.25,0
ITM-10004346,ORD-1001738,PRD-10116,3,34.50,5
ITM-10004347,ORD-1001739,PRD-10117,1,35.75,10
ITM-10004348,ORD-1001739,PRD-10118,2,36.00,15
ITM-10004349,ORD-1001739,PRD-10119,3,37.25,20
ITM-10004350,ORD-1001740,PRD-10120,1,38.50,0
ITM-10004351,ORD-1001740,PRD-10121,2,39.75,5
ITM-10004352,ORD-1001741,PRD-10122,3,40.00,10
ITM-10004353,ORD-1001741,PRD-10123,1,41.25,15
ITM-10004354,ORD-1001741,PRD-10124,2,42.50,20
ITM-10004355,ORD-1001742,PRD-10125,3,43.75,0
ITM-10004356,ORD-1001742,PRD-10126,1,44.00,5
ITM-10004357,ORD-1001743,PRD-10127,2,45.25,10
ITM-10004358,ORD-1001743,PRD-10128,3,46.50,15
ITM-10004359,ORD-1001743,PRD-10129,1,47.75,20
ITM-10004360,ORD-1001744,PRD-10130,2,8.00,0
ITM-10004361,ORD-1001744,PRD-10131,3,9.25,5
ITM-10004362,ORD-1001745,PRD-10132,1,10.50,10
ITM-10004363,ORD-1001745,PRD-10133,2,11.75,15
ITM-10004364,ORD-1001745,PRD-10134,3,12.00,20
ITM-10004365,ORD-1001746,PRD-10135,1,13.25,0
ITM-10004366,ORD-1001746,PRD-10136,2,14.50,5
ITM-10004367,ORD-1001747,PRD-10137,3,15.75,10
ITM-10004368,ORD-1001747,PRD-10138,1,16.00,15
ITM-10004369,ORD-1001747,PRD-10139,2,17.25,20
ITM-10004370,ORD-1001748,PRD-10140,3,18.50,0
ITM-10004371,ORD-1001748,PRD-10141,1,19.75,5
ITM-10004372,ORD-1001749,PRD-10142,2,20.00,10
ITM-10004373,ORD-1001749,PRD-10143,3,21.25,15
ITM-10004374,ORD-1001749,PRD-10144,1,22.50,20
ITM-10004375,ORD-1001750,PRD-10145,2,23.75,0
ITM-10004376,ORD-1001750,PRD-10146,3,24.00,5
ITM-10004377,ORD-1001751,PRD-10147,1,25.25,10
ITM-10004378,ORD-1001751,PRD-10148,2,26.50,15
ITM-10004379,ORD-1001751,PRD-10149,3,27.75,20
ITM-10004380,ORD-1001752,PRD-10150,1,28.00,0
ITM-10004381,ORD-1001752,PRD-10151,2,29.25,5
ITM-10004382,ORD-1001753,PRD-10152,3,30.50,10
ITM-10004383,ORD-1001753,PRD-10153,1,31.75,15
ITM-10004384,ORD-1001753,PRD-10154,2,32.00,20
ITM-10004385,ORD-1001754,PRD-10155,3,33.25,0
ITM-10004386,ORD-1001754,PRD-10156,1,34.50,5
ITM-10004387,ORD-1001755,PRD-10157,2,35.75,10
ITM-10004388,ORD-1001755,PRD-10158,3,36.00,15
ITM-10004389,ORD-1001755,PRD-10159,1,37.25,20
ITM-10004390,ORD-1001756,PRD-10160,2,38.50,0
ITM-10004391,ORD-1001756,PRD-10161,3,39.75,5
ITM-10004392,ORD-1001757,PRD-10162,1,40.00,10
ITM-10004393,ORD-1001757,PRD-10163,2,41.25,15
ITM-10004394,ORD-1001757,PRD-10164,3,42.50,20
ITM-10004395,ORD-1001758,PRD-10165,1,43.75,0
ITM-10004396,ORD-1001758,PRD-10166,2,44.00,5
ITM-10004397,ORD-1001759,PRD-10167,3,45.25,10
ITM-10004398,ORD-1001759,PRD-10168,1,46.50,15
ITM-10004399,ORD-1001759,PRD-10169,2,47.75,20
ITM-10004400,ORD-1001760,PRD-10170,3,8.00,0
ITM-10004401,ORD-1001760,PRD-10171,1,9.25,5
ITM-10004402,ORD-1001761,PRD-10172,2,10.50,10
ITM-10004403,ORD-1001761,PRD-10173,3,11.75,15
ITM-10004404,ORD-1001761,PRD-10174,1,12.00,20
ITM-10004405,ORD-1001762,PRD-10175,2,13.25,0
ITM-10004406,ORD-1001762,PRD-10176,3,14.50,5
ITM-10004407,ORD-1001763,PRD-10177,1,15.75,10
ITM-10004408,ORD-1001763,PRD-10178,2,16.00,15
ITM-10004409,ORD-1001763,PRD-10179,3,17.25,20
ITM-10004410,ORD-1001764,PRD-10180,1,18.50,0
ITM-10004411,ORD-1001764,PRD-10181,2,19.75,5
ITM-10004412,ORD-1001765,PRD-10182,3,20.00,10
ITM-10004413,ORD-1001765,PRD-10183,1,21.25,15
ITM-10004414,ORD-1001765,PRD-10184,2,22.50,20
ITM-10004415,ORD-1001766,PRD-10185,3,23.75,0
ITM-10004416,ORD-1001766,PRD-10186,1,24.00,5
ITM-10004417,ORD-1001767,PRD-10187,2,25.25,10
ITM-10004418,ORD-1001767,PRD-10188,3,26.50,15
ITM-10004419,ORD-1001767,PRD-10189,1,27.75,20
ITM-10004420,ORD-1001768,PRD-10190,2,28.00,0
ITM-10004421,ORD-1001768,PRD-10191,3,29.25,5
ITM-10004422,ORD-1001769,PRD-10192,1,30.50,10
ITM-10004423,ORD-1001769,PRD-10193,2,31.75,15
ITM-10004424,ORD-1001769,PRD-10194,3,32.00,20
ITM-10004425,ORD-1001770,PRD-10195,1,33.25,0
ITM-10004426,ORD-1001770,PRD-10196,2,34.50,5
ITM-10004427,ORD-1001771,PRD-10197,3,35.75,10
ITM-10004428,ORD-1001771,PRD-10198,1,36.00,15
ITM-10004429,ORD-1001771,PRD-10199,2,37.25,20
ITM-10004430,ORD-1001772,PRD-10200,3,38.50,0
ITM-10004431,ORD-1001772,PRD-10201,1,39.75,5
ITM-10004432,ORD-1001773,PRD-10202,2,40.00,10
ITM-10004433,ORD-1001773,PRD-10203,3,41.25,15
ITM-10004434,ORD-1001773,PRD-10204,1,42.50,20
ITM-10004435,ORD-1001774,PRD-10205,2,43.75,0
ITM-10004436,ORD-1001774,PRD-10206,3,44.00,5
ITM-10004437,ORD-1001775,PRD-10207,1,45.25,10
ITM-10004438,ORD-1001775,PRD-10208,2,46.50,15
ITM-10004439,ORD-1001775,PRD-10209,3,47.75,20
ITM-10004440,ORD-1001776,PRD-10025,1,8.00,0
ITM-10004441,ORD-1001776,PRD-10026,2,9.25,5
ITM-10004442,ORD-1001777,PRD-10027,3,10.50,10
ITM-10004443,ORD-1001777,PRD-10028,1,11.75,15
ITM-10004444,ORD-1001777,PRD-10029,2,12.00,20
ITM-10004445,ORD-1001778,PRD-10030,3,13.25,0
ITM-10004446,ORD-1001778,PRD-10031,1,14.50,5
ITM-10004447,ORD-1001779,PRD-10032,2,15.75,10
ITM-10004448,ORD-1001779,PRD-10033,3,16.00,15
ITM-10004449,ORD-1001779,PRD-10034,1,17.25,20
ITM-10004450,ORD-1001780,PRD-10035,2,18.50,0
ITM-10004451,ORD-1001780,PRD-10036,3,19.75,5
ITM-10004452,ORD-1001781,PRD-10037,1,20.00,10
ITM-10004453,ORD-1001781,PRD-10038,2,21.25,15
ITM-10004454,ORD-1001781,PRD-10039,3,22.50,20
ITM-10004455,ORD-1001782,PRD-10040,1,23.75,0
ITM-10004456,ORD-1001782,PRD-10041,2,24.00,5
ITM-10004457,ORD-1001783,PRD-10042,3,25.25,10
ITM-10004458,ORD-1001783,PRD-10043,1,26.50,15
ITM-10004459,ORD-1001783,PRD-10044,2,27.75,20
ITM-10004460,ORD-1001784,PRD-10045,3,28.00,0
ITM-10004461,ORD-1001784,PRD-10046,1,29.25,5
ITM-10004462,ORD-1001785,PRD-10047,2,30.50,10
ITM-10004463,ORD-1001785,PRD-10048,3,31.75,15
ITM-10004464,ORD-1001785,PRD-10049,1,32.00,20
ITM-10004465,ORD-1001786,PRD-10050,2,33.25,0
ITM-10004466,ORD-1001786,PRD-10051,3,34.50,5
ITM-10004467,ORD-1001787,PRD-10052,1,35.75,10
ITM-10004468,ORD-1001787,PRD-10053,2,36.00,15
ITM-10004469,ORD-1001787,PRD-10054,3,37.25,20
ITM-10004470,ORD-1001788,PRD-10055,1,38.50,0
ITM-10004471,ORD-1001788,PRD-10056,2,39.75,5
ITM-10004472,ORD-1001789,PRD-10057,3,40.00,10
ITM-10004473,ORD-1001789,PRD-10058,1,41.25,15
ITM-10004474,ORD-1001789,PRD-10059,2,42.50,20
ITM-10004475,ORD-1001790,PRD-10060,3,43.75,0
ITM-10004476,ORD-1001790,PRD-10061,1,44.00,5
ITM-10004477,ORD-1001791,PRD-10062,2,45.25,10
ITM-10004478,ORD-1001791,PRD-10063,3,46.50,15
ITM-10004479,ORD-1001791,PRD-10064,1,47.75,20
ITM-10004480,ORD-1001792,PRD-10065,2,8.00,0
ITM-10004481,ORD-1001792,PRD-10066,3,9.25,5
ITM-10004482,ORD-1001793,PRD-10067,1,10.50,10
ITM-10004483,ORD-1001793,PRD-10068,2,11.75,15
ITM-10004484,ORD-1001793,PRD-10069,3,12.00,20
ITM-10004485,ORD-1001794,PRD-10070,1,13.25,0
ITM-10004486,ORD-1001794,PRD-10071,2,14.50,5
ITM-10004487,ORD-1001795,PRD-10072,3,15.75,10
ITM-10004488,ORD-1001795,PRD-10073,1,16.00,15
ITM-10004489,ORD-1001795,PRD-10074,2,17.25,20
ITM-10004490,ORD-1001796,PRD-10075,3,18.50,0
ITM-10004491,ORD-1001796,PRD-10076,1,19.75,5
ITM-10004492,ORD-1001797,PRD-10077,2,20.00,10
ITM-10004493,ORD-1001797,PRD-10078,3,21.25,15
ITM-10004494,ORD-1001797,PRD-10079,1,22.50,20
ITM-10004495,ORD-1001798,PRD-10080,2,23.75,0
ITM-10004496,ORD-1001798,PRD-10081,3,24.00,5
ITM-10004497,ORD-1001799,PRD-10082,1,25.25,10
ITM-10004498,ORD-1001799,PRD-10083,2,26.50,15
ITM-10004499,ORD-1001799,PRD-10084,3,27.75,20
ITM-10004500,ORD-1001800,PRD-10085,1,28.00,0
ITM-10004501,ORD-1001800,PRD-10086,2,29.25,5
ITM-10004502,ORD-1001801,PRD-10087,3,30.50,10
ITM-10004503,ORD-1001801,PRD-10088,1,31.75,15
ITM-10004504,ORD-1001801,PRD-10089,2,32.00,20
ITM-10004505,ORD-1001802,PRD-10090,3,33.25,0
ITM-10004506,ORD-1001802,PRD-10091,1,34.50,5
ITM-10004507,ORD-1001803,PRD-10092,2,35.75,10
ITM-10004508,ORD-1001803,PRD-10093,3,36.00,15
ITM-10004509,ORD-1001803,PRD-10094,1,37.25,20
ITM-10004510,ORD-1001804,PRD-10095,2,38.50,0
ITM-10004511,ORD-1001804,PRD-10096,3,39.75,5
ITM-10004512,ORD-1001805,PRD-10097,1,40.00,10
ITM-10004513,ORD-1001805,PRD-10098,2,41.25,15
ITM-10004514,ORD-1001805,PRD-10099,3,42.50,20
ITM-10004515,ORD-1001806,PRD-10100,1,43.75,0
ITM-10004516,ORD-1001806,PRD-10101,2,44.00,5
ITM-10004517,ORD-1001807,PRD-10102,3,45.25,10
ITM-10004518,ORD-1001807,PRD-10103,1,46.50,15
ITM-10004519,ORD-1001807,PRD-10104,2,47.75,20
ITM-10004520,ORD-1001808,PRD-10105,3,8.00,0
ITM-10004521,ORD-1001808,PRD-10106,1,9.25,5
ITM-10004522,ORD-1001809,PRD-10107,2,10.50,10
ITM-10004523,ORD-1001809,PRD-10108,3,11.75,15
ITM-10004524,ORD-1001809,PRD-10109,1,12.00,20
ITM-10004525,ORD-1001810,PRD-10110,2,13.25,0
ITM-10004526,ORD-1001810,PRD-10111,3,14.50,5
ITM-10004527,ORD-1001811,PRD-10112,1,15.75,10
ITM-10004528,ORD-1001811,PRD-10113,2,16.00,15
ITM-10004529,ORD-1001811,PRD-10114,3,17.25,20
ITM-10004530,ORD-1001812,PRD-10115,1,18.50,0
ITM-10004531,ORD-1001812,PRD-10116,2,19.75,5
ITM-10004532,ORD-1001813,PRD-10117,3,20.00,10
ITM-10004533,ORD-1001813,PRD-10118,1,21.25,15
ITM-10004534,ORD-1001813,PRD-10119,2,22.50,20
ITM-10004535,ORD-1001814,PRD-10120,3,23.75,0
ITM-10004536,ORD-1001814,PRD-10121,1,24.00,5
ITM-10004537,ORD-1001815,PRD-10122,2,25.25,10
ITM-10004538,ORD-1001815,PRD-10123,3,26.50,15
ITM-10004539,ORD-1001815,PRD-10124,1,27.75,20
ITM-10004540,ORD-1001816,PRD-10125,2,28.00,0
ITM-10004541,ORD-1001816,PRD-10126,3,29.25,5
ITM-10004542,ORD-1001817,PRD-10127,1,30.50,10
ITM-10004543,ORD-1001817,PRD-10128,2,31.75,15
ITM-10004544,ORD-1001817,PRD-10129,3,32.00,20
ITM-10004545,ORD-1001818,PRD-10130,1,33.25,0
ITM-10004546,ORD-1001818,PRD-10131,2,34.50,5
ITM-10004547,ORD-1001819,PRD-10132,3,35.75,10
ITM-10004548,ORD-1001819,PRD-10133,1,36.00,15
ITM-10004549,ORD-1001819,PRD-10134,2,37.25,20
ITM-10004550,ORD-1001820,PRD-10135,3,38.50,0
ITM-10004551,ORD-1001820,PRD-10136,1,39.75,5
ITM-10004552,ORD-1001821,PRD-10137,2,40.00,10
ITM-10004553,ORD-1001821,PRD-10138,3,41.25,15
ITM-10004554,ORD-1001821,PRD-10139,1,42.50,20
ITM-10004555,ORD-1001822,PRD-10140,2,43.75,0
ITM-10004556,ORD-1001822,PRD-10141,3,44.00,5
ITM-10004557,ORD-1001823,PRD-10142,1,45.25,10
ITM-10004558,ORD-1001823,PRD-10143,2,46.50,15
ITM-10004559,ORD-1001823,PRD-10144,3,47.75,20
ITM-10004560,ORD-1001824,PRD-10145,1,8.00,0
ITM-10004561,ORD-1001824,PRD-10146,2,9.25,5
ITM-10004562,ORD-1001825,PRD-10147,3,10.50,10
ITM-10004563,ORD-1001825,PRD-10148,1,11.75,15
ITM-10004564,ORD-1001825,PRD-10149,2,12.00,20
ITM-10004565,ORD-1001826,PRD-10150,3,13.25,0
ITM-10004566,ORD-1001826,PRD-10151,1,14.50,5
ITM-10004567,ORD-1001827,PRD-10152,2,15.75,10
ITM-10004568,ORD-1001827,PRD-10153,3,16.00,15
ITM-10004569,ORD-1001827,PRD-10154,1,17.25,20
ITM-10004570,ORD-1001828,PRD-10155,2,18.50,0
ITM-10004571,ORD-1001828,PRD-10156,3,19.75,5
ITM-10004572,ORD-1001829,PRD-10157,1,20.00,10
ITM-10004573,ORD-1001829,PRD-10158,2,21.25,15
ITM-10004574,ORD-1001829,PRD-10159,3,22.50,20
ITM-10004575,ORD-1001830,PRD-10160,1,23.75,0
ITM-10004576,ORD-1001830,PRD-10161,2,24.00,5
ITM-10004577,ORD-1001831,PRD-10162,3,25.25,10
ITM-10004578,ORD-1001831,PRD-10163,1,26.50,15
ITM-10004579,ORD-1001831,PRD-10164,2,27.75,20
ITM-10004580,ORD-1001832,PRD-10165,3,28.00,0
ITM-10004581,ORD-1001832,PRD-10166,1,29.25,5
ITM-10004582,ORD-1001833,PRD-10167,2,30.50,10
ITM-10004583,ORD-1001833,PRD-10168,3,31.75,15
ITM-10004584,ORD-1001833,PRD-10169,1,32.00,20
ITM-10004585,ORD-1001834,PRD-10170,2,33.25,0
ITM-10004586,ORD-1001834,PRD-10171,3,34.50,5
ITM-10004587,ORD-1001835,PRD-10172,1,35.75,10
ITM-10004588,ORD-1001835,PRD-10173,2,36.00,15
ITM-10004589,ORD-1001835,PRD-10174,3,37.25,20
ITM-10004590,ORD-1001836,PRD-10175,1,38.50,0
ITM-10004591,ORD-1001836,PRD-10176,2,39.75,5
ITM-10004592,ORD-1001837,PRD-10177,3,40.00,10
ITM-10004593,ORD-1001837,PRD-10178,1,41.25,15
ITM-10004594,ORD-1001837,PRD-10179,2,42.50,20
ITM-10004595,ORD-1001838,PRD-10180,3,43.75,0
ITM-10004596,ORD-1001838,PRD-10181,1,44.00,5
ITM-10004597,ORD-1001839,PRD-10182,2,45.25,10
ITM-10004598,ORD-1001839,PRD-10183,3,46.50,15
ITM-10004599,ORD-1001839,PRD-10184,1,47.75,20
ITM-10004600,ORD-1001840,PRD-10185,2,8.00,0
ITM-10004601,ORD-1001840,PRD-10186,3,9.25,5
ITM-10004602,ORD-1001841,PRD-10187,1,10.50,10
ITM-10004603,ORD-1001841,PRD-10188,2,11.75,15
ITM-10004604,ORD-1001841,PRD-10189,3,12.00,20
ITM-10004605,ORD-1001842,PRD-10190,1,13.25,0
ITM-10004606,ORD-1001842,PRD-10191,2,14.50,5
ITM-10004607,ORD-1001843,PRD-10192,3,15.75,10
ITM-10004608,ORD-1001843,PRD-10193,1,16.00,15
ITM-10004609,ORD-1001843,PRD-10194,2,17.25,20
ITM-10004610,ORD-1001844,PRD-10195,3,18.50,0
ITM-10004611,ORD-1001844,PRD-10196,1,19.75,5
ITM-10004612,ORD-1001845,PRD-10197,2,20.00,10
ITM-10004613,ORD-1001845,PRD-10198,3,21.25,15
ITM-10004614,ORD-1001845,PRD-10199,1,22.50,20
ITM-10004615,ORD-1001846,PRD-10200,2,23.75,0
ITM-10004616,ORD-1001846,PRD-10201,3,24.00,5
ITM-10004617,ORD-1001847,PRD-10202,1,25.25,10
ITM-10004618,ORD-1001847,PRD-10203,2,26.50,15
ITM-10004619,ORD-1001847,PRD-10204,3,27.75,20
ITM-10004620,ORD-1001848,PRD-10205,1,28.00,0
ITM-10004621,ORD-1001848,PRD-10206,2,29.25,5
ITM-10004622,ORD-1001849,PRD-10207,3,30.50,10
ITM-10004623,ORD-1001849,PRD-10208,1,31.75,15
ITM-10004624,ORD-1001849,PRD-10209,2,32.00,20
ITM-10004625,ORD-1001850,PRD-10025,3,33.25,0
ITM-10004626,ORD-1001850,PRD-10026,1,34.50,5
ITM-10004627,ORD-1001851,PRD-10027,2,35.75,10
ITM-10004628,ORD-1001851,PRD-10028,3,36.00,15
ITM-10004629,ORD-1001851,PRD-10029,1,37.25,20
ITM-10004630,ORD-1001852,PRD-10030,2,38.50,0
ITM-10004631,ORD-1001852,PRD-10031,3,39.75,5
ITM-10004632,ORD-1001853,PRD-10032,1,40.00,10
ITM-10004633,ORD-1001853,PRD-10033,2,41.25,15
ITM-10004634,ORD-1001853,PRD-10034,3,42.50,20
ITM-10004635,ORD-1001854,PRD-10035,1,43.75,0
ITM-10004636,ORD-1001854,PRD-10036,2,44.00,5
ITM-10004637,ORD-1001855,PRD-10037,3,45.25,10
ITM-10004638,ORD-1001855,PRD-10038,1,46.50,15
ITM-10004639,ORD-1001855,PRD-10039,2,47.75,20
ITM-10004640,ORD-1001856,PRD-10040,3,8.00,0
ITM-10004641,ORD-1001856,PRD-10041,1,9.25,5
ITM-10004642,ORD-1001857,PRD-10042,2,10.50,10
ITM-10004643,ORD-1001857,PRD-10043,3,11.75,15
ITM-10004644,ORD-1001857,PRD-10044,1,12.00,20
ITM-10004645,ORD-1001858,PRD-10045,2,13.25,0
ITM-10004646,ORD-1001858,PRD-10046,3,14.50,5
ITM-10004647,ORD-1001859,PRD-10047,1,15.75,10
ITM-10004648,ORD-1001859,PRD-10048,2,16.00,15
ITM-10004649,ORD-1001859,PRD-10049,3,17.25,20
ITM-10004650,ORD-1001860,PRD-10050,1,18.50,0
ITM-10004651,ORD-1001860,PRD-10051,2,19.75,5
ITM-10004652,ORD-1001861,PRD-10052,3,20.00,10
ITM-10004653,ORD-1001861,PRD-10053,1,21.25,15
ITM-10004654,ORD-1001861,PRD-10054,2,22.50,20
ITM-10004655,ORD-1001862,PRD-10055,3,23.75,0
ITM-10004656,ORD-1001862,PRD-10056,1,24.00,5
ITM-10004657,ORD-1001863,PRD-10057,2,25.25,10
ITM-10004658,ORD-1001863,PRD-10058,3,26.50,15
ITM-10004659,ORD-1001863,PRD-10059,1,27.75,20
ITM-10004660,ORD-1001864,PRD-10060,2,28.00,0
ITM-10004661,ORD-1001864,PRD-10061,3,29.25,5
ITM-10004662,ORD-1001865,PRD-10062,1,30.50,10
ITM-10004663,ORD-1001865,PRD-10063,2,31.75,15
ITM-10004664,ORD-1001865,PRD-10064,3,32.00,20
ITM-10004665,ORD-1001866,PRD-10065,1,33.25,0
ITM-10004666,ORD-1001866,PRD-10066,2,34.50,5
ITM-10004667,ORD-1001867,PRD-10067,3,35.75,10
ITM-10004668,ORD-1001867,PRD-10068,1,36.00,15
ITM-10004669,ORD-1001867,PRD-10069,2,37.25,20
ITM-10004670,ORD-1001868,PRD-10070,3,38.50,0
ITM-10004671,ORD-1001868,PRD-10071,1,39.75,5
ITM-10004672,ORD-1001869,PRD-10072,2,40.00,10
ITM-10004673,ORD-1001869,PRD-10073,3,41.25,15
ITM-10004674,ORD-1001869,PRD-10074,1,42.50,20
ITM-10004675,ORD-1001870,PRD-10075,2,43.75,0
ITM-10004676,ORD-1001870,PRD-10076,3,44.00,5
ITM-10004677,ORD-1001871,PRD-10077,1,45.25,10
ITM-10004678,ORD-1001871,PRD-10078,2,46.50,15
ITM-10004679,ORD-1001871,PRD-10079,3,47.75,20
ITM-10004680,ORD-1001872,PRD-10080,1,8.00,0
ITM-10004681,ORD-1001872,PRD-10081,2,9.25,5
ITM-10004682,ORD-1001873,PRD-10082,3,10.50,10
ITM-10004683,ORD-1001873,PRD-10083,1,11.75,15
ITM-10004684,ORD-1001873,PRD-10084,2,12.00,20
ITM-10004685,ORD-1001874,PRD-10085,3,13.25,0
ITM-10004686,ORD-1001874,PRD-10086,1,14.50,5
ITM-10004687,ORD-1001875,PRD-10087,2,15.75,10
ITM-10004688,ORD-1001875,PRD-10088,3,16.00,15
ITM-10004689,ORD-1001875,PRD-10089,1,17.25,20
ITM-10004690,ORD-1001876,PRD-10090,2,18.50,0
ITM-10004691,ORD-1001876,PRD-10091,3,19.75,5
ITM-10004692,ORD-1001877,PRD-10092,1,20.00,10
ITM-10004693,ORD-1001877,PRD-10093,2,21.25,15
ITM-10004694,ORD-1001877,PRD-10094,3,22.50,20
ITM-10004695,ORD-1001878,PRD-10095,1,23.75,0
ITM-10004696,ORD-1001878,PRD-10096,2,24.00,5
ITM-10004697,ORD-1001879,PRD-10097,3,25.25,10
ITM-10004698,ORD-1001879,PRD-10098,1,26.50,15
ITM-10004699,ORD-1001879,PRD-10099,2,27.75,20
ITM-10004700,ORD-1001880,PRD-10100,3,28.00,0
ITM-10004701,ORD-1001880,PRD-10101,1,29.25,5
ITM-10004702,ORD-1001881,PRD-10102,2,30.50,10
ITM-10004703,ORD-1001881,PRD-10103,3,31.75,15
ITM-10004704,ORD-1001881,PRD-10104,1,32.00,20
ITM-10004705,ORD-1001882,PRD-10105,2,33.25,0
ITM-10004706,ORD-1001882,PRD-10106,3,34.50,5
ITM-10004707,ORD-1001883,PRD-10107,1,35.75,10
ITM-10004708,ORD-1001883,PRD-10108,2,36.00,15
ITM-10004709,ORD-1001883,PRD-10109,3,37.25,20
ITM-10004710,ORD-1001884,PRD-10110,1,38.50,0
ITM-10004711,ORD-1001884,PRD-10111,2,39.75,5
ITM-10004712,ORD-1001885,PRD-10112,3,40.00,10
ITM-10004713,ORD-1001885,PRD-10113,1,41.25,15
ITM-10004714,ORD-1001885,PRD-10114,2,42.50,20
ITM-10004715,ORD-1001886,PRD-10115,3,43.75,0
ITM-10004716,ORD-1001886,PRD-10116,1,44.00,5
ITM-10004717,ORD-1001887,PRD-10117,2,45.25,10
ITM-10004718,ORD-1001887,PRD-10118,3,46.50,15
ITM-10004719,ORD-1001887,PRD-10119,1,47.75,20
ITM-10004720,ORD-1001888,PRD-10120,2,8.00,0
ITM-10004721,ORD-1001888,PRD-10121,3,9.25,5
ITM-10004722,ORD-1001889,PRD-10122,1,10.50,10
ITM-10004723,ORD-1001889,PRD-10123,2,11.75,15
ITM-10004724,ORD-1001889,PRD-10124,3,12.00,20
ITM-10004725,ORD-1001890,PRD-10125,1,13.25,0
ITM-10004726,ORD-1001890,PRD-10126,2,14.50,5
ITM-10004727,ORD-1001891,PRD-10127,3,15.75,10
ITM-10004728,ORD-1001891,PRD-10128,1,16.00,15
ITM-10004729,ORD-1001891,PRD-10129,2,17.25,20
ITM-10004730,ORD-1001892,PRD-10130,3,18.50,0
ITM-10004731,ORD-1001892,PRD-10131,1,19.75,5
ITM-10004732,ORD-1001893,PRD-10132,2,20.00,10
ITM-10004733,ORD-1001893,PRD-10133,3,21.25,15
ITM-10004734,ORD-1001893,PRD-10134,1,22.50,20
ITM-10004735,ORD-1001894,PRD-10135,2,23.75,0
ITM-10004736,ORD-1001894,PRD-10136,3,24.00,5
ITM-10004737,ORD-1001895,PRD-10137,1,25.25,10
ITM-10004738,ORD-1001895,PRD-10138,2,26.50,15
ITM-10004739,ORD-1001895,PRD-10139,3,27.75,20
ITM-10004740,ORD-1001896,PRD-10140,1,28.00,0
ITM-10004741,ORD-1001896,PRD-10141,2,29.25,5
ITM-10004742,ORD-1001897,PRD-10142,3,30.50,10
ITM-10004743,ORD-1001897,PRD-10143,1,31.75,15
ITM-10004744,ORD-1001897,PRD-10144,2,32.00,20
ITM-10004745,ORD-1001898,PRD-10145,3,33.25,0
ITM-10004746,ORD-1001898,PRD-10146,1,34.50,5
ITM-10004747,ORD-1001899,PRD-10147,2,35.75,10
ITM-10004748,ORD-1001899,PRD-10148,3,36.00,15
ITM-10004749,ORD-1001899,PRD-10149,1,37.25,20
ITM-10004750,ORD-1001900,PRD-10150,2,38.50,0
ITM-10004751,ORD-1001900,PRD-10151,3,39.75,5
ITM-10004752,ORD-1001901,PRD-10152,1,40.00,10
ITM-10004753,ORD-1001901,PRD-10153,2,41.25,15
ITM-10004754,ORD-1001901,PRD-10154,3,42.50,20
ITM-10004755,ORD-1001902,PRD-10155,1,43.75,0
ITM-10004756,ORD-1001902,PRD-10156,2,44.00,5
ITM-10004757,ORD-1001903,PRD-10157,3,45.25,10
ITM-10004758,ORD-1001903,PRD-10158,1,46.50,15
ITM-10004759,ORD-1001903,PRD-10159,2,47.75,20
ITM-10004760,ORD-1001904,PRD-10160,3,8.00,0
ITM-10004761,ORD-1001904,PRD-10161,1,9.25,5
ITM-10004762,ORD-1001905,PRD-10162,2,10.50,10
ITM-10004763,ORD-1001905,PRD-10163,3,11.75,15
ITM-10004764,ORD-1001905,PRD-10164,1,12.00,20
ITM-10004765,ORD-1001906,PRD-10165,2,13.25,0
ITM-10004766,ORD-1001906,PRD-10166,3,14.50,5
ITM-10004767,ORD-1001907,PRD-10167,1,15.75,10
ITM-10004768,ORD-1001907,PRD-10168,2,16.00,15
ITM-10004769,ORD-1001907,PRD-10169,3,17.25,20
ITM-10004770,ORD-1001908,PRD-10170,1,18.50,0
ITM-10004771,ORD-1001908,PRD-10171,2,19.75,5
ITM-10004772,ORD-1001909,PRD-10172,3,20.00,10
ITM-10004773,ORD-1001909,PRD-10173,1,21.25,15
ITM-10004774,ORD-1001909,PRD-10174,2,22.50,20
ITM-10004775,ORD-1001910,PRD-10175,3,23.75,0
ITM-10004776,ORD-1001910,PRD-10176,1,24.00,5
ITM-10004777,ORD-1001911,PRD-10177,2,25.25,10
ITM-10004778,ORD-1001911,PRD-10178,3,26.50,15
ITM-10004779,ORD-1001911,PRD-10179,1,27.75,20
ITM-10004780,ORD-1001912,PRD-10180,2,28.00,0
ITM-10004781,ORD-1001912,PRD-10181,3,29.25,5
ITM-10004782,ORD-1001913,PRD-10182,1,30.50,10
ITM-10004783,ORD-1001913,PRD-10183,2,31.75,15
ITM-10004784,ORD-1001913,PRD-10184,3,32.00,20
ITM-10004785,ORD-1001914,PRD-10185,1,33.25,0
ITM-10004786,ORD-1001914,PRD-10186,2,34.50,5
ITM-10004787,ORD-1001915,PRD-10187,3,35.75,10
ITM-10004788,ORD-1001915,PRD-10188,1,36.00,15
ITM-10004789,ORD-1001915,PRD-10189,2,37.25,20
ITM-10004790,ORD-1001916,PRD-10190,3,38.50,0
ITM-10004791,ORD-1001916,PRD-10191,1,39.75,5
ITM-10004792,ORD-1001917,PRD-10192,2,40.00,10
ITM-10004793,ORD-1001917,PRD-10193,3,41.25,15
ITM-10004794,ORD-1001917,PRD-10194,1,42.50,20
ITM-10004795,ORD-1001918,PRD-10195,2,43.75,0
ITM-10004796,ORD-1001918,PRD-10196,3,44.00,5
ITM-10004797,ORD-1001919,PRD-10197,1,45.25,10
ITM-10004798,ORD-1001919,PRD-10198,2,46.50,15
ITM-10004799,ORD-1001919,PRD-10199,3,47.75,20
ITM-10004800,ORD-1001920,PRD-10200,1,8.00,0
ITM-10004801,ORD-1001920,PRD-10201,2,9.25,5
ITM-10004802,ORD-1001921,PRD-10202,3,10.50,10
ITM-10004803,ORD-1001921,PRD-10203,1,11.75,15
ITM-10004804,ORD-1001921,PRD-10204,2,12.00,20
ITM-10004805,ORD-1001922,PRD-10205,3,13.25,0
ITM-10004806,ORD-1001922,PRD-10206,1,14.50,5
ITM-10004807,ORD-1001923,PRD-10207,2,15.75,10
ITM-10004808,ORD-1001923,PRD-10208,3,16.00,15
ITM-10004809,ORD-1001923,PRD-10209,1,17.25,20
ITM-10004810,ORD-1001924,PRD-10025,2,18.50,0
ITM-10004811,ORD-1001924,PRD-10026,3,19.75,5
ITM-10004812,ORD-1001925,PRD-10027,1,20.00,10
ITM-10004813,ORD-1001925,PRD-10028,2,21.25,15
ITM-10004814,ORD-1001925,PRD-10029,3,22.50,20
ITM-10004815,ORD-1001926,PRD-10030,1,23.75,0
ITM-10004816,ORD-1001926,PRD-10031,2,24.00,5
ITM-10004817,ORD-1001927,PRD-10032,3,25.25,10
ITM-10004818,ORD-1001927,PRD-10033,1,26.50,15
ITM-10004819,ORD-1001927,PRD-10034,2,27.75,20
ITM-10004820,ORD-1001928,PRD-10035,3,28.00,0
ITM-10004821,ORD-1001928,PRD-10036,1,29.25,5
ITM-10004822,ORD-1001929,PRD-10037,2,30.50,10
ITM-10004823,ORD-1001929,PRD-10038,3,31.75,15
ITM-10004824,ORD-1001929,PRD-10039,1,32.00,20
ITM-10004825,ORD-1001930,PRD-10040,2,33.25,0
ITM-10004826,ORD-1001930,PRD-10041,3,34.50,5
ITM-10004827,ORD-1001931,PRD-10042,1,35.75,10
ITM-10004828,ORD-1001931,PRD-10043,2,36.00,15
ITM-10004829,ORD-1001931,PRD-10044,3,37.25,20
ITM-10004830,ORD-1001932,PRD-10045,1,38.50,0
ITM-10004831,ORD-1001932,PRD-10046,2,39.75,5
ITM-10004832,ORD-1001933,PRD-10047,3,40.00,10
ITM-10004833,ORD-1001933,PRD-10048,1,41.25,15
ITM-10004834,ORD-1001933,PRD-10049,2,42.50,20
ITM-10004835,ORD-1001934,PRD-10050,3,43.75,0
ITM-10004836,ORD-1001934,PRD-10051,1,44.00,5
ITM-10004837,ORD-1001935,PRD-10052,2,45.25,10
ITM-10004838,ORD-1001935,PRD-10053,3,46.50,15
ITM-10004839,ORD-1001935,PRD-10054,1,47.75,20
ITM-10004840,ORD-1001936,PRD-10055,2,8.00,0
ITM-10004841,ORD-1001936,PRD-10056,3,9.25,5
ITM-10004842,ORD-1001937,PRD-10057,1,10.50,10
ITM-10004843,ORD-1001937,PRD-10058,2,11.75,15
ITM-10004844,ORD-1001937,PRD-10059,3,12.00,20
ITM-10004845,ORD-1001938,PRD-10060,1,13.25,0
ITM-10004846,ORD-1001938,PRD-10061,2,14.50,5
ITM-10004847,ORD-1001939,PRD-10062,3,15.75,10
ITM-10004848,ORD-1001939,PRD-10063,1,16.00,15
ITM-10004849,ORD-1001939,PRD-10064,2,17.25,20
ITM-10004850,ORD-1001940,PRD-10065,3,18.50,0
ITM-10004851,ORD-1001940,PRD-10066,1,19.75,5
ITM-10004852,ORD-1001941,PRD-10067,2,20.00,10
ITM-10004853,ORD-1001941,PRD-10068,3,21.25,15
ITM-10004854,ORD-1001941,PRD-10069,1,22.50,20
ITM-10004855,ORD-1001942,PRD-10070,2,23.75,0
ITM-10004856,ORD-1001942,PRD-10071,3,24.00,5
ITM-10004857,ORD-1001943,PRD-10072,1,25.25,10
ITM-10004858,ORD-1001943,PRD-10073,2,26.50,15
ITM-10004859,ORD-1001943,PRD-10074,3,27.75,20
ITM-10004860,ORD-1001944,PRD-10075,1,28.00,0
ITM-10004861,ORD-1001944,PRD-10076,2,29.25,5
ITM-10004862,ORD-1001945,PRD-10077,3,30.50,10
ITM-10004863,ORD-1001945,PRD-10078,1,31.75,15
ITM-10004864,ORD-1001945,PRD-10079,2,32.00,20
ITM-10004865,ORD-1001946,PRD-10080,3,33.25,0
ITM-10004866,ORD-1001946,PRD-10081,1,34.50,5
ITM-10004867,ORD-1001947,PRD-10082,2,35.75,10
ITM-10004868,ORD-1001947,PRD-10083,3,36.00,15
ITM-10004869,ORD-1001947,PRD-10084,1,37.25,20
ITM-10004870,ORD-1001948,PRD-10085,2,38.50,0
ITM-10004871,ORD-1001948,PRD-10086,3,39.75,5
ITM-10004872,ORD-1001949,PRD-10087,1,40.00,10
ITM-10004873,ORD-1001949,PRD-10088,2,41.25,15
ITM-10004874,ORD-1001949,PRD-10089,3,42.50,20
ITM-10004875,ORD-1001950,PRD-10090,1,43.75,0
ITM-10004876,ORD-1001950,PRD-10091,2,44.00,5
ITM-10004877,ORD-1001951,PRD-10092,3,45.25,10
ITM-10004878,ORD-1001951,PRD-10093,1,46.50,15
ITM-10004879,ORD-1001951,PRD-10094,2,47.75,20
ITM-10004880,ORD-1001952,PRD-10095,3,8.00,0
ITM-10004881,ORD-1001952,PRD-10096,1,9.25,5
ITM-10004882,ORD-1001953,PRD-10097,2,10.50,10
ITM-10004883,ORD-1001953,PRD-10098,3,11.75,15
ITM-10004884,ORD-1001953,PRD-10099,1,12.00,20
ITM-10004885,ORD-1001954,PRD-10100,2,13.25,0
ITM-10004886,ORD-1001954,PRD-10101,3,14.50,5
ITM-10004887,ORD-1001955,PRD-10102,1,15.75,10
ITM-10004888,ORD-1001955,PRD-10103,2,16.00,15
ITM-10004889,ORD-1001955,PRD-10104,3,17.25,20
ITM-10004890,ORD-1001956,PRD-10105,1,18.50,0
ITM-10004891,ORD-1001956,PRD-10106,2,19.75,5
ITM-10004892,ORD-1001957,PRD-10107,3,20.00,10
ITM-10004893,ORD-1001957,PRD-10108,1,21.25,15
ITM-10004894,ORD-1001957,PRD-10109,2,22.50,20
ITM-10004895,ORD-1001958,PRD-10110,3,23.75,0
ITM-10004896,ORD-1001958,PRD-10111,1,24.00,5
ITM-10004897,ORD-1001959,PRD-10112,2,25.25,10
ITM-10004898,ORD-1001959,PRD-10113,3,26.50,15
ITM-10004899,ORD-1001959,PRD-10114,1,27.75,20
ITM-10004900,ORD-1001960,PRD-10115,2,28.00,0
ITM-10004901,ORD-1001960,PRD-10116,3,29.25,5
ITM-10004902,ORD-1001961,PRD-10117,1,30.50,10
ITM-10004903,ORD-1001961,PRD-10118,2,31.75,15
ITM-10004904,ORD-1001961,PRD-10119,3,32.00,20
ITM-10004905,ORD-1001962,PRD-10120,1,33.25,0
ITM-10004906,ORD-1001962,PRD-10121,2,34.50,5
ITM-10004907,ORD-1001963,PRD-10122,3,35.75,10
ITM-10004908,ORD-1001963,PRD-10123,1,36.00,15
ITM-10004909,ORD-1001963,PRD-10124,2,37.25,20
ITM-10004910,ORD-1001964,PRD-10125,3,38.50,0
ITM-10004911,ORD-1001964,PRD-10126,1,39.75,5
ITM-10004912,ORD-1001965,PRD-10127,2,40.00,10
ITM-10004913,ORD-1001965,PRD-10128,3,41.25,15
ITM-10004914,ORD-1001965,PRD-10129,1,42.50,20
ITM-10004915,ORD-1001966,PRD-10130,2,43.75,0
ITM-10004916,ORD-1001966,PRD-10131,3,44.00,5
ITM-10004917,ORD-1001967,PRD-10132,1,45.25,10
ITM-10004918,ORD-1001967,PRD-10133,2,46.50,15
ITM-10004919,ORD-1001967,PRD-10134,3,47.75,20
ITM-10004920,ORD-1001968,PRD-10135,1,8.00,0
ITM-10004921,ORD-1001968,PRD-10136,2,9.25,5
ITM-10004922,ORD-1001969,PRD-10137,3,10.50,10
ITM-10004923,ORD-1001969,PRD-10138,1,11.75,15
ITM-10004924,ORD-1001969,PRD-10139,2,12.00,20
ITM-10004925,ORD-1001970,PRD-10140,3,13.25,0
ITM-10004926,ORD-1001970,PRD-10141,1,14.50,5
ITM-10004927,ORD-1001971,PRD-10142,2,15.75,10
ITM-10004928,ORD-1001971,PRD-10143,3,16.00,15
ITM-10004929,ORD-1001971,PRD-10144,1,17.25,20
ITM-10004930,ORD-1001972,PRD-10145,2,18.50,0
ITM-10004931,ORD-1001972,PRD-10146,3,19.75,5
ITM-10004932,ORD-1001973,PRD-10147,1,20.00,10
ITM-10004933,ORD-1001973,PRD-10148,2,21.25,15
ITM-10004934,ORD-1001973,PRD-10149,3,22.50,20
ITM-10004935,ORD-1001974,PRD-10150,1,23.75,0
ITM-10004936,ORD-1001974,PRD-10151,2,24.00,5
ITM-10004937,ORD-1001975,PRD-10152,3,25.25,10
ITM-10004938,ORD-1001975,PRD-10153,1,26.50,15
ITM-10004939,ORD-1001975,PRD-10154,2,27.75,20
ITM-10004940,ORD-1001976,PRD-10155,3,28.00,0
ITM-10004941,ORD-1001976,PRD-10156,1,29.25,5
ITM-10004942,ORD-1001977,PRD-10157,2,30.50,10
ITM-10004943,ORD-1001977,PRD-10158,3,31.75,15
ITM-10004944,ORD-1001977,PRD-10159,1,32.00,20
ITM-10004945,ORD-1001978,PRD-10160,2,33.25,0
ITM-10004946,ORD-1001978,PRD-10161,3,34.50,5
ITM-10004947,ORD-1001979,PRD-10162,1,35.75,10
ITM-10004948,ORD-1001979,PRD-10163,2,36.00,15
ITM-10004949,ORD-1001979,PRD-10164,3,37.25,20
ITM-10004950,ORD-1001980,PRD-10165,1,38.50,0
ITM-10004951,ORD-1001980,PRD-10166,2,39.75,5
ITM-10004952,ORD-1001981,PRD-10167,3,40.00,10
ITM-10004953,ORD-1001981,PRD-10168,1,41.25,15
ITM-10004954,ORD-1001981,PRD-10169,2,42.50,20
ITM-10004955,ORD-1001982,PRD-10170,3,43.75,0
ITM-10004956,ORD-1001982,PRD-10171,1,44.00,5
ITM-10004957,ORD-1001983,PRD-10172,2,45.25,10
ITM-10004958,ORD-1001983,PRD-10173,3,46.50,15
ITM-10004959,ORD-1001983,PRD-10174,1,47.75,20
ITM-10004960,ORD-1001984,PRD-10175,2,8.00,0
ITM-10004961,ORD-1001984,PRD-10176,3,9.25,5
ITM-10004962,ORD-1001985,PRD-10177,1,10.50,10
ITM-10004963,ORD-1001985,PRD-10178,2,11.75,15
ITM-10004964,ORD-1001985,PRD-10179,3,12.00,20
ITM-10004965,ORD-1001986,PRD-10180,1,13.25,0
ITM-10004966,ORD-1001986,PRD-10181,2,14.50,5
ITM-10004967,ORD-1001987,PRD-10182,3,15.75,10
ITM-10004968,ORD-1001987,PRD-10183,1,16.00,15
ITM-10004969,ORD-1001987,PRD-10184,2,17.25,20
ITM-10004970,ORD-1001988,PRD-10185,3,18.50,0
ITM-10004971,ORD-1001988,PRD-10186,1,19.75,5
ITM-10004972,ORD-1001989,PRD-10187,2,20.00,10
ITM-10004973,ORD-1001989,PRD-10188,3,21.25,15
ITM-10004974,ORD-1001989,PRD-10189,1,22.50,20
ITM-10004975,ORD-1001990,PRD-10190,2,23.75,0
ITM-10004976,ORD-1001990,PRD-10191,3,24.00,5
ITM-10004977,ORD-1001991,PRD-10192,1,25.25,10
ITM-10004978,ORD-1001991,PRD-10193,2,26.50,15
ITM-10004979,ORD-1001991,PRD-10194,3,27.75,20
ITM-10004980,ORD-1001992,PRD-10195,1,28.00,0
ITM-10004981,ORD-1001992,PRD-10196,2,29.25,5
ITM-10004982,ORD-1001993,PRD-10197,3,30.50,10
ITM-10004983,ORD-1001993,PRD-10198,1,31.75,15
ITM-10004984,ORD-1001993,PRD-10199,2,32.00,20
ITM-10004985,ORD-1001994,PRD-10200,3,33.25,0
ITM-10004986,ORD-1001994,PRD-10201,1,34.50,5
ITM-10004987,ORD-1001995,PRD-10202,2,35.75,10
ITM-10004988,ORD-1001995,PRD-10203,3,36.00,15
ITM-10004989,ORD-1001995,PRD-10204,1,37.25,20
ITM-10004990,ORD-1001996,PRD-10205,2,38.50,0
ITM-10004991,ORD-1001996,PRD-10206,3,39.75,5
ITM-10004992,ORD-1001997,PRD-10207,1,40.00,10
ITM-10004993,ORD-1001997,PRD-10208,2,41.25,15
ITM-10004994,ORD-1001997,PRD-10209,3,42.50,20
ITM-10004995,ORD-1001998,PRD-10025,1,43.75,0
ITM-10004996,ORD-1001998,PRD-10026,2,44.00,5
ITM-10004997,ORD-1001999,PRD-10027,3,45.25,10
ITM-10004998,ORD-1001999,PRD-10028,1,46.50,15
ITM-10004999,ORD-1001999,PRD-10029,2,47.75,20
ITM-10005000,ORD-1000200,PRD-10030,3,8.00,0
ITM-10005001,ORD-1000200,PRD-10031,1,9.25,5
ITM-10005002,ORD-1000201,PRD-10032,2,10.50,10
ITM-10005003,ORD-1000201,PRD-10033,3,11.75,15
ITM-10005004,ORD-1000201,PRD-10034,1,12.00,20
ITM-10005005,ORD-1000202,PRD-10035,2,13.25,0
ITM-10005006,ORD-1000202,PRD-10036,3,14.50,5
ITM-10005007,ORD-1000203,PRD-10037,1,15.75,10
ITM-10005008,ORD-1000203,PRD-10038,2,16.00,15
ITM-10005009,ORD-1000203,PRD-10039,3,17.25,20
ITM-10005010,ORD-1000204,PRD-10040,1,18.50,0
ITM-10005011,ORD-1000204,PRD-10041,2,19.75,5
ITM-10005012,ORD-1000205,PRD-10042,3,20.00,10
ITM-10005013,ORD-1000205,PRD-10043,1,21.25,15
ITM-10005014,ORD-1000205,PRD-10044,2,22.50,20
ITM-10005015,ORD-1000206,PRD-10045,3,23.75,0
ITM-10005016,ORD-1000206,PRD-10046,1,24.00,5
ITM-10005017,ORD-1000207,PRD-10047,2,25.25,10
ITM-10005018,ORD-1000207,PRD-10048,3,26.50,15
ITM-10005019,ORD-1000207,PRD-10049,1,27.75,20
ITM-10005020,ORD-1000208,PRD-10050,2,28.00,0
ITM-10005021,ORD-1000208,PRD-10051,3,29.25,5
ITM-10005022,ORD-1000209,PRD-10052,1,30.50,10
ITM-10005023,ORD-1000209,PRD-10053,2,31.75,15
ITM-10005024,ORD-1000209,PRD-10054,3,32.00,20
ITM-10005025,ORD-1000210,PRD-10055,1,33.25,0
ITM-10005026,ORD-1000210,PRD-10056,2,34.50,5
ITM-10005027,ORD-1000211,PRD-10057,3,35.75,10
ITM-10005028,ORD-1000211,PRD-10058,1,36.00,15
ITM-10005029,ORD-1000211,PRD-10059,2,37.25,20
ITM-10005030,ORD-1000212,PRD-10060,3,38.50,0
ITM-10005031,ORD-1000212,PRD-10061,1,39.75,5
ITM-10005032,ORD-1000213,PRD-10062,2,40.00,10
ITM-10005033,ORD-1000213,PRD-10063,3,41.25,15
ITM-10005034,ORD-1000213,PRD-10064,1,42.50,20
ITM-10005035,ORD-1000214,PRD-10065,2,43.75,0
ITM-10005036,ORD-1000214,PRD-10066,3,44.00,5
ITM-10000400,ORD-1000160,PRD-10055,2,8.00,
ITM-10000401,ORD-1000160,PRD-10056,3,9.25,
ITM-10000402,ORD-1000161,PRD-10057,1,10.50,
ITM-10000403,ORD-1000161,PRD-10058,2,11.75,
ITM-10000404,ORD-1000161,PRD-10059,3,12.00,
ITM-10000405,ORD-1000162,PRD-10060,1,13.25,
ITM-10000406,ORD-1000162,PRD-10061,2,14.50,
ITM-10000407,ORD-1000163,PRD-10062,3,15.75,
,ORD-1000200,PRD-10155,3,28.00,0
,ORD-1000200,PRD-10155,3,28.00,0
,ORD-1000200,PRD-10155,3,28.00,0
,ORD-1000200,PRD-10155,3,28.00,0
,ORD-1000200,PRD-10155,3,28.00,0
